area,date,weather_condition,temperature,max_temperature,min_temperature,amount_of_precipitation
Tokyo,2015-01-01,sunny,8.2,13.0,6.0,0.0
Tokyo,2015-01-02,sunny,5.7,9.5,2.8,0.0
Tokyo,2015-01-03,sunny,6.9,12.5,2.7,0.0
Tokyo,2015-01-04,sunny,6.2,9.8,3.7,0.0
Tokyo,2015-01-05,sunny,8.8,12.7,3.9,0.0
Tokyo,2015-01-06,cloudy,7.5,10.5,5.2,0.0
Tokyo,2015-01-07,sunny,8.4,12.5,5.4,0.0
Tokyo,2015-01-08,sunny,8.1,12.8,3.2,0.0
Tokyo,2015-01-09,sunny,5.7,11.2,3.5,0.0
Tokyo,2015-01-10,sunny,8.3,12.8,5.4,0.0
Tokyo,2015-01-11,sunny,6.6,12.4,4.7,0.0
Tokyo,2015-01-12,cloudy,6.7,8.4,3.2,0.0
Tokyo,2015-01-13,sunny,7.3,12.5,2.7,0.0
Tokyo,2015-01-14,sunny,5.6,11.7,3.1,0.0
Tokyo,2015-01-15,sunny,7.1,10.8,3.8,0.0
Tokyo,2015-01-16,sunny,7.7,12.1,4.9,0.0
Tokyo,2015-01-17,sunny,5.9,10.1,2.9,0.0
Tokyo,2015-01-18,rainy,6.4,7.7,4.6,21.27
Tokyo,2015-01-19,rainy,3.4,4.4,3.3,26.68
Tokyo,2015-01-20,sunny,5.0,10.9,3.2,0.0
Tokyo,2015-01-21,sunny,6.0,13.4,2.6,0.0
Tokyo,2015-01-22,sunny,5.4,10.8,2.4,0.0
Tokyo,2015-01-23,sunny,5.6,11.2,2.6,0.0
Tokyo,2015-01-24,sunny,6.0,11.0,1.7,0.0
Tokyo,2015-01-25,sunny,7.3,11.9,2.8,0.0
Tokyo,2015-01-26,sunny,4.9,9.5,2.4,0.0
Tokyo,2015-01-27,sunny,5.7,10.7,3.5,0.0
Tokyo,2015-01-28,sunny,7.7,11.7,6.4,0.0
Tokyo,2015-01-29,sunny,6.4,9.8,4.1,0.0
Tokyo,2015-01-30,sunny,6.3,10.7,2.9,0.0
Tokyo,2015-01-31,sunny,7.5,13.6,4.0,0.0
Tokyo,2015-02-01,sunny,6.6,13.4,3.0,0.0
Tokyo,2015-02-02,sunny,6.0,11.9,2.9,0.0
Tokyo,2015-02-03,sunny,5.2,10.5,4.3,0.0
Tokyo,2015-02-04,sunny,7.4,12.6,3.3,0.0
Tokyo,2015-02-05,sunny,5.3,9.6,4.3,0.0
Tokyo,2015-02-06,sunny,5.9,11.1,3.2,0.0
Tokyo,2015-02-07,sunny,6.4,12.9,3.1,0.0
Tokyo,2015-02-08,sunny,5.1,8.9,2.6,0.0
Tokyo,2015-02-09,sunny,4.5,8.8,1.3,0.0
Tokyo,2015-02-10,sunny,5.9,10.9,3.0,0.0
Tokyo,2015-02-11,sunny,7.3,11.9,4.5,0.0
Tokyo,2015-02-12,sunny,5.4,11.4,1.7,0.0
Tokyo,2015-02-13,sunny,6.3,12.5,0.9,0.0
Tokyo,2015-02-14,sunny,5.9,11.0,3.1,0.0
Tokyo,2015-02-15,sunny,6.0,10.3,3.0,0.0
Tokyo,2015-02-16,sunny,4.6,8.1,1.1,0.0
Tokyo,2015-02-17,sunny,6.8,13.3,2.2,0.0
Tokyo,2015-02-18,sunny,5.7,10.4,-0.4,0.0
Tokyo,2015-02-19,cloudy,5.5,7.9,2.7,0.0
Tokyo,2015-02-20,rainy,3.5,7.0,2.3,15.03
Tokyo,2015-02-21,sunny,4.6,10.8,2.1,0.0
Tokyo,2015-02-22,cloudy,7.1,10.2,4.6,0.0
Tokyo,2015-02-23,sunny,7.2,12.4,4.0,0.0
Tokyo,2015-02-24,rainy,7.1,9.2,5.3,21.51
Tokyo,2015-02-25,rainy,6.5,7.6,5.1,45.78
Tokyo,2015-02-26,sunny,6.9,12.0,4.4,0.0
Tokyo,2015-02-27,rainy,5.4,5.4,3.7,30.41
Tokyo,2015-02-28,sunny,6.2,10.6,3.3,0.0
Tokyo,2015-03-01,sunny,5.9,10.7,3.2,0.0
Tokyo,2015-03-02,sunny,7.2,12.1,2.4,0.0
Tokyo,2015-03-03,sunny,6.7,13.2,4.0,0.0
Tokyo,2015-03-04,cloudy,6.1,8.0,3.3,0.0
Tokyo,2015-03-05,sunny,6.6,9.8,3.3,0.0
Tokyo,2015-03-06,sunny,6.9,10.7,4.0,0.0
Tokyo,2015-03-07,sunny,6.5,10.1,2.5,0.0
Tokyo,2015-03-08,sunny,8.3,13.5,5.1,0.0
Tokyo,2015-03-09,sunny,6.2,10.4,3.7,0.0
Tokyo,2015-03-10,sunny,7.9,13.1,4.7,0.0
Tokyo,2015-03-11,sunny,7.2,14.0,3.3,0.0
Tokyo,2015-03-12,sunny,7.6,12.7,2.7,0.0
Tokyo,2015-03-13,rainy,4.4,6.0,2.5,15.08
Tokyo,2015-03-14,rainy,5.4,6.4,4.5,9.61
Tokyo,2015-03-15,sunny,8.5,14.9,6.1,0.0
Tokyo,2015-03-16,rainy,8.3,11.7,7.5,23.61
Tokyo,2015-03-17,sunny,8.3,13.2,4.5,0.0
Tokyo,2015-03-18,sunny,9.1,10.8,3.9,0.0
Tokyo,2015-03-19,cloudy,9.6,11.4,8.0,0.0
Tokyo,2015-03-20,cloudy,10.2,13.6,9.1,0.0
Tokyo,2015-03-21,sunny,8.9,15.5,5.2,0.0
Tokyo,2015-03-22,sunny,10.6,15.4,6.6,0.0
Tokyo,2015-03-23,sunny,10.3,14.4,7.1,0.0
Tokyo,2015-03-24,rainy,7.8,9.0,5.0,7.2
Tokyo,2015-03-25,rainy,7.4,8.4,6.2,11.48
Tokyo,2015-03-26,rainy,8.1,9.1,7.9,19.81
Tokyo,2015-03-27,rainy,9.8,9.9,9.0,21.44
Tokyo,2015-03-28,sunny,9.7,15.5,4.6,0.0
Tokyo,2015-03-29,sunny,8.9,14.0,6.5,0.0
Tokyo,2015-03-30,sunny,11.2,16.2,7.8,0.0
Tokyo,2015-03-31,cloudy,10.8,14.1,9.1,0.0
Tokyo,2015-04-01,sunny,12.4,18.4,7.1,0.0
Tokyo,2015-04-02,sunny,12.9,16.9,10.4,0.0
Tokyo,2015-04-03,sunny,12.2,15.9,9.9,0.0
Tokyo,2015-04-04,sunny,13.1,17.9,9.7,0.0
Tokyo,2015-04-05,cloudy,12.9,17.9,10.7,0.0
Tokyo,2015-04-06,sunny,12.2,15.9,9.7,0.0
Tokyo,2015-04-07,sunny,13.3,16.0,9.8,0.0
Tokyo,2015-04-08,sunny,13.8,19.2,10.5,0.0
Tokyo,2015-04-09,sunny,14.2,19.2,11.9,0.0
Tokyo,2015-04-10,sunny,12.6,17.9,9.6,0.0
Tokyo,2015-04-11,sunny,13.1,18.7,11.1,0.0
Tokyo,2015-04-12,sunny,12.4,17.3,8.2,0.0
Tokyo,2015-04-13,sunny,13.0,17.7,9.5,0.0
Tokyo,2015-04-14,sunny,14.5,21.3,10.4,0.0
Tokyo,2015-04-15,rainy,13.2,13.2,12.5,34.19
Tokyo,2015-04-16,sunny,13.6,18.4,10.4,0.0
Tokyo,2015-04-17,sunny,12.8,17.2,9.9,0.0
Tokyo,2015-04-18,sunny,14.2,18.0,11.1,0.0
Tokyo,2015-04-19,sunny,13.6,17.1,11.1,0.0
Tokyo,2015-04-20,sunny,15.0,20.4,13.0,0.0
Tokyo,2015-04-21,sunny,14.1,17.6,9.9,0.0
Tokyo,2015-04-22,cloudy,15.6,16.3,14.6,0.0
Tokyo,2015-04-23,sunny,16.2,20.8,14.5,0.0
Tokyo,2015-04-24,sunny,15.4,18.8,11.8,0.0
Tokyo,2015-04-25,cloudy,16.9,20.4,14.3,0.0
Tokyo,2015-04-26,sunny,16.9,21.1,12.5,0.0
Tokyo,2015-04-27,sunny,16.4,21.6,14.7,0.0
Tokyo,2015-04-28,sunny,17.5,23.2,13.8,0.0
Tokyo,2015-04-29,rainy,18.3,18.6,17.5,19.64
Tokyo,2015-04-30,sunny,15.8,22.1,14.6,0.0
Tokyo,2015-05-01,cloudy,14.9,17.3,13.1,0.0
Tokyo,2015-05-02,sunny,18.3,23.9,16.2,0.0
Tokyo,2015-05-03,sunny,17.4,22.4,14.1,0.0
Tokyo,2015-05-04,sunny,18.3,24.3,16.0,0.0
Tokyo,2015-05-05,sunny,17.5,22.6,14.9,0.0
Tokyo,2015-05-06,sunny,17.6,21.9,14.3,0.0
Tokyo,2015-05-07,sunny,18.3,23.8,17.4,0.0
Tokyo,2015-05-08,sunny,17.9,25.0,14.2,0.0
Tokyo,2015-05-09,sunny,19.2,24.5,15.8,0.0
Tokyo,2015-05-10,sunny,17.9,22.4,14.6,0.0
Tokyo,2015-05-11,sunny,17.4,24.4,14.4,0.0
Tokyo,2015-05-12,cloudy,18.8,19.3,15.2,0.0
Tokyo,2015-05-13,rainy,20.2,20.5,18.0,13.99
Tokyo,2015-05-14,sunny,19.6,23.4,16.1,0.0
Tokyo,2015-05-15,rainy,18.7,18.9,17.4,13.33
Tokyo,2015-05-16,rainy,19.8,21.1,18.1,50.92
Tokyo,2015-05-17,cloudy,20.5,22.8,16.5,0.0
Tokyo,2015-05-18,sunny,19.9,25.6,16.9,0.0
Tokyo,2015-05-19,cloudy,21.1,21.2,18.7,0.0
Tokyo,2015-05-20,cloudy,21.1,22.2,18.5,0.0
Tokyo,2015-05-21,sunny,22.3,27.5,19.8,0.0
Tokyo,2015-05-22,sunny,22.0,26.2,19.4,0.0
Tokyo,2015-05-23,sunny,21.1,27.3,18.6,0.0
Tokyo,2015-05-24,rainy,22.4,22.4,21.9,7.64
Tokyo,2015-05-25,sunny,22.9,26.8,18.9,0.0
Tokyo,2015-05-26,sunny,21.7,25.0,16.8,0.0
Tokyo,2015-05-27,sunny,21.2,25.2,18.3,0.0
Tokyo,2015-05-28,sunny,23.5,28.7,21.6,0.0
Tokyo,2015-05-29,sunny,22.8,27.8,19.0,0.0
Tokyo,2015-05-30,sunny,23.1,28.6,19.8,0.0
Tokyo,2015-05-31,sunny,24.7,30.4,20.8,0.0
Tokyo,2015-06-01,rainy,22.4,23.2,20.7,21.03
Tokyo,2015-06-02,cloudy,24.5,24.7,22.8,0.0
Tokyo,2015-06-03,sunny,24.3,29.6,21.8,0.0
Tokyo,2015-06-04,sunny,26.1,32.2,25.5,0.0
Tokyo,2015-06-05,sunny,24.6,31.3,21.5,0.0
Tokyo,2015-06-06,sunny,23.9,29.2,19.7,0.0
Tokyo,2015-06-07,rainy,22.9,26.3,20.2,25.21
Tokyo,2015-06-08,rainy,24.9,26.8,24.1,19.37
Tokyo,2015-06-09,sunny,25.9,30.3,21.8,0.0
Tokyo,2015-06-10,sunny,25.4,30.8,23.7,0.0
Tokyo,2015-06-11,rainy,25.0,27.0,23.5,15.01
Tokyo,2015-06-12,rainy,25.2,28.0,25.0,37.56
Tokyo,2015-06-13,sunny,26.7,31.0,23.2,0.0
Tokyo,2015-06-14,sunny,25.2,32.0,20.0,0.0
Tokyo,2015-06-15,rainy,27.9,29.2,27.4,35.5
Tokyo,2015-06-16,rainy,23.6,23.9,22.1,29.37
Tokyo,2015-06-17,cloudy,24.2,27.3,21.5,0.0
Tokyo,2015-06-18,sunny,26.1,31.5,24.5,0.0
Tokyo,2015-06-19,sunny,27.3,32.2,24.5,0.0
Tokyo,2015-06-20,rainy,26.4,27.6,26.1,30.7
Tokyo,2015-06-21,rainy,26.0,27.0,25.1,34.27
Tokyo,2015-06-22,sunny,26.7,31.9,26.4,0.0
Tokyo,2015-06-23,sunny,26.9,31.9,23.9,0.0
Tokyo,2015-06-24,sunny,27.2,34.2,23.3,0.0
Tokyo,2015-06-25,sunny,29.6,33.0,25.2,0.0
Tokyo,2015-06-26,sunny,30.1,34.1,27.8,0.0
Tokyo,2015-06-27,cloudy,29.1,32.6,27.9,0.0
Tokyo,2015-06-28,rainy,29.0,30.0,28.5,20.95
Tokyo,2015-06-29,rainy,27.0,28.1,26.9,14.87
Tokyo,2015-06-30,sunny,26.6,31.1,25.0,0.0
Tokyo,2015-07-01,sunny,28.3,31.9,25.8,0.0
Tokyo,2015-07-02,cloudy,29.7,32.1,28.6,0.0
Tokyo,2015-07-03,cloudy,28.5,29.9,27.2,0.0
Tokyo,2015-07-04,cloudy,29.2,29.8,28.4,0.0
Tokyo,2015-07-05,sunny,29.1,34.5,26.6,0.0
Tokyo,2015-07-06,cloudy,27.6,29.3,26.8,0.0
Tokyo,2015-07-07,rainy,28.5,29.7,28.4,7.75
Tokyo,2015-07-08,rainy,29.4,32.4,29.1,50.91
Tokyo,2015-07-09,rainy,30.9,32.2,29.6,25.68
Tokyo,2015-07-10,sunny,30.2,36.0,27.8,0.0
Tokyo,2015-07-11,cloudy,30.1,31.7,27.8,0.0
Tokyo,2015-07-12,sunny,29.9,35.9,27.7,0.0
Tokyo,2015-07-13,sunny,30.6,35.4,26.1,0.0
Tokyo,2015-07-14,sunny,29.6,34.5,25.5,0.0
Tokyo,2015-07-15,sunny,31.4,37.8,29.0,0.0
Tokyo,2015-07-16,sunny,32.4,37.1,27.8,0.0
Tokyo,2015-07-17,sunny,32.0,38.2,28.3,0.0
Tokyo,2015-07-18,sunny,32.8,38.2,29.2,0.0
Tokyo,2015-07-19,sunny,31.3,36.1,28.8,0.0
Tokyo,2015-07-20,sunny,31.2,36.4,26.5,0.0
Tokyo,2015-07-21,sunny,31.0,37.3,28.9,0.0
Tokyo,2015-07-22,rainy,30.7,32.3,29.9,11.47
Tokyo,2015-07-23,rainy,26.9,27.5,25.5,18.76
Tokyo,2015-07-24,sunny,30.6,33.4,28.2,0.0
Tokyo,2015-07-25,cloudy,31.7,32.8,29.9,0.0
Tokyo,2015-07-26,sunny,31.6,36.4,30.0,0.0
Tokyo,2015-07-27,sunny,31.4,35.9,29.4,0.0
Tokyo,2015-07-28,sunny,31.6,34.9,28.5,0.0
Tokyo,2015-07-29,sunny,32.0,36.6,29.8,0.0
Tokyo,2015-07-30,sunny,30.4,36.1,28.3,0.0
Tokyo,2015-07-31,sunny,30.5,37.0,26.9,0.0
Tokyo,2015-08-01,sunny,32.1,37.0,30.0,0.0
Tokyo,2015-08-02,sunny,31.5,37.9,28.6,0.0
Tokyo,2015-08-03,sunny,31.8,38.2,28.1,0.0
Tokyo,2015-08-04,sunny,32.0,37.2,30.6,0.0
Tokyo,2015-08-05,sunny,30.4,36.3,28.5,0.0
Tokyo,2015-08-06,cloudy,31.0,33.4,28.7,0.0
Tokyo,2015-08-07,sunny,31.6,36.0,27.8,0.0
Tokyo,2015-08-08,sunny,31.1,34.3,25.5,0.0
Tokyo,2015-08-09,cloudy,33.3,37.5,32.1,0.0
Tokyo,2015-08-10,sunny,33.0,38.4,30.4,0.0
Tokyo,2015-08-11,sunny,30.8,37.4,28.7,0.0
Tokyo,2015-08-12,cloudy,30.4,34.9,29.2,0.0
Tokyo,2015-08-13,sunny,33.1,37.8,29.5,0.0
Tokyo,2015-08-14,sunny,31.6,36.0,29.3,0.0
Tokyo,2015-08-15,rainy,31.3,31.3,30.5,10.61
Tokyo,2015-08-16,sunny,30.7,34.8,28.3,0.0
Tokyo,2015-08-17,sunny,30.6,37.4,27.0,0.0
Tokyo,2015-08-18,sunny,32.7,38.0,29.4,0.0
Tokyo,2015-08-19,sunny,33.4,35.0,31.3,0.0
Tokyo,2015-08-20,rainy,29.7,29.9,29.6,14.76
Tokyo,2015-08-21,rainy,29.4,30.0,27.9,9.36
Tokyo,2015-08-22,sunny,30.2,36.3,27.0,0.0
Tokyo,2015-08-23,sunny,30.7,35.3,27.5,0.0
Tokyo,2015-08-24,sunny,32.4,35.6,29.4,0.0
Tokyo,2015-08-25,sunny,32.5,37.7,27.9,0.0
Tokyo,2015-08-26,sunny,31.2,36.8,28.7,0.0
Tokyo,2015-08-27,sunny,32.5,37.2,29.7,0.0
Tokyo,2015-08-28,rainy,30.5,30.8,29.0,5.75
Tokyo,2015-08-29,rainy,30.2,31.3,30.1,19.07
Tokyo,2015-08-30,sunny,33.0,38.3,30.1,0.0
Tokyo,2015-08-31,sunny,31.1,38.0,27.7,0.0
Tokyo,2015-09-01,sunny,30.7,36.5,27.8,0.0
Tokyo,2015-09-02,sunny,29.6,36.1,26.3,0.0
Tokyo,2015-09-03,sunny,28.5,34.2,26.3,0.0
Tokyo,2015-09-04,rainy,27.9,30.1,26.3,22.86
Tokyo,2015-09-05,sunny,29.2,34.4,25.7,0.0
Tokyo,2015-09-06,rainy,29.9,30.5,28.0,29.84
Tokyo,2015-09-07,sunny,29.3,34.4,27.2,0.0
Tokyo,2015-09-08,sunny,30.7,35.3,27.6,0.0
Tokyo,2015-09-09,sunny,31.1,36.1,28.2,0.0
Tokyo,2015-09-10,sunny,30.8,36.2,26.6,0.0
Tokyo,2015-09-11,cloudy,30.2,32.6,28.7,0.0
Tokyo,2015-09-12,cloudy,29.1,31.8,26.3,0.0
Tokyo,2015-09-13,cloudy,31.0,33.5,27.9,0.0
Tokyo,2015-09-14,sunny,28.2,34.2,24.8,0.0
Tokyo,2015-09-15,sunny,28.1,32.8,27.0,0.0
Tokyo,2015-09-16,sunny,29.0,34.3,28.4,0.0
Tokyo,2015-09-17,sunny,28.0,32.4,21.5,0.0
Tokyo,2015-09-18,rainy,28.3,29.4,25.1,22.71
Tokyo,2015-09-19,rainy,26.6,28.9,25.0,23.85
Tokyo,2015-09-20,sunny,28.1,31.8,24.4,0.0
Tokyo,2015-09-21,sunny,28.6,35.3,23.1,0.0
Tokyo,2015-09-22,sunny,29.3,35.4,26.9,0.0
Tokyo,2015-09-23,sunny,29.2,33.0,26.5,0.0
Tokyo,2015-09-24,sunny,31.1,38.1,26.9,0.0
Tokyo,2015-09-25,sunny,28.5,33.0,26.2,0.0
Tokyo,2015-09-26,sunny,25.5,32.1,20.5,0.0
Tokyo,2015-09-27,sunny,29.2,32.8,28.0,0.0
Tokyo,2015-09-28,rainy,26.3,28.5,24.8,10.36
Tokyo,2015-09-29,rainy,24.1,25.1,23.0,21.73
Tokyo,2015-09-30,rainy,27.6,28.1,25.5,12.13
Tokyo,2015-10-01,sunny,27.5,32.1,24.1,0.0
Tokyo,2015-10-02,sunny,25.6,32.3,22.0,0.0
Tokyo,2015-10-03,sunny,25.6,29.7,21.6,0.0
Tokyo,2015-10-04,sunny,26.1,32.0,23.1,0.0
Tokyo,2015-10-05,sunny,25.8,31.2,21.8,0.0
Tokyo,2015-10-06,sunny,26.5,32.8,22.9,0.0
Tokyo,2015-10-07,sunny,26.5,32.2,22.3,0.0
Tokyo,2015-10-08,sunny,26.9,32.6,25.0,0.0
Tokyo,2015-10-09,rainy,22.6,24.5,21.1,17.81
Tokyo,2015-10-10,sunny,23.8,26.8,20.4,0.0
Tokyo,2015-10-11,sunny,24.1,30.4,23.5,0.0
Tokyo,2015-10-12,sunny,23.7,31.6,21.3,0.0
Tokyo,2015-10-13,sunny,24.1,29.0,22.5,0.0
Tokyo,2015-10-14,cloudy,24.5,25.2,22.5,0.0
Tokyo,2015-10-15,rainy,23.6,24.3,22.8,9.91
Tokyo,2015-10-16,sunny,21.5,24.5,16.8,0.0
Tokyo,2015-10-17,sunny,23.8,28.5,20.4,0.0
Tokyo,2015-10-18,sunny,23.9,28.2,21.4,0.0
Tokyo,2015-10-19,cloudy,24.2,25.8,21.2,0.0
Tokyo,2015-10-20,sunny,21.4,26.7,18.0,0.0
Tokyo,2015-10-21,sunny,21.9,26.1,19.7,0.0
Tokyo,2015-10-22,sunny,24.7,31.1,21.2,0.0
Tokyo,2015-10-23,sunny,22.7,26.0,17.7,0.0
Tokyo,2015-10-24,sunny,23.2,27.2,20.5,0.0
Tokyo,2015-10-25,sunny,21.9,28.2,17.2,0.0
Tokyo,2015-10-26,sunny,21.9,27.7,19.3,0.0
Tokyo,2015-10-27,sunny,21.2,25.9,15.9,0.0
Tokyo,2015-10-28,sunny,20.8,26.6,17.0,0.0
Tokyo,2015-10-29,sunny,21.4,25.5,18.8,0.0
Tokyo,2015-10-30,cloudy,20.1,22.9,17.8,0.0
Tokyo,2015-10-31,sunny,19.1,24.0,14.3,0.0
Tokyo,2015-11-01,sunny,19.1,23.1,15.6,0.0
Tokyo,2015-11-02,sunny,19.4,25.0,17.2,0.0
Tokyo,2015-11-03,sunny,17.5,22.7,14.2,0.0
Tokyo,2015-11-04,sunny,18.7,23.5,14.8,0.0
Tokyo,2015-11-05,cloudy,20.7,21.9,16.6,0.0
Tokyo,2015-11-06,sunny,20.3,22.7,17.2,0.0
Tokyo,2015-11-07,rainy,19.1,19.9,18.2,14.64
Tokyo,2015-11-08,rainy,18.7,19.5,17.0,21.95
Tokyo,2015-11-09,sunny,18.9,24.4,15.9,0.0
Tokyo,2015-11-10,sunny,19.0,24.4,15.1,0.0
Tokyo,2015-11-11,sunny,18.0,22.9,15.1,0.0
Tokyo,2015-11-12,sunny,16.7,21.1,15.3,0.0
Tokyo,2015-11-13,sunny,16.4,22.3,13.4,0.0
Tokyo,2015-11-14,rainy,17.4,18.1,17.4,11.32
Tokyo,2015-11-15,rainy,15.2,15.8,13.0,23.45
Tokyo,2015-11-16,sunny,17.1,21.7,14.4,0.0
Tokyo,2015-11-17,sunny,16.8,24.2,13.9,0.0
Tokyo,2015-11-18,sunny,17.0,22.5,13.3,0.0
Tokyo,2015-11-19,sunny,15.5,19.6,12.8,0.0
Tokyo,2015-11-20,sunny,16.8,20.8,13.2,0.0
Tokyo,2015-11-21,sunny,17.1,22.6,13.3,0.0
Tokyo,2015-11-22,sunny,15.3,20.0,12.7,0.0
Tokyo,2015-11-23,sunny,15.3,21.5,12.3,0.0
Tokyo,2015-11-24,sunny,15.5,19.2,12.5,0.0
Tokyo,2015-11-25,sunny,15.7,20.9,14.0,0.0
Tokyo,2015-11-26,sunny,15.9,24.0,13.8,0.0
Tokyo,2015-11-27,sunny,13.9,19.7,9.0,0.0
Tokyo,2015-11-28,sunny,15.3,20.5,11.3,0.0
Tokyo,2015-11-29,sunny,15.7,20.8,12.3,0.0
Tokyo,2015-11-30,rainy,14.4,15.4,13.8,21.49
Tokyo,2015-12-01,sunny,14.1,19.9,8.4,0.0
Tokyo,2015-12-02,sunny,14.0,17.2,10.0,0.0
Tokyo,2015-12-03,cloudy,14.0,15.9,12.0,0.0
Tokyo,2015-12-04,sunny,12.9,16.9,10.4,0.0
Tokyo,2015-12-05,sunny,14.6,19.9,11.5,0.0
Tokyo,2015-12-06,sunny,11.9,17.9,10.2,0.0
Tokyo,2015-12-07,sunny,12.0,18.4,9.6,0.0
Tokyo,2015-12-08,sunny,13.4,17.5,9.8,0.0
Tokyo,2015-12-09,sunny,11.7,15.3,7.4,0.0
Tokyo,2015-12-10,sunny,13.3,17.6,10.4,0.0
Tokyo,2015-12-11,sunny,12.4,17.1,8.5,0.0
Tokyo,2015-12-12,sunny,12.2,17.9,11.3,0.0
Tokyo,2015-12-13,sunny,12.7,17.3,9.8,0.0
Tokyo,2015-12-14,sunny,11.4,15.5,8.7,0.0
Tokyo,2015-12-15,sunny,11.2,15.3,6.0,0.0
Tokyo,2015-12-16,sunny,9.5,14.0,6.6,0.0
Tokyo,2015-12-17,sunny,9.6,13.7,6.9,0.0
Tokyo,2015-12-18,sunny,9.2,14.7,5.8,0.0
Tokyo,2015-12-19,sunny,10.9,15.4,8.0,0.0
Tokyo,2015-12-20,sunny,9.4,13.0,6.8,0.0
Tokyo,2015-12-21,sunny,8.5,13.7,6.9,0.0
Tokyo,2015-12-22,sunny,9.9,15.0,6.9,0.0
Tokyo,2015-12-23,sunny,9.3,13.7,6.7,0.0
Tokyo,2015-12-24,sunny,10.6,15.4,8.5,0.0
Tokyo,2015-12-25,sunny,10.1,15.7,7.7,0.0
Tokyo,2015-12-26,cloudy,9.9,10.3,7.9,0.0
Tokyo,2015-12-27,sunny,9.1,14.4,5.3,0.0
Tokyo,2015-12-28,sunny,10.0,14.1,7.7,0.0
Tokyo,2015-12-29,sunny,10.3,17.1,8.1,0.0
Tokyo,2015-12-30,sunny,9.2,13.2,6.7,0.0
Tokyo,2015-12-31,sunny,9.6,12.1,6.9,0.0
Tokyo,2016-01-01,sunny,9.0,13.3,4.8,0.0
Tokyo,2016-01-02,sunny,6.5,9.9,4.8,0.0
Tokyo,2016-01-03,sunny,10.1,16.3,7.2,0.0
Tokyo,2016-01-04,sunny,8.9,12.3,7.1,0.0
Tokyo,2016-01-05,sunny,8.2,12.8,4.9,0.0
Tokyo,2016-01-06,sunny,7.0,11.5,3.8,0.0
Tokyo,2016-01-07,sunny,7.6,11.3,4.7,0.0
Tokyo,2016-01-08,sunny,7.1,15.1,4.8,0.0
Tokyo,2016-01-09,sunny,7.6,11.5,4.8,0.0
Tokyo,2016-01-10,sunny,7.4,13.6,3.1,0.0
Tokyo,2016-01-11,sunny,6.5,11.1,3.7,0.0
Tokyo,2016-01-12,sunny,7.1,12.0,4.2,0.0
Tokyo,2016-01-13,sunny,4.2,9.8,2.4,0.0
Tokyo,2016-01-14,sunny,3.8,7.7,0.0,0.0
Tokyo,2016-01-15,sunny,6.6,10.8,2.8,0.0
Tokyo,2016-01-16,sunny,6.7,11.8,3.3,0.0
Tokyo,2016-01-17,sunny,7.8,13.2,3.7,0.0
Tokyo,2016-01-18,sunny,6.1,9.3,5.1,0.0
Tokyo,2016-01-19,rainy,6.0,7.1,4.5,15.5
Tokyo,2016-01-20,rainy,7.2,8.5,6.5,25.87
Tokyo,2016-01-21,cloudy,6.5,11.1,5.6,0.0
Tokyo,2016-01-22,sunny,6.2,11.0,2.8,0.0
Tokyo,2016-01-23,sunny,5.8,12.4,2.5,0.0
Tokyo,2016-01-24,sunny,6.6,11.5,3.2,0.0
Tokyo,2016-01-25,sunny,4.8,9.4,1.6,0.0
Tokyo,2016-01-26,sunny,6.8,10.4,4.7,0.0
Tokyo,2016-01-27,sunny,5.8,11.9,3.3,0.0
Tokyo,2016-01-28,sunny,6.6,11.7,3.8,0.0
Tokyo,2016-01-29,sunny,7.1,12.2,4.1,0.0
Tokyo,2016-01-30,sunny,6.1,11.2,3.3,0.0
Tokyo,2016-01-31,sunny,6.3,10.0,5.3,0.0
Tokyo,2016-02-01,sunny,3.8,7.9,1.1,0.0
Tokyo,2016-02-02,sunny,5.1,10.0,1.9,0.0
Tokyo,2016-02-03,sunny,6.4,10.7,2.5,0.0
Tokyo,2016-02-04,sunny,5.5,11.4,3.8,0.0
Tokyo,2016-02-05,sunny,4.9,9.7,2.2,0.0
Tokyo,2016-02-06,cloudy,4.8,6.1,4.6,0.0
Tokyo,2016-02-07,sunny,3.8,8.6,1.0,0.0
Tokyo,2016-02-08,sunny,5.6,9.8,1.0,0.0
Tokyo,2016-02-09,sunny,5.8,12.3,2.1,0.0
Tokyo,2016-02-10,sunny,7.7,13.6,3.7,0.0
Tokyo,2016-02-11,sunny,7.5,11.7,6.0,0.0
Tokyo,2016-02-12,rainy,5.9,7.4,5.9,22.61
Tokyo,2016-02-13,rainy,5.2,6.3,3.4,22.27
Tokyo,2016-02-14,rainy,5.4,5.9,4.2,34.9
Tokyo,2016-02-15,sunny,6.8,12.4,5.7,0.0
Tokyo,2016-02-16,sunny,6.1,11.2,2.6,0.0
Tokyo,2016-02-17,sunny,5.9,10.1,2.0,0.0
Tokyo,2016-02-18,sunny,5.5,8.6,1.8,0.0
Tokyo,2016-02-19,sunny,8.3,13.9,5.2,0.0
Tokyo,2016-02-20,sunny,7.3,11.8,5.2,0.0
Tokyo,2016-02-21,sunny,5.5,10.7,1.9,0.0
Tokyo,2016-02-22,sunny,5.2,10.3,2.2,0.0
Tokyo,2016-02-23,sunny,6.0,10.8,3.2,0.0
Tokyo,2016-02-24,sunny,4.2,10.3,1.0,0.0
Tokyo,2016-02-25,rainy,4.2,4.6,3.4,16.14
Tokyo,2016-02-26,sunny,5.5,11.5,3.1,0.0
Tokyo,2016-02-27,cloudy,6.1,7.9,4.8,0.0
Tokyo,2016-02-28,sunny,7.6,12.3,3.2,0.0
Tokyo,2016-02-29,sunny,8.3,14.5,4.4,0.0
Tokyo,2016-03-01,sunny,7.3,10.4,3.0,0.0
Tokyo,2016-03-02,sunny,7.7,12.4,3.6,0.0
Tokyo,2016-03-03,sunny,6.6,10.5,3.8,0.0
Tokyo,2016-03-04,sunny,8.6,13.1,7.0,0.0
Tokyo,2016-03-05,sunny,8.9,13.9,6.0,0.0
Tokyo,2016-03-06,sunny,7.6,12.3,6.2,0.0
Tokyo,2016-03-07,sunny,7.3,13.7,2.3,0.0
Tokyo,2016-03-08,sunny,7.5,13.4,2.6,0.0
Tokyo,2016-03-09,sunny,8.4,12.7,4.6,0.0
Tokyo,2016-03-10,sunny,8.0,13.1,7.0,0.0
Tokyo,2016-03-11,sunny,8.5,13.7,3.2,0.0
Tokyo,2016-03-12,sunny,9.3,12.0,5.9,0.0
Tokyo,2016-03-13,sunny,7.8,12.6,5.0,0.0
Tokyo,2016-03-14,sunny,7.7,13.7,4.0,0.0
Tokyo,2016-03-15,rainy,7.6,8.6,7.6,17.74
Tokyo,2016-03-16,rainy,9.3,9.4,8.5,35.73
Tokyo,2016-03-17,rainy,6.8,7.6,6.2,17.76
Tokyo,2016-03-18,sunny,10.1,15.8,7.8,0.0
Tokyo,2016-03-19,sunny,8.3,13.4,6.0,0.0
Tokyo,2016-03-20,cloudy,8.6,11.0,7.4,0.0
Tokyo,2016-03-21,sunny,9.5,14.6,5.5,0.0
Tokyo,2016-03-22,sunny,9.9,15.2,7.6,0.0
Tokyo,2016-03-23,sunny,8.6,13.4,3.6,0.0
Tokyo,2016-03-24,sunny,8.2,13.2,4.7,0.0
Tokyo,2016-03-25,sunny,9.5,16.1,6.0,0.0
Tokyo,2016-03-26,sunny,9.8,14.3,8.4,0.0
Tokyo,2016-03-27,sunny,9.0,17.0,6.1,0.0
Tokyo,2016-03-28,sunny,12.2,17.5,10.2,0.0
Tokyo,2016-03-29,rainy,8.5,9.7,8.4,15.74
Tokyo,2016-03-30,rainy,11.3,12.3,10.8,9.72
Tokyo,2016-03-31,sunny,11.3,16.2,8.9,0.0
Tokyo,2016-04-01,sunny,11.6,16.1,8.8,0.0
Tokyo,2016-04-02,sunny,12.6,16.6,9.0,0.0
Tokyo,2016-04-03,sunny,13.7,19.2,11.6,0.0
Tokyo,2016-04-04,sunny,12.5,15.9,9.7,0.0
Tokyo,2016-04-05,sunny,12.8,17.5,7.9,0.0
Tokyo,2016-04-06,sunny,13.1,19.5,11.3,0.0
Tokyo,2016-04-07,sunny,12.6,16.0,10.6,0.0
Tokyo,2016-04-08,sunny,13.9,19.4,11.5,0.0
Tokyo,2016-04-09,sunny,13.9,19.9,11.0,0.0
Tokyo,2016-04-10,sunny,11.9,17.5,8.5,0.0
Tokyo,2016-04-11,rainy,12.4,15.2,11.8,30.54
Tokyo,2016-04-12,rainy,11.9,15.7,9.0,16.22
Tokyo,2016-04-13,rainy,10.9,14.3,10.3,26.6
Tokyo,2016-04-14,sunny,15.1,20.5,11.1,0.0
Tokyo,2016-04-15,rainy,12.9,15.1,11.9,25.72
Tokyo,2016-04-16,sunny,12.9,16.6,11.1,0.0
Tokyo,2016-04-17,cloudy,15.4,18.7,13.6,0.0
Tokyo,2016-04-18,sunny,15.9,20.6,10.8,0.0
Tokyo,2016-04-19,sunny,14.9,20.7,10.4,0.0
Tokyo,2016-04-20,rainy,13.4,15.2,13.2,15.37
Tokyo,2016-04-21,cloudy,13.8,15.9,12.8,0.0
Tokyo,2016-04-22,sunny,16.0,21.1,12.4,0.0
Tokyo,2016-04-23,sunny,16.0,20.7,13.9,0.0
Tokyo,2016-04-24,sunny,16.7,21.5,14.0,0.0
Tokyo,2016-04-25,sunny,14.2,18.3,11.0,0.0
Tokyo,2016-04-26,sunny,15.1,18.9,10.9,0.0
Tokyo,2016-04-27,sunny,15.5,21.4,11.9,0.0
Tokyo,2016-04-28,sunny,17.4,23.7,15.6,0.0
Tokyo,2016-04-29,sunny,18.2,22.4,18.0,0.0
Tokyo,2016-04-30,sunny,17.0,21.2,15.4,0.0
Tokyo,2016-05-01,sunny,17.4,22.9,14.9,0.0
Tokyo,2016-05-02,cloudy,19.4,20.3,17.7,0.0
Tokyo,2016-05-03,sunny,19.3,24.1,14.4,0.0
Tokyo,2016-05-04,sunny,19.3,25.7,15.6,0.0
Tokyo,2016-05-05,sunny,19.4,25.3,16.7,0.0
Tokyo,2016-05-06,rainy,18.3,21.2,18.0,17.7
Tokyo,2016-05-07,sunny,20.7,25.9,16.5,0.0
Tokyo,2016-05-08,cloudy,20.9,22.9,18.5,0.0
Tokyo,2016-05-09,sunny,20.1,25.3,16.9,0.0
Tokyo,2016-05-10,sunny,18.9,23.0,14.5,0.0
Tokyo,2016-05-11,sunny,19.8,24.2,16.7,0.0
Tokyo,2016-05-12,sunny,20.0,26.5,17.7,0.0
Tokyo,2016-05-13,sunny,19.6,25.1,16.0,0.0
Tokyo,2016-05-14,sunny,20.5,25.6,18.4,0.0
Tokyo,2016-05-15,rainy,20.4,21.6,18.5,23.58
Tokyo,2016-05-16,rainy,22.2,24.7,21.0,14.63
Tokyo,2016-05-17,rainy,18.8,20.2,18.5,9.63
Tokyo,2016-05-18,sunny,21.4,26.2,15.9,0.0
Tokyo,2016-05-19,sunny,20.4,23.9,17.3,0.0
Tokyo,2016-05-20,cloudy,20.7,24.4,19.1,0.0
Tokyo,2016-05-21,cloudy,23.0,24.5,21.9,0.0
Tokyo,2016-05-22,sunny,22.7,27.4,20.8,0.0
Tokyo,2016-05-23,sunny,21.8,27.6,17.4,0.0
Tokyo,2016-05-24,sunny,21.1,25.6,17.9,0.0
Tokyo,2016-05-25,sunny,20.6,24.4,17.9,0.0
Tokyo,2016-05-26,rainy,20.7,22.9,20.4,4.83
Tokyo,2016-05-27,rainy,21.8,24.1,20.8,27.33
Tokyo,2016-05-28,sunny,23.3,28.9,20.6,0.0
Tokyo,2016-05-29,sunny,23.8,28.5,19.4,0.0
Tokyo,2016-05-30,sunny,24.2,30.1,22.1,0.0
Tokyo,2016-05-31,sunny,24.4,28.3,21.9,0.0
Tokyo,2016-06-01,sunny,23.4,28.4,18.7,0.0
Tokyo,2016-06-02,sunny,22.3,28.9,18.9,0.0
Tokyo,2016-06-03,sunny,22.8,27.3,19.4,0.0
Tokyo,2016-06-04,sunny,25.8,31.8,24.5,0.0
Tokyo,2016-06-05,sunny,24.4,30.8,21.0,0.0
Tokyo,2016-06-06,sunny,25.0,29.6,20.8,0.0
Tokyo,2016-06-07,sunny,24.8,31.0,21.5,0.0
Tokyo,2016-06-08,sunny,24.0,27.1,20.0,0.0
Tokyo,2016-06-09,sunny,25.2,29.6,22.4,0.0
Tokyo,2016-06-10,rainy,23.7,25.2,23.5,9.38
Tokyo,2016-06-11,sunny,27.3,32.2,23.1,0.0
Tokyo,2016-06-12,sunny,27.0,33.2,22.3,0.0
Tokyo,2016-06-13,sunny,26.9,29.5,23.4,0.0
Tokyo,2016-06-14,cloudy,26.4,27.7,22.8,0.0
Tokyo,2016-06-15,sunny,27.9,33.8,25.8,0.0
Tokyo,2016-06-16,sunny,25.3,31.1,23.6,0.0
Tokyo,2016-06-17,sunny,27.2,33.2,23.5,0.0
Tokyo,2016-06-18,sunny,27.5,33.4,22.4,0.0
Tokyo,2016-06-19,sunny,27.8,33.9,24.8,0.0
Tokyo,2016-06-20,rainy,28.9,30.2,28.5,39.65
Tokyo,2016-06-21,sunny,28.2,33.1,26.4,0.0
Tokyo,2016-06-22,cloudy,28.0,30.7,27.4,0.0
Tokyo,2016-06-23,cloudy,29.3,32.6,27.6,0.0
Tokyo,2016-06-24,sunny,27.4,33.7,24.7,0.0
Tokyo,2016-06-25,sunny,29.0,32.2,27.4,0.0
Tokyo,2016-06-26,sunny,29.7,32.4,27.0,0.0
Tokyo,2016-06-27,sunny,30.9,37.2,27.9,0.0
Tokyo,2016-06-28,rainy,29.2,29.6,28.1,29.21
Tokyo,2016-06-29,rainy,30.3,33.1,28.1,24.7
Tokyo,2016-06-30,cloudy,29.4,29.7,29.3,0.0
Tokyo,2016-07-01,sunny,29.1,34.3,26.9,0.0
Tokyo,2016-07-02,sunny,30.0,35.9,26.7,0.0
Tokyo,2016-07-03,sunny,30.2,35.4,26.3,0.0
Tokyo,2016-07-04,sunny,30.6,32.4,25.5,0.0
Tokyo,2016-07-05,sunny,31.0,34.7,26.9,0.0
Tokyo,2016-07-06,rainy,29.4,29.8,29.1,25.21
Tokyo,2016-07-07,sunny,31.9,36.6,28.5,0.0
Tokyo,2016-07-08,sunny,30.8,34.7,28.0,0.0
Tokyo,2016-07-09,sunny,30.3,35.5,28.5,0.0
Tokyo,2016-07-10,sunny,31.8,37.8,29.5,0.0
Tokyo,2016-07-11,rainy,28.5,30.4,28.1,8.17
Tokyo,2016-07-12,sunny,30.0,35.2,27.2,0.0
Tokyo,2016-07-13,sunny,32.4,36.8,30.1,0.0
Tokyo,2016-07-14,cloudy,32.4,35.3,30.9,0.0
Tokyo,2016-07-15,cloudy,31.2,33.1,29.8,0.0
Tokyo,2016-07-16,rainy,31.8,32.5,30.0,6.12
Tokyo,2016-07-17,cloudy,30.5,32.4,28.7,0.0
Tokyo,2016-07-18,cloudy,29.7,29.8,26.7,0.0
Tokyo,2016-07-19,sunny,29.9,34.3,25.5,0.0
Tokyo,2016-07-20,sunny,30.2,35.0,27.6,0.0
Tokyo,2016-07-21,rainy,29.0,29.7,27.5,11.63
Tokyo,2016-07-22,sunny,33.4,39.6,28.9,0.0
Tokyo,2016-07-23,cloudy,32.3,32.5,31.4,0.0
Tokyo,2016-07-24,cloudy,32.8,35.1,31.6,0.0
Tokyo,2016-07-25,sunny,32.1,38.6,28.2,0.0
Tokyo,2016-07-26,rainy,30.0,32.5,29.8,16.27
Tokyo,2016-07-27,rainy,31.0,31.5,30.0,33.67
Tokyo,2016-07-28,rainy,32.4,34.4,29.9,25.56
Tokyo,2016-07-29,sunny,32.0,36.9,31.3,0.0
Tokyo,2016-07-30,sunny,30.6,37.0,27.9,0.0
Tokyo,2016-07-31,sunny,32.5,38.0,30.3,0.0
Tokyo,2016-08-01,sunny,33.0,38.3,30.7,0.0
Tokyo,2016-08-02,sunny,32.8,38.3,29.9,0.0
Tokyo,2016-08-03,sunny,32.5,36.9,30.8,0.0
Tokyo,2016-08-04,sunny,32.6,37.7,29.3,0.0
Tokyo,2016-08-05,sunny,32.1,37.7,28.6,0.0
Tokyo,2016-08-06,sunny,31.8,37.9,29.4,0.0
Tokyo,2016-08-07,rainy,30.3,30.8,29.9,29.32
Tokyo,2016-08-08,sunny,32.9,37.5,32.0,0.0
Tokyo,2016-08-09,sunny,31.4,34.8,30.0,0.0
Tokyo,2016-08-10,sunny,32.9,38.2,30.4,0.0
Tokyo,2016-08-11,rainy,29.8,31.3,28.1,26.6
Tokyo,2016-08-12,rainy,29.5,29.9,27.8,34.51
Tokyo,2016-08-13,rainy,27.7,28.3,25.8,36.25
Tokyo,2016-08-14,rainy,28.0,29.9,26.9,21.09
Tokyo,2016-08-15,rainy,28.5,30.5,27.5,26.6
Tokyo,2016-08-16,sunny,31.0,34.8,26.7,0.0
Tokyo,2016-08-17,sunny,30.9,35.4,28.0,0.0
Tokyo,2016-08-18,cloudy,30.6,32.9,28.8,0.0
Tokyo,2016-08-19,sunny,30.1,34.8,26.2,0.0
Tokyo,2016-08-20,rainy,30.8,32.6,29.9,21.89
Tokyo,2016-08-21,rainy,30.0,30.7,29.5,8.62
Tokyo,2016-08-22,sunny,32.2,35.7,30.1,0.0
Tokyo,2016-08-23,rainy,29.7,31.0,28.1,21.31
Tokyo,2016-08-24,rainy,28.5,28.7,27.0,10.59
Tokyo,2016-08-25,cloudy,30.0,32.9,28.9,0.0
Tokyo,2016-08-26,sunny,32.8,38.4,30.2,0.0
Tokyo,2016-08-27,sunny,32.5,38.4,30.7,0.0
Tokyo,2016-08-28,sunny,30.1,32.8,26.4,0.0
Tokyo,2016-08-29,sunny,29.9,35.6,26.9,0.0
Tokyo,2016-08-30,cloudy,31.2,34.2,30.3,0.0
Tokyo,2016-08-31,sunny,31.7,38.6,28.5,0.0
Tokyo,2016-09-01,sunny,31.2,35.2,27.6,0.0
Tokyo,2016-09-02,cloudy,31.7,32.4,29.9,0.0
Tokyo,2016-09-03,sunny,32.5,37.4,30.3,0.0
Tokyo,2016-09-04,sunny,30.4,34.1,28.5,0.0
Tokyo,2016-09-05,sunny,30.2,35.5,25.6,0.0
Tokyo,2016-09-06,sunny,32.9,39.6,31.5,0.0
Tokyo,2016-09-07,sunny,31.0,34.8,27.8,0.0
Tokyo,2016-09-08,sunny,28.9,34.0,24.2,0.0
Tokyo,2016-09-09,sunny,29.1,34.1,25.9,0.0
Tokyo,2016-09-10,sunny,28.7,34.7,25.6,0.0
Tokyo,2016-09-11,sunny,29.5,35.4,26.2,0.0
Tokyo,2016-09-12,sunny,29.4,33.9,24.7,0.0
Tokyo,2016-09-13,sunny,28.5,33.5,25.7,0.0
Tokyo,2016-09-14,sunny,29.1,32.7,26.1,0.0
Tokyo,2016-09-15,sunny,30.1,35.6,26.8,0.0
Tokyo,2016-09-16,cloudy,27.9,31.3,26.0,0.0
Tokyo,2016-09-17,sunny,28.5,32.9,24.3,0.0
Tokyo,2016-09-18,sunny,28.1,33.1,25.1,0.0
Tokyo,2016-09-19,sunny,28.4,32.5,26.2,0.0
Tokyo,2016-09-20,sunny,28.5,32.6,25.3,0.0
Tokyo,2016-09-21,sunny,29.1,32.4,24.4,0.0
Tokyo,2016-09-22,cloudy,29.3,32.5,27.7,0.0
Tokyo,2016-09-23,sunny,27.4,32.0,24.3,0.0
Tokyo,2016-09-24,sunny,27.1,31.8,24.1,0.0
Tokyo,2016-09-25,sunny,27.8,32.8,25.4,0.0
Tokyo,2016-09-26,sunny,27.3,32.7,25.2,0.0
Tokyo,2016-09-27,sunny,27.4,32.3,25.4,0.0
Tokyo,2016-09-28,sunny,27.7,31.5,25.6,0.0
Tokyo,2016-09-29,sunny,26.6,30.9,23.5,0.0
Tokyo,2016-09-30,sunny,26.9,32.3,23.7,0.0
Tokyo,2016-10-01,sunny,27.4,33.9,24.0,0.0
Tokyo,2016-10-02,sunny,26.1,32.3,23.9,0.0
Tokyo,2016-10-03,sunny,27.7,33.7,25.7,0.0
Tokyo,2016-10-04,sunny,25.1,32.4,22.1,0.0
Tokyo,2016-10-05,sunny,25.5,28.7,22.8,0.0
Tokyo,2016-10-06,sunny,25.8,31.1,22.4,0.0
Tokyo,2016-10-07,cloudy,25.9,27.4,22.4,0.0
Tokyo,2016-10-08,sunny,24.9,30.1,21.4,0.0
Tokyo,2016-10-09,sunny,26.0,29.7,24.5,0.0
Tokyo,2016-10-10,rainy,23.6,24.0,23.1,20.18
Tokyo,2016-10-11,sunny,24.0,29.8,20.2,0.0
Tokyo,2016-10-12,sunny,25.3,32.6,23.3,0.0
Tokyo,2016-10-13,sunny,24.4,30.7,21.6,0.0
Tokyo,2016-10-14,sunny,24.3,29.8,22.4,0.0
Tokyo,2016-10-15,sunny,23.5,29.1,19.8,0.0
Tokyo,2016-10-16,sunny,21.4,25.6,18.3,0.0
Tokyo,2016-10-17,rainy,19.8,21.7,19.4,17.94
Tokyo,2016-10-18,rainy,18.4,20.0,17.5,16.0
Tokyo,2016-10-19,rainy,20.6,22.1,19.6,21.62
Tokyo,2016-10-20,sunny,20.4,27.7,19.2,0.0
Tokyo,2016-10-21,sunny,21.8,25.7,19.6,0.0
Tokyo,2016-10-22,sunny,20.8,25.0,16.8,0.0
Tokyo,2016-10-23,sunny,23.0,27.9,18.3,0.0
Tokyo,2016-10-24,sunny,23.5,27.0,18.8,0.0
Tokyo,2016-10-25,sunny,22.3,28.2,18.5,0.0
Tokyo,2016-10-26,sunny,20.6,26.4,18.0,0.0
Tokyo,2016-10-27,sunny,19.7,24.1,17.4,0.0
Tokyo,2016-10-28,sunny,20.6,25.5,15.3,0.0
Tokyo,2016-10-29,sunny,20.4,24.9,17.9,0.0
Tokyo,2016-10-30,sunny,19.9,24.4,18.5,0.0
Tokyo,2016-10-31,rainy,20.3,21.0,19.7,18.6
Tokyo,2016-11-01,rainy,21.4,22.5,18.8,27.1
Tokyo,2016-11-02,sunny,20.3,26.6,17.2,0.0
Tokyo,2016-11-03,sunny,19.5,23.7,18.8,0.0
Tokyo,2016-11-04,sunny,19.9,24.9,15.0,0.0
Tokyo,2016-11-05,sunny,21.0,27.0,18.7,0.0
Tokyo,2016-11-06,cloudy,20.8,24.2,20.3,0.0
Tokyo,2016-11-07,sunny,18.3,22.3,14.8,0.0
Tokyo,2016-11-08,sunny,18.4,20.6,15.3,0.0
Tokyo,2016-11-09,sunny,16.8,21.9,12.4,0.0
Tokyo,2016-11-10,sunny,17.6,22.3,15.0,0.0
Tokyo,2016-11-11,sunny,16.6,21.9,13.7,0.0
Tokyo,2016-11-12,rainy,15.6,16.7,13.5,11.44
Tokyo,2016-11-13,rainy,16.7,16.9,13.1,7.98
Tokyo,2016-11-14,rainy,15.5,16.8,13.8,23.63
Tokyo,2016-11-15,sunny,15.5,19.7,12.5,0.0
Tokyo,2016-11-16,sunny,16.9,23.7,14.3,0.0
Tokyo,2016-11-17,cloudy,16.8,19.6,15.1,0.0
Tokyo,2016-11-18,sunny,14.6,19.3,12.6,0.0
Tokyo,2016-11-19,sunny,17.2,23.2,13.2,0.0
Tokyo,2016-11-20,sunny,15.1,18.7,12.2,0.0
Tokyo,2016-11-21,sunny,14.6,17.6,11.6,0.0
Tokyo,2016-11-22,sunny,14.0,18.8,9.7,0.0
Tokyo,2016-11-23,sunny,15.5,20.9,12.8,0.0
Tokyo,2016-11-24,sunny,15.0,21.2,13.7,0.0
Tokyo,2016-11-25,sunny,17.0,22.6,13.1,0.0
Tokyo,2016-11-26,sunny,13.6,18.9,8.8,0.0
Tokyo,2016-11-27,sunny,14.0,18.1,11.5,0.0
Tokyo,2016-11-28,sunny,14.2,20.0,11.2,0.0
Tokyo,2016-11-29,cloudy,14.7,17.5,12.1,0.0
Tokyo,2016-11-30,sunny,16.4,21.0,13.6,0.0
Tokyo,2016-12-01,sunny,16.7,21.3,12.9,0.0
Tokyo,2016-12-02,sunny,15.7,23.2,12.9,0.0
Tokyo,2016-12-03,sunny,14.5,20.3,12.8,0.0
Tokyo,2016-12-04,sunny,13.1,15.6,8.4,0.0
Tokyo,2016-12-05,sunny,10.3,15.6,9.1,0.0
Tokyo,2016-12-06,sunny,12.3,17.2,10.4,0.0
Tokyo,2016-12-07,sunny,10.7,15.9,7.1,0.0
Tokyo,2016-12-08,sunny,11.4,17.6,7.2,0.0
Tokyo,2016-12-09,sunny,10.6,15.3,7.8,0.0
Tokyo,2016-12-10,sunny,11.7,15.1,8.4,0.0
Tokyo,2016-12-11,sunny,11.1,16.4,8.2,0.0
Tokyo,2016-12-12,rainy,9.1,10.3,8.2,22.44
Tokyo,2016-12-13,rainy,8.7,8.9,8.2,22.45
Tokyo,2016-12-14,rainy,10.3,11.4,8.3,37.21
Tokyo,2016-12-15,sunny,9.0,11.5,7.3,0.0
Tokyo,2016-12-16,sunny,8.9,12.4,5.8,0.0
Tokyo,2016-12-17,cloudy,7.7,8.2,6.4,0.0
Tokyo,2016-12-18,sunny,10.5,16.7,8.0,0.0
Tokyo,2016-12-19,sunny,11.7,15.9,9.4,0.0
Tokyo,2016-12-20,sunny,11.6,16.1,8.4,0.0
Tokyo,2016-12-21,sunny,10.8,15.7,10.8,0.0
Tokyo,2016-12-22,sunny,8.3,12.4,4.3,0.0
Tokyo,2016-12-23,sunny,9.6,15.3,6.0,0.0
Tokyo,2016-12-24,sunny,8.1,13.1,5.5,0.0
Tokyo,2016-12-25,rainy,6.2,8.3,4.7,36.96
Tokyo,2016-12-26,sunny,8.8,14.1,7.9,0.0
Tokyo,2016-12-27,rainy,8.0,8.8,6.6,44.63
Tokyo,2016-12-28,sunny,10.1,15.4,9.1,0.0
Tokyo,2016-12-29,sunny,7.5,13.3,5.8,0.0
Tokyo,2016-12-30,sunny,8.7,14.4,5.8,0.0
Tokyo,2016-12-31,sunny,8.0,12.8,5.9,0.0
Tokyo,2017-01-01,sunny,8.6,13.7,5.9,0.0
Tokyo,2017-01-02,cloudy,8.3,11.4,6.9,0.0
Tokyo,2017-01-03,sunny,7.1,11.9,3.7,0.0
Tokyo,2017-01-04,sunny,7.7,11.8,3.7,0.0
Tokyo,2017-01-05,sunny,8.0,12.8,3.0,0.0
Tokyo,2017-01-06,sunny,8.5,12.7,5.5,0.0
Tokyo,2017-01-07,cloudy,9.0,11.6,6.5,0.0
Tokyo,2017-01-08,sunny,7.6,12.9,4.4,0.0
Tokyo,2017-01-09,sunny,7.8,10.7,5.0,0.0
Tokyo,2017-01-10,sunny,6.9,12.3,4.6,0.0
Tokyo,2017-01-11,sunny,6.2,10.3,3.5,0.0
Tokyo,2017-01-12,sunny,6.3,10.7,4.1,0.0
Tokyo,2017-01-13,sunny,7.4,10.2,4.4,0.0
Tokyo,2017-01-14,cloudy,6.7,8.7,3.4,0.0
Tokyo,2017-01-15,sunny,5.1,9.6,3.2,0.0
Tokyo,2017-01-16,sunny,5.9,11.2,2.5,0.0
Tokyo,2017-01-17,sunny,6.2,11.4,3.0,0.0
Tokyo,2017-01-18,sunny,4.4,8.1,2.0,0.0
Tokyo,2017-01-19,sunny,5.6,10.0,1.4,0.0
Tokyo,2017-01-20,cloudy,6.6,9.9,4.3,0.0
Tokyo,2017-01-21,sunny,6.4,9.3,3.7,0.0
Tokyo,2017-01-22,cloudy,6.7,8.3,4.8,0.0
Tokyo,2017-01-23,cloudy,6.5,10.5,3.8,0.0
Tokyo,2017-01-24,sunny,6.6,12.0,2.4,0.0
Tokyo,2017-01-25,sunny,7.0,10.8,5.0,0.0
Tokyo,2017-01-26,sunny,6.1,12.2,2.9,0.0
Tokyo,2017-01-27,sunny,6.1,10.7,2.2,0.0
Tokyo,2017-01-28,sunny,5.6,9.0,2.3,0.0
Tokyo,2017-01-29,sunny,3.6,7.7,1.0,0.0
Tokyo,2017-01-30,sunny,5.4,9.2,2.6,0.0
Tokyo,2017-01-31,sunny,5.8,8.9,5.0,0.0
Tokyo,2017-02-01,sunny,4.2,9.8,0.8,0.0
Tokyo,2017-02-02,sunny,6.6,13.0,4.5,0.0
Tokyo,2017-02-03,sunny,5.8,10.2,3.6,0.0
Tokyo,2017-02-04,sunny,5.7,10.2,3.5,0.0
Tokyo,2017-02-05,cloudy,3.9,7.1,2.4,0.0
Tokyo,2017-02-06,sunny,5.0,11.2,1.1,0.0
Tokyo,2017-02-07,sunny,6.2,11.9,3.9,0.0
Tokyo,2017-02-08,sunny,4.9,7.5,2.2,0.0
Tokyo,2017-02-09,sunny,6.0,10.5,3.7,0.0
Tokyo,2017-02-10,sunny,4.5,10.9,2.5,0.0
Tokyo,2017-02-11,sunny,3.9,9.0,3.2,0.0
Tokyo,2017-02-12,sunny,4.8,11.4,4.1,0.0
Tokyo,2017-02-13,sunny,6.3,10.2,1.5,0.0
Tokyo,2017-02-14,sunny,5.5,10.2,3.2,0.0
Tokyo,2017-02-15,sunny,5.4,10.7,4.1,0.0
Tokyo,2017-02-16,sunny,5.7,11.0,4.1,0.0
Tokyo,2017-02-17,sunny,5.3,9.8,2.7,0.0
Tokyo,2017-02-18,cloudy,7.7,10.1,6.1,0.0
Tokyo,2017-02-19,sunny,6.2,11.0,3.3,0.0
Tokyo,2017-02-20,rainy,3.4,4.9,3.2,6.31
Tokyo,2017-02-21,rainy,6.7,8.2,4.2,36.18
Tokyo,2017-02-22,sunny,7.2,11.1,3.8,0.0
Tokyo,2017-02-23,sunny,6.9,10.6,5.5,0.0
Tokyo,2017-02-24,sunny,7.5,12.3,3.6,0.0
Tokyo,2017-02-25,cloudy,5.4,8.5,2.9,0.0
Tokyo,2017-02-26,sunny,5.3,11.2,3.0,0.0
Tokyo,2017-02-27,sunny,7.5,13.3,4.0,0.0
Tokyo,2017-02-28,cloudy,7.6,7.7,5.9,0.0
Tokyo,2017-03-01,cloudy,7.9,8.1,6.8,0.0
Tokyo,2017-03-02,sunny,7.7,14.1,3.7,0.0
Tokyo,2017-03-03,sunny,7.3,11.4,5.5,0.0
Tokyo,2017-03-04,sunny,7.7,12.6,5.1,0.0
Tokyo,2017-03-05,cloudy,9.4,10.6,8.4,0.0
Tokyo,2017-03-06,sunny,7.5,12.4,5.1,0.0
Tokyo,2017-03-07,sunny,7.8,13.4,3.5,0.0
Tokyo,2017-03-08,rainy,7.0,7.1,5.6,22.58
Tokyo,2017-03-09,rainy,4.7,6.1,3.7,18.14
Tokyo,2017-03-10,sunny,7.7,10.9,5.6,0.0
Tokyo,2017-03-11,sunny,7.2,13.1,4.8,0.0
Tokyo,2017-03-12,sunny,9.5,15.2,7.7,0.0
Tokyo,2017-03-13,sunny,8.6,12.4,3.9,0.0
Tokyo,2017-03-14,sunny,8.3,14.9,6.3,0.0
Tokyo,2017-03-15,sunny,8.0,12.2,4.8,0.0
Tokyo,2017-03-16,sunny,7.4,13.5,3.4,0.0
Tokyo,2017-03-17,sunny,7.1,11.8,5.2,0.0
Tokyo,2017-03-18,sunny,7.7,10.4,3.9,0.0
Tokyo,2017-03-19,sunny,9.6,16.7,6.9,0.0
Tokyo,2017-03-20,sunny,9.9,14.0,7.7,0.0
Tokyo,2017-03-21,sunny,8.7,13.3,3.6,0.0
Tokyo,2017-03-22,rainy,8.4,8.6,8.1,6.95
Tokyo,2017-03-23,sunny,8.8,13.8,5.9,0.0
Tokyo,2017-03-24,rainy,5.9,7.3,4.9,22.33
Tokyo,2017-03-25,rainy,6.8,7.3,5.1,16.36
Tokyo,2017-03-26,rainy,7.8,7.8,6.2,29.24
Tokyo,2017-03-27,rainy,10.0,12.0,8.5,15.19
Tokyo,2017-03-28,sunny,9.3,14.0,7.2,0.0
Tokyo,2017-03-29,sunny,10.6,15.6,7.7,0.0
Tokyo,2017-03-30,cloudy,9.2,10.0,7.0,0.0
Tokyo,2017-03-31,sunny,10.6,15.4,7.9,0.0
Tokyo,2017-04-01,sunny,11.6,16.2,8.9,0.0
Tokyo,2017-04-02,rainy,10.2,10.9,9.3,25.4
Tokyo,2017-04-03,sunny,10.9,17.1,8.4,0.0
Tokyo,2017-04-04,sunny,13.3,17.7,11.7,0.0
Tokyo,2017-04-05,rainy,12.8,13.8,11.8,23.69
Tokyo,2017-04-06,sunny,13.1,17.7,9.9,0.0
Tokyo,2017-04-07,sunny,13.0,17.8,10.6,0.0
Tokyo,2017-04-08,sunny,12.3,16.4,9.2,0.0
Tokyo,2017-04-09,sunny,15.9,22.0,13.8,0.0
Tokyo,2017-04-10,sunny,14.3,19.7,12.4,0.0
Tokyo,2017-04-11,sunny,14.7,19.9,13.0,0.0
Tokyo,2017-04-12,sunny,14.3,19.0,10.7,0.0
Tokyo,2017-04-13,sunny,13.7,19.8,9.0,0.0
Tokyo,2017-04-14,rainy,13.6,14.1,12.7,19.54
Tokyo,2017-04-15,rainy,11.6,12.6,10.2,27.04
Tokyo,2017-04-16,rainy,10.4,11.2,8.6,8.64
Tokyo,2017-04-17,rainy,11.4,11.8,10.0,17.36
Tokyo,2017-04-18,sunny,12.3,19.0,7.8,0.0
Tokyo,2017-04-19,cloudy,15.1,17.5,12.9,0.0
Tokyo,2017-04-20,sunny,15.1,18.7,10.9,0.0
Tokyo,2017-04-21,sunny,15.8,20.7,11.6,0.0
Tokyo,2017-04-22,sunny,15.7,20.2,11.0,0.0
Tokyo,2017-04-23,sunny,15.9,22.1,12.7,0.0
Tokyo,2017-04-24,sunny,15.1,20.5,10.6,0.0
Tokyo,2017-04-25,sunny,17.0,22.3,13.5,0.0
Tokyo,2017-04-26,sunny,17.1,22.8,15.6,0.0
Tokyo,2017-04-27,cloudy,16.4,17.5,14.2,0.0
Tokyo,2017-04-28,sunny,16.4,20.7,14.1,0.0
Tokyo,2017-04-29,cloudy,17.7,19.5,16.3,0.0
Tokyo,2017-04-30,sunny,16.9,22.4,14.4,0.0
Tokyo,2017-05-01,sunny,17.0,21.9,14.5,0.0
Tokyo,2017-05-02,sunny,19.5,23.8,15.8,0.0
Tokyo,2017-05-03,sunny,18.2,23.0,16.1,0.0
Tokyo,2017-05-04,sunny,17.8,21.4,15.2,0.0
Tokyo,2017-05-05,sunny,17.3,22.3,11.1,0.0
Tokyo,2017-05-06,cloudy,20.1,21.9,18.1,0.0
Tokyo,2017-05-07,sunny,19.3,23.2,18.3,0.0
Tokyo,2017-05-08,sunny,19.2,22.8,17.0,0.0
Tokyo,2017-05-09,rainy,17.2,17.6,15.5,19.57
Tokyo,2017-05-10,sunny,18.8,23.4,16.7,0.0
Tokyo,2017-05-11,sunny,20.4,24.8,17.7,0.0
Tokyo,2017-05-12,sunny,21.1,26.1,16.3,0.0
Tokyo,2017-05-13,sunny,20.3,25.3,18.7,0.0
Tokyo,2017-05-14,sunny,20.3,25.1,15.6,0.0
Tokyo,2017-05-15,sunny,18.4,21.5,15.6,0.0
Tokyo,2017-05-16,sunny,19.7,24.0,17.3,0.0
Tokyo,2017-05-17,sunny,19.7,23.0,16.7,0.0
Tokyo,2017-05-18,sunny,20.8,27.5,18.0,0.0
Tokyo,2017-05-19,sunny,20.7,25.0,17.2,0.0
Tokyo,2017-05-20,rainy,19.8,20.4,19.5,16.05
Tokyo,2017-05-21,sunny,19.8,25.6,18.8,0.0
Tokyo,2017-05-22,sunny,21.1,26.6,16.5,0.0
Tokyo,2017-05-23,rainy,20.0,20.1,18.2,18.83
Tokyo,2017-05-24,rainy,21.9,22.0,21.6,38.22
Tokyo,2017-05-25,rainy,21.3,22.5,20.5,30.08
Tokyo,2017-05-26,cloudy,22.7,26.2,20.7,0.0
Tokyo,2017-05-27,sunny,24.6,28.8,21.3,0.0
Tokyo,2017-05-28,sunny,22.5,26.9,19.5,0.0
Tokyo,2017-05-29,sunny,22.6,27.6,22.2,0.0
Tokyo,2017-05-30,sunny,23.8,29.2,22.3,0.0
Tokyo,2017-05-31,sunny,24.2,28.6,21.7,0.0
Tokyo,2017-06-01,sunny,24.6,30.5,22.5,0.0
Tokyo,2017-06-02,cloudy,24.6,27.6,22.2,0.0
Tokyo,2017-06-03,sunny,24.5,30.2,21.5,0.0
Tokyo,2017-06-04,cloudy,25.7,25.8,23.8,0.0
Tokyo,2017-06-05,sunny,24.5,28.9,21.9,0.0
Tokyo,2017-06-06,cloudy,24.5,25.3,22.7,0.0
Tokyo,2017-06-07,sunny,26.6,32.2,24.5,0.0
Tokyo,2017-06-08,sunny,25.3,30.4,22.0,0.0
Tokyo,2017-06-09,rainy,24.6,27.5,23.6,27.53
Tokyo,2017-06-10,rainy,23.6,24.2,20.7,10.53
Tokyo,2017-06-11,rainy,24.8,26.3,23.4,22.99
Tokyo,2017-06-12,sunny,24.9,30.5,23.0,0.0
Tokyo,2017-06-13,sunny,25.6,30.6,22.6,0.0
Tokyo,2017-06-14,cloudy,27.3,28.6,25.4,0.0
Tokyo,2017-06-15,sunny,26.4,30.1,23.0,0.0
Tokyo,2017-06-16,sunny,26.8,32.7,23.8,0.0
Tokyo,2017-06-17,sunny,26.2,31.0,23.4,0.0
Tokyo,2017-06-18,sunny,27.9,32.8,24.5,0.0
Tokyo,2017-06-19,sunny,28.3,31.4,23.4,0.0
Tokyo,2017-06-20,rainy,30.6,32.1,29.3,7.3
Tokyo,2017-06-21,rainy,28.3,28.4,26.3,17.5
Tokyo,2017-06-22,sunny,29.0,32.4,24.5,0.0
Tokyo,2017-06-23,sunny,27.7,34.2,22.7,0.0
Tokyo,2017-06-24,sunny,28.1,32.9,24.0,0.0
Tokyo,2017-06-25,sunny,26.6,31.7,24.7,0.0
Tokyo,2017-06-26,sunny,28.9,33.5,27.0,0.0
Tokyo,2017-06-27,sunny,27.9,33.4,23.6,0.0
Tokyo,2017-06-28,sunny,29.3,35.0,25.5,0.0
Tokyo,2017-06-29,sunny,30.2,35.0,26.7,0.0
Tokyo,2017-06-30,rainy,28.8,30.7,26.2,19.81
Tokyo,2017-07-01,sunny,30.8,34.1,26.6,0.0
Tokyo,2017-07-02,cloudy,30.6,33.0,30.1,0.0
Tokyo,2017-07-03,sunny,30.8,37.1,27.5,0.0
Tokyo,2017-07-04,sunny,28.9,32.5,26.4,0.0
Tokyo,2017-07-05,sunny,29.1,32.6,27.3,0.0
Tokyo,2017-07-06,sunny,29.3,33.7,27.6,0.0
Tokyo,2017-07-07,sunny,30.1,35.9,27.1,0.0
Tokyo,2017-07-08,sunny,28.8,34.1,25.4,0.0
Tokyo,2017-07-09,sunny,31.5,37.8,29.2,0.0
Tokyo,2017-07-10,sunny,31.0,35.6,28.4,0.0
Tokyo,2017-07-11,cloudy,32.1,34.9,30.8,0.0
Tokyo,2017-07-12,cloudy,28.0,28.6,26.3,0.0
Tokyo,2017-07-13,sunny,29.1,34.1,25.0,0.0
Tokyo,2017-07-14,sunny,31.5,33.9,27.5,0.0
Tokyo,2017-07-15,sunny,32.4,38.6,30.1,0.0
Tokyo,2017-07-16,sunny,31.2,36.8,28.3,0.0
Tokyo,2017-07-17,sunny,32.1,36.7,28.3,0.0
Tokyo,2017-07-18,sunny,33.8,38.8,32.6,0.0
Tokyo,2017-07-19,sunny,32.4,37.5,30.0,0.0
Tokyo,2017-07-20,sunny,30.9,36.2,26.6,0.0
Tokyo,2017-07-21,cloudy,31.6,33.4,29.3,0.0
Tokyo,2017-07-22,sunny,32.0,37.7,28.7,0.0
Tokyo,2017-07-23,sunny,31.3,35.7,26.9,0.0
Tokyo,2017-07-24,sunny,32.3,37.2,30.1,0.0
Tokyo,2017-07-25,sunny,31.5,36.9,27.0,0.0
Tokyo,2017-07-26,sunny,32.2,36.4,29.9,0.0
Tokyo,2017-07-27,sunny,31.3,35.8,27.8,0.0
Tokyo,2017-07-28,sunny,30.4,37.0,28.4,0.0
Tokyo,2017-07-29,sunny,31.2,36.8,29.4,0.0
Tokyo,2017-07-30,sunny,32.3,37.7,29.1,0.0
Tokyo,2017-07-31,sunny,31.1,35.5,27.8,0.0
Tokyo,2017-08-01,sunny,32.3,37.7,30.1,0.0
Tokyo,2017-08-02,rainy,30.1,30.6,28.0,21.15
Tokyo,2017-08-03,sunny,30.4,34.2,27.4,0.0
Tokyo,2017-08-04,sunny,31.4,35.7,27.3,0.0
Tokyo,2017-08-05,cloudy,32.0,33.9,31.3,0.0
Tokyo,2017-08-06,sunny,32.1,37.1,28.2,0.0
Tokyo,2017-08-07,sunny,30.4,35.7,27.8,0.0
Tokyo,2017-08-08,sunny,33.0,38.2,30.6,0.0
Tokyo,2017-08-09,sunny,32.6,36.8,30.3,0.0
Tokyo,2017-08-10,cloudy,30.3,31.3,26.4,0.0
Tokyo,2017-08-11,sunny,33.2,38.3,30.7,0.0
Tokyo,2017-08-12,sunny,34.3,40.7,30.4,0.0
Tokyo,2017-08-13,cloudy,32.0,35.8,29.2,0.0
Tokyo,2017-08-14,cloudy,30.8,32.6,28.7,0.0
Tokyo,2017-08-15,sunny,33.5,36.9,29.3,0.0
Tokyo,2017-08-16,sunny,31.7,34.9,29.4,0.0
Tokyo,2017-08-17,sunny,31.4,38.4,27.6,0.0
Tokyo,2017-08-18,sunny,29.9,34.3,25.3,0.0
Tokyo,2017-08-19,sunny,31.4,36.3,29.4,0.0
Tokyo,2017-08-20,cloudy,33.1,33.5,30.1,0.0
Tokyo,2017-08-21,sunny,31.4,37.1,29.5,0.0
Tokyo,2017-08-22,sunny,33.3,38.6,30.5,0.0
Tokyo,2017-08-23,sunny,32.2,38.2,29.6,0.0
Tokyo,2017-08-24,rainy,30.3,31.3,30.0,25.07
Tokyo,2017-08-25,sunny,30.7,35.4,27.4,0.0
Tokyo,2017-08-26,rainy,28.4,30.7,28.3,30.51
Tokyo,2017-08-27,sunny,30.6,34.9,27.7,0.0
Tokyo,2017-08-28,sunny,30.2,34.5,27.2,0.0
Tokyo,2017-08-29,sunny,31.6,35.1,28.7,0.0
Tokyo,2017-08-30,sunny,31.4,33.9,27.7,0.0
Tokyo,2017-08-31,sunny,31.9,34.9,29.0,0.0
Tokyo,2017-09-01,rainy,30.3,31.5,29.5,23.45
Tokyo,2017-09-02,cloudy,30.7,32.2,28.1,0.0
Tokyo,2017-09-03,sunny,28.5,33.2,23.8,0.0
Tokyo,2017-09-04,sunny,32.4,37.0,30.3,0.0
Tokyo,2017-09-05,cloudy,31.5,34.5,29.8,0.0
Tokyo,2017-09-06,sunny,29.0,34.0,26.7,0.0
Tokyo,2017-09-07,cloudy,28.7,29.5,27.6,0.0
Tokyo,2017-09-08,sunny,31.4,37.6,27.5,0.0
Tokyo,2017-09-09,sunny,30.1,33.0,27.8,0.0
Tokyo,2017-09-10,cloudy,29.0,30.3,26.5,0.0
Tokyo,2017-09-11,cloudy,31.0,31.9,29.6,0.0
Tokyo,2017-09-12,sunny,29.5,33.7,28.8,0.0
Tokyo,2017-09-13,sunny,28.5,32.5,26.0,0.0
Tokyo,2017-09-14,sunny,29.0,33.1,24.2,0.0
Tokyo,2017-09-15,sunny,27.9,31.6,23.1,0.0
Tokyo,2017-09-16,sunny,27.9,34.0,24.1,0.0
Tokyo,2017-09-17,sunny,27.9,32.0,25.3,0.0
Tokyo,2017-09-18,sunny,28.0,34.0,26.5,0.0
Tokyo,2017-09-19,sunny,28.3,34.8,25.4,0.0
Tokyo,2017-09-20,cloudy,29.5,31.2,26.8,0.0
Tokyo,2017-09-21,sunny,29.7,33.1,28.3,0.0
Tokyo,2017-09-22,sunny,27.9,33.2,26.2,0.0
Tokyo,2017-09-23,sunny,28.3,34.2,25.4,0.0
Tokyo,2017-09-24,sunny,27.4,31.9,24.4,0.0
Tokyo,2017-09-25,sunny,27.0,32.2,24.1,0.0
Tokyo,2017-09-26,sunny,26.8,31.9,23.5,0.0
Tokyo,2017-09-27,sunny,28.2,35.6,24.3,0.0
Tokyo,2017-09-28,sunny,26.3,30.5,22.9,0.0
Tokyo,2017-09-29,sunny,26.9,33.4,23.3,0.0
Tokyo,2017-09-30,sunny,25.7,32.7,22.0,0.0
Tokyo,2017-10-01,sunny,26.7,32.0,21.1,0.0
Tokyo,2017-10-02,cloudy,27.3,29.2,23.9,0.0
Tokyo,2017-10-03,sunny,25.9,29.7,20.8,0.0
Tokyo,2017-10-04,sunny,26.4,30.2,22.4,0.0
Tokyo,2017-10-05,rainy,23.1,24.4,21.8,15.64
Tokyo,2017-10-06,rainy,24.2,24.4,23.6,21.12
Tokyo,2017-10-07,rainy,23.3,25.9,21.4,22.83
Tokyo,2017-10-08,sunny,26.5,31.2,21.7,0.0
Tokyo,2017-10-09,rainy,24.9,27.5,22.3,13.47
Tokyo,2017-10-10,sunny,24.9,28.7,22.6,0.0
Tokyo,2017-10-11,sunny,21.8,26.0,19.4,0.0
Tokyo,2017-10-12,sunny,24.2,29.2,20.8,0.0
Tokyo,2017-10-13,sunny,25.4,31.4,23.6,0.0
Tokyo,2017-10-14,sunny,25.0,30.8,23.3,0.0
Tokyo,2017-10-15,sunny,24.7,30.1,20.9,0.0
Tokyo,2017-10-16,sunny,25.8,29.1,24.2,0.0
Tokyo,2017-10-17,sunny,23.9,29.7,22.4,0.0
Tokyo,2017-10-18,sunny,22.3,26.0,19.7,0.0
Tokyo,2017-10-19,cloudy,23.3,25.5,21.3,0.0
Tokyo,2017-10-20,sunny,21.4,26.3,18.3,0.0
Tokyo,2017-10-21,sunny,21.8,26.6,19.9,0.0
Tokyo,2017-10-22,sunny,21.2,24.2,17.5,0.0
Tokyo,2017-10-23,cloudy,22.2,25.1,20.3,0.0
Tokyo,2017-10-24,sunny,22.1,27.0,17.7,0.0
Tokyo,2017-10-25,cloudy,22.2,25.1,21.4,0.0
Tokyo,2017-10-26,rainy,18.3,18.6,17.6,13.62
Tokyo,2017-10-27,sunny,20.2,24.4,19.5,0.0
Tokyo,2017-10-28,sunny,21.4,26.9,17.9,0.0
Tokyo,2017-10-29,sunny,19.8,24.3,16.3,0.0
Tokyo,2017-10-30,sunny,21.3,27.3,18.4,0.0
Tokyo,2017-10-31,sunny,20.6,26.4,15.6,0.0
Tokyo,2017-11-01,sunny,21.0,25.6,19.8,0.0
Tokyo,2017-11-02,sunny,20.2,27.2,17.7,0.0
Tokyo,2017-11-03,rainy,20.1,22.3,19.7,33.29
Tokyo,2017-11-04,rainy,18.2,18.6,17.5,22.45
Tokyo,2017-11-05,rainy,18.7,19.8,17.9,13.98
Tokyo,2017-11-06,sunny,21.3,27.7,17.7,0.0
Tokyo,2017-11-07,rainy,17.2,17.8,15.7,22.65
Tokyo,2017-11-08,rainy,12.9,14.0,11.4,27.56
Tokyo,2017-11-09,sunny,17.3,22.7,13.0,0.0
Tokyo,2017-11-10,sunny,15.7,19.8,12.5,0.0
Tokyo,2017-11-11,rainy,12.9,14.1,12.4,16.9
Tokyo,2017-11-12,rainy,13.2,14.6,10.0,29.64
Tokyo,2017-11-13,rainy,15.9,16.9,14.6,21.46
Tokyo,2017-11-14,sunny,16.3,19.6,12.5,0.0
Tokyo,2017-11-15,sunny,17.2,21.9,12.3,0.0
Tokyo,2017-11-16,sunny,17.4,22.3,13.9,0.0
Tokyo,2017-11-17,sunny,18.4,22.7,14.2,0.0
Tokyo,2017-11-18,sunny,15.7,21.4,15.5,0.0
Tokyo,2017-11-19,sunny,17.8,21.4,15.2,0.0
Tokyo,2017-11-20,sunny,16.5,21.9,13.3,0.0
Tokyo,2017-11-21,sunny,18.0,23.5,15.4,0.0
Tokyo,2017-11-22,rainy,15.6,16.4,14.6,26.06
Tokyo,2017-11-23,sunny,15.0,20.4,11.7,0.0
Tokyo,2017-11-24,sunny,14.9,20.1,10.4,0.0
Tokyo,2017-11-25,sunny,15.2,20.9,12.4,0.0
Tokyo,2017-11-26,sunny,13.3,17.5,10.7,0.0
Tokyo,2017-11-27,sunny,13.4,17.9,9.6,0.0
Tokyo,2017-11-28,sunny,14.5,19.9,10.9,0.0
Tokyo,2017-11-29,sunny,12.3,18.2,8.2,0.0
Tokyo,2017-11-30,sunny,13.3,18.0,10.8,0.0
Tokyo,2017-12-01,sunny,14.5,21.6,10.5,0.0
Tokyo,2017-12-02,sunny,14.3,19.4,11.8,0.0
Tokyo,2017-12-03,sunny,12.4,17.3,9.3,0.0
Tokyo,2017-12-04,sunny,12.7,17.8,9.7,0.0
Tokyo,2017-12-05,sunny,11.3,15.7,7.2,0.0
Tokyo,2017-12-06,cloudy,12.7,12.9,10.8,0.0
Tokyo,2017-12-07,sunny,13.7,19.9,9.7,0.0
Tokyo,2017-12-08,rainy,10.9,13.1,9.9,26.51
Tokyo,2017-12-09,rainy,13.0,14.1,12.6,28.69
Tokyo,2017-12-10,sunny,11.4,15.6,9.8,0.0
Tokyo,2017-12-11,sunny,9.5,15.1,6.4,0.0
Tokyo,2017-12-12,sunny,10.5,17.1,7.2,0.0
Tokyo,2017-12-13,sunny,10.2,13.7,7.6,0.0
Tokyo,2017-12-14,sunny,10.9,16.5,8.4,0.0
Tokyo,2017-12-15,sunny,10.7,15.7,6.3,0.0
Tokyo,2017-12-16,sunny,10.1,15.6,5.9,0.0
Tokyo,2017-12-17,sunny,10.8,16.5,7.5,0.0
Tokyo,2017-12-18,sunny,11.2,15.5,9.1,0.0
Tokyo,2017-12-19,sunny,11.0,16.9,5.5,0.0
Tokyo,2017-12-20,sunny,11.0,16.0,7.8,0.0
Tokyo,2017-12-21,sunny,9.8,15.9,8.0,0.0
Tokyo,2017-12-22,sunny,8.2,11.6,4.8,0.0
Tokyo,2017-12-23,sunny,11.0,14.4,9.4,0.0
Tokyo,2017-12-24,rainy,9.2,11.3,7.5,15.06
Tokyo,2017-12-25,sunny,9.3,15.7,4.8,0.0
Tokyo,2017-12-26,sunny,10.3,14.9,8.7,0.0
Tokyo,2017-12-27,sunny,9.1,13.2,6.8,0.0
Tokyo,2017-12-28,sunny,11.2,17.0,8.6,0.0
Tokyo,2017-12-29,sunny,7.3,12.5,3.5,0.0
Tokyo,2017-12-30,rainy,9.7,9.8,8.4,28.58
Tokyo,2017-12-31,rainy,9.6,10.5,8.8,25.71
Tokyo,2018-01-01,rainy,7.7,8.8,6.6,9.15
Tokyo,2018-01-02,rainy,4.2,5.2,2.1,19.22
Tokyo,2018-01-03,rainy,5.0,5.3,3.9,23.77
Tokyo,2018-01-04,rainy,5.8,5.9,4.9,13.17
Tokyo,2018-01-05,sunny,8.7,14.0,5.5,0.0
Tokyo,2018-01-06,sunny,7.5,9.4,4.9,0.0
Tokyo,2018-01-07,sunny,6.4,9.7,3.4,0.0
Tokyo,2018-01-08,sunny,8.7,13.3,5.4,0.0
Tokyo,2018-01-09,sunny,9.0,14.5,6.8,0.0
Tokyo,2018-01-10,sunny,8.2,14.2,7.5,0.0
Tokyo,2018-01-11,cloudy,6.7,8.2,3.2,0.0
Tokyo,2018-01-12,cloudy,6.4,7.7,3.5,0.0
Tokyo,2018-01-13,sunny,7.5,12.0,4.4,0.0
Tokyo,2018-01-14,sunny,8.7,12.8,5.8,0.0
Tokyo,2018-01-15,sunny,6.6,12.1,3.3,0.0
Tokyo,2018-01-16,sunny,6.4,9.8,5.0,0.0
Tokyo,2018-01-17,sunny,6.6,12.0,4.0,0.0
Tokyo,2018-01-18,rainy,7.0,7.8,6.6,20.51
Tokyo,2018-01-19,rainy,5.9,7.2,4.6,14.59
Tokyo,2018-01-20,sunny,6.6,12.2,4.8,0.0
Tokyo,2018-01-21,cloudy,5.5,7.6,4.0,0.0
Tokyo,2018-01-22,sunny,6.0,11.7,2.7,0.0
Tokyo,2018-01-23,sunny,6.0,10.6,1.9,0.0
Tokyo,2018-01-24,rainy,4.4,5.5,3.7,21.18
Tokyo,2018-01-25,rainy,4.9,5.1,4.2,14.97
Tokyo,2018-01-26,sunny,3.4,8.2,0.3,0.0
Tokyo,2018-01-27,sunny,5.4,11.5,3.3,0.0
Tokyo,2018-01-28,sunny,6.4,12.3,1.7,0.0
Tokyo,2018-01-29,sunny,6.1,10.4,2.6,0.0
Tokyo,2018-01-30,sunny,6.7,13.1,3.7,0.0
Tokyo,2018-01-31,sunny,5.4,10.0,2.2,0.0
Tokyo,2018-02-01,sunny,5.0,9.4,0.3,0.0
Tokyo,2018-02-02,sunny,4.9,10.8,2.1,0.0
Tokyo,2018-02-03,cloudy,6.7,10.1,5.5,0.0
Tokyo,2018-02-04,rainy,3.9,6.2,3.8,12.32
Tokyo,2018-02-05,rainy,5.9,6.2,4.9,9.45
Tokyo,2018-02-06,sunny,5.9,9.9,3.5,0.0
Tokyo,2018-02-07,sunny,6.3,10.7,3.4,0.0
Tokyo,2018-02-08,sunny,4.3,8.8,0.1,0.0
Tokyo,2018-02-09,sunny,4.2,9.2,0.4,0.0
Tokyo,2018-02-10,sunny,5.8,11.0,2.4,0.0
Tokyo,2018-02-11,sunny,5.0,9.7,2.6,0.0
Tokyo,2018-02-12,sunny,8.2,13.9,6.8,0.0
Tokyo,2018-02-13,sunny,8.2,11.8,4.7,0.0
Tokyo,2018-02-14,cloudy,6.4,8.0,4.9,0.0
Tokyo,2018-02-15,sunny,5.7,10.9,1.3,0.0
Tokyo,2018-02-16,sunny,4.4,9.5,2.6,0.0
Tokyo,2018-02-17,cloudy,6.4,9.9,4.7,0.0
Tokyo,2018-02-18,sunny,7.0,14.1,4.1,0.0
Tokyo,2018-02-19,sunny,6.0,11.1,4.6,0.0
Tokyo,2018-02-20,sunny,7.7,12.9,3.6,0.0
Tokyo,2018-02-21,sunny,9.6,15.5,6.5,0.0
Tokyo,2018-02-22,sunny,8.2,12.2,5.1,0.0
Tokyo,2018-02-23,sunny,8.0,13.4,5.2,0.0
Tokyo,2018-02-24,sunny,5.4,12.5,1.8,0.0
Tokyo,2018-02-25,sunny,6.4,10.4,3.2,0.0
Tokyo,2018-02-26,sunny,8.6,12.5,6.6,0.0
Tokyo,2018-02-27,sunny,6.9,12.0,3.7,0.0
Tokyo,2018-02-28,sunny,6.9,9.9,4.1,0.0
Tokyo,2018-03-01,sunny,7.0,13.2,2.5,0.0
Tokyo,2018-03-02,sunny,8.4,13.0,6.3,0.0
Tokyo,2018-03-03,sunny,6.7,10.7,3.4,0.0
Tokyo,2018-03-04,sunny,6.6,11.9,2.4,0.0
Tokyo,2018-03-05,sunny,6.8,12.4,4.4,0.0
Tokyo,2018-03-06,sunny,6.7,12.4,2.3,0.0
Tokyo,2018-03-07,sunny,7.2,13.6,6.1,0.0
Tokyo,2018-03-08,sunny,6.8,10.4,2.5,0.0
Tokyo,2018-03-09,sunny,7.7,13.6,5.2,0.0
Tokyo,2018-03-10,sunny,8.1,12.6,5.6,0.0
Tokyo,2018-03-11,sunny,10.6,14.2,7.4,0.0
Tokyo,2018-03-12,sunny,8.3,12.8,5.9,0.0
Tokyo,2018-03-13,sunny,7.7,13.0,4.4,0.0
Tokyo,2018-03-14,cloudy,8.6,9.9,8.1,0.0
Tokyo,2018-03-15,sunny,9.2,14.1,7.2,0.0
Tokyo,2018-03-16,sunny,11.6,18.0,9.4,0.0
Tokyo,2018-03-17,sunny,10.3,16.1,6.5,0.0
Tokyo,2018-03-18,sunny,10.4,13.7,6.1,0.0
Tokyo,2018-03-19,sunny,7.3,13.2,3.7,0.0
Tokyo,2018-03-20,sunny,9.5,13.3,5.6,0.0
Tokyo,2018-03-21,sunny,9.3,14.2,6.4,0.0
Tokyo,2018-03-22,sunny,8.7,12.6,4.6,0.0
Tokyo,2018-03-23,sunny,11.8,15.4,8.0,0.0
Tokyo,2018-03-24,sunny,10.9,16.1,7.9,0.0
Tokyo,2018-03-25,cloudy,9.0,12.2,7.1,0.0
Tokyo,2018-03-26,rainy,10.5,12.6,9.4,23.64
Tokyo,2018-03-27,rainy,7.6,7.7,6.4,12.35
Tokyo,2018-03-28,sunny,10.8,17.1,8.9,0.0
Tokyo,2018-03-29,sunny,9.6,15.7,9.1,0.0
Tokyo,2018-03-30,sunny,11.5,16.5,8.5,0.0
Tokyo,2018-03-31,rainy,9.7,11.8,9.1,22.73
Tokyo,2018-04-01,sunny,11.8,17.3,8.6,0.0
Tokyo,2018-04-02,sunny,9.7,14.6,5.4,0.0
Tokyo,2018-04-03,sunny,11.2,15.7,7.9,0.0
Tokyo,2018-04-04,sunny,12.9,19.3,10.3,0.0
Tokyo,2018-04-05,sunny,12.5,17.6,9.4,0.0
Tokyo,2018-04-06,sunny,12.1,16.9,8.0,0.0
Tokyo,2018-04-07,cloudy,12.5,14.0,9.7,0.0
Tokyo,2018-04-08,sunny,15.2,20.5,12.0,0.0
Tokyo,2018-04-09,sunny,13.0,16.7,9.3,0.0
Tokyo,2018-04-10,sunny,13.1,18.6,9.3,0.0
Tokyo,2018-04-11,sunny,12.5,17.1,10.0,0.0
Tokyo,2018-04-12,sunny,12.9,18.5,11.2,0.0
Tokyo,2018-04-13,rainy,11.6,14.7,11.3,22.73
Tokyo,2018-04-14,cloudy,13.2,14.5,9.5,0.0
Tokyo,2018-04-15,sunny,12.9,18.4,10.3,0.0
Tokyo,2018-04-16,sunny,13.0,17.7,11.6,0.0
Tokyo,2018-04-17,sunny,14.2,18.6,11.0,0.0
Tokyo,2018-04-18,sunny,14.1,19.0,11.8,0.0
Tokyo,2018-04-19,sunny,15.4,18.7,13.2,0.0
Tokyo,2018-04-20,sunny,15.2,20.6,10.1,0.0
Tokyo,2018-04-21,sunny,15.6,21.7,14.2,0.0
Tokyo,2018-04-22,sunny,15.1,19.6,11.8,0.0
Tokyo,2018-04-23,sunny,14.1,19.1,10.8,0.0
Tokyo,2018-04-24,cloudy,15.5,17.6,12.6,0.0
Tokyo,2018-04-25,sunny,16.5,24.2,14.1,0.0
Tokyo,2018-04-26,sunny,17.5,21.2,14.7,0.0
Tokyo,2018-04-27,cloudy,14.9,16.7,12.1,0.0
Tokyo,2018-04-28,sunny,16.1,21.5,12.9,0.0
Tokyo,2018-04-29,sunny,17.9,20.9,14.7,0.0
Tokyo,2018-04-30,sunny,17.1,23.0,13.8,0.0
Tokyo,2018-05-01,sunny,16.6,22.6,12.7,0.0
Tokyo,2018-05-02,sunny,17.0,22.9,14.0,0.0
Tokyo,2018-05-03,cloudy,18.0,18.7,17.1,0.0
Tokyo,2018-05-04,sunny,19.0,25.3,15.4,0.0
Tokyo,2018-05-05,sunny,19.8,23.4,16.7,0.0
Tokyo,2018-05-06,cloudy,17.4,19.9,15.3,0.0
Tokyo,2018-05-07,sunny,18.7,24.7,14.9,0.0
Tokyo,2018-05-08,sunny,19.5,23.6,17.2,0.0
Tokyo,2018-05-09,sunny,19.5,25.2,17.1,0.0
Tokyo,2018-05-10,cloudy,20.3,23.3,16.4,0.0
Tokyo,2018-05-11,sunny,20.1,25.2,17.8,0.0
Tokyo,2018-05-12,sunny,20.9,22.0,19.5,0.0
Tokyo,2018-05-13,cloudy,20.2,22.0,17.2,0.0
Tokyo,2018-05-14,cloudy,21.2,24.7,19.4,0.0
Tokyo,2018-05-15,sunny,22.3,26.9,20.6,0.0
Tokyo,2018-05-16,sunny,19.8,25.9,17.2,0.0
Tokyo,2018-05-17,sunny,19.1,23.7,14.0,0.0
Tokyo,2018-05-18,sunny,20.4,25.9,18.6,0.0
Tokyo,2018-05-19,sunny,21.6,27.1,17.8,0.0
Tokyo,2018-05-20,sunny,20.3,25.0,15.1,0.0
Tokyo,2018-05-21,sunny,22.2,27.7,21.6,0.0
Tokyo,2018-05-22,sunny,23.4,27.6,20.6,0.0
Tokyo,2018-05-23,sunny,22.6,26.6,20.7,0.0
Tokyo,2018-05-24,sunny,23.8,27.8,20.9,0.0
Tokyo,2018-05-25,sunny,23.9,26.7,19.1,0.0
Tokyo,2018-05-26,sunny,23.1,27.9,19.7,0.0
Tokyo,2018-05-27,cloudy,24.1,25.3,23.8,0.0
Tokyo,2018-05-28,sunny,25.5,31.7,23.1,0.0
Tokyo,2018-05-29,rainy,24.5,24.8,22.5,22.73
Tokyo,2018-05-30,sunny,22.8,27.1,19.7,0.0
Tokyo,2018-05-31,cloudy,23.1,26.0,22.5,0.0
Tokyo,2018-06-01,sunny,23.2,28.9,19.0,0.0
Tokyo,2018-06-02,cloudy,23.5,24.9,23.3,0.0
Tokyo,2018-06-03,sunny,24.8,28.2,22.1,0.0
Tokyo,2018-06-04,rainy,24.8,25.7,23.4,13.95
Tokyo,2018-06-05,rainy,23.9,24.7,23.6,17.34
Tokyo,2018-06-06,sunny,27.1,32.4,24.2,0.0
Tokyo,2018-06-07,cloudy,26.4,29.1,23.7,0.0
Tokyo,2018-06-08,rainy,26.9,28.0,25.3,6.58
Tokyo,2018-06-09,sunny,26.8,33.5,23.5,0.0
Tokyo,2018-06-10,sunny,24.5,28.7,20.5,0.0
Tokyo,2018-06-11,sunny,26.6,31.5,22.5,0.0
Tokyo,2018-06-12,sunny,24.6,31.3,22.5,0.0
Tokyo,2018-06-13,rainy,25.9,26.4,25.7,27.63
Tokyo,2018-06-14,rainy,27.0,27.5,25.0,15.98
Tokyo,2018-06-15,rainy,25.2,25.6,24.3,16.28
Tokyo,2018-06-16,sunny,26.0,32.1,24.2,0.0
Tokyo,2018-06-17,cloudy,26.7,29.5,26.0,0.0
Tokyo,2018-06-18,rainy,25.8,27.6,25.4,23.88
Tokyo,2018-06-19,rainy,23.3,25.0,22.1,13.57
Tokyo,2018-06-20,sunny,27.7,31.8,25.8,0.0
Tokyo,2018-06-21,sunny,27.7,34.1,24.7,0.0
Tokyo,2018-06-22,sunny,28.3,33.0,27.0,0.0
Tokyo,2018-06-23,cloudy,27.3,29.5,27.2,0.0
Tokyo,2018-06-24,sunny,27.7,35.3,25.4,0.0
Tokyo,2018-06-25,sunny,26.4,32.1,24.1,0.0
Tokyo,2018-06-26,sunny,26.5,29.7,22.6,0.0
Tokyo,2018-06-27,sunny,27.8,33.7,23.4,0.0
Tokyo,2018-06-28,sunny,29.2,35.0,27.0,0.0
Tokyo,2018-06-29,sunny,29.9,35.4,26.7,0.0
Tokyo,2018-06-30,sunny,31.1,36.7,27.5,0.0
Tokyo,2018-07-01,sunny,29.7,35.1,25.9,0.0
Tokyo,2018-07-02,sunny,29.3,34.2,24.5,0.0
Tokyo,2018-07-03,rainy,27.8,28.9,27.1,17.27
Tokyo,2018-07-04,rainy,28.9,30.0,26.8,20.15
Tokyo,2018-07-05,rainy,26.0,26.1,24.9,19.2
Tokyo,2018-07-06,sunny,30.5,34.0,27.6,0.0
Tokyo,2018-07-07,sunny,29.5,33.5,25.2,0.0
Tokyo,2018-07-08,sunny,29.2,36.5,26.5,0.0
Tokyo,2018-07-09,sunny,30.4,34.4,26.7,0.0
Tokyo,2018-07-10,sunny,29.6,35.3,26.9,0.0
Tokyo,2018-07-11,sunny,32.2,35.2,29.0,0.0
Tokyo,2018-07-12,sunny,31.8,36.1,29.4,0.0
Tokyo,2018-07-13,sunny,29.3,33.0,25.9,0.0
Tokyo,2018-07-14,sunny,31.2,35.9,27.8,0.0
Tokyo,2018-07-15,sunny,32.4,38.1,28.4,0.0
Tokyo,2018-07-16,cloudy,30.7,32.7,29.5,0.0
Tokyo,2018-07-17,rainy,29.5,31.4,29.5,18.11
Tokyo,2018-07-18,sunny,30.9,35.5,26.6,0.0
Tokyo,2018-07-19,sunny,34.0,38.6,32.2,0.0
Tokyo,2018-07-20,rainy,31.7,34.2,31.1,18.21
Tokyo,2018-07-21,rainy,28.7,29.5,27.4,19.04
Tokyo,2018-07-22,sunny,32.4,37.1,27.9,0.0
Tokyo,2018-07-23,sunny,32.9,39.1,29.9,0.0
Tokyo,2018-07-24,sunny,32.2,38.1,29.0,0.0
Tokyo,2018-07-25,sunny,32.7,37.2,30.7,0.0
Tokyo,2018-07-26,rainy,28.0,28.3,27.1,15.85
Tokyo,2018-07-27,rainy,31.0,32.2,29.7,25.19
Tokyo,2018-07-28,sunny,31.6,36.0,29.7,0.0
Tokyo,2018-07-29,sunny,33.3,38.1,32.0,0.0
Tokyo,2018-07-30,sunny,32.9,37.7,28.1,0.0
Tokyo,2018-07-31,sunny,32.8,37.0,30.4,0.0
Tokyo,2018-08-01,sunny,34.0,40.3,31.2,0.0
Tokyo,2018-08-02,cloudy,33.3,35.4,31.1,0.0
Tokyo,2018-08-03,rainy,32.0,32.6,30.7,38.36
Tokyo,2018-08-04,sunny,33.7,38.6,30.6,0.0
Tokyo,2018-08-05,sunny,33.9,38.5,30.9,0.0
Tokyo,2018-08-06,sunny,32.5,39.0,30.0,0.0
Tokyo,2018-08-07,sunny,32.6,41.1,29.0,0.0
Tokyo,2018-08-08,sunny,30.9,36.7,29.0,0.0
Tokyo,2018-08-09,cloudy,31.0,32.7,28.6,0.0
Tokyo,2018-08-10,cloudy,31.9,34.4,30.2,0.0
Tokyo,2018-08-11,sunny,32.1,35.2,29.7,0.0
Tokyo,2018-08-12,sunny,31.4,36.4,28.1,0.0
Tokyo,2018-08-13,sunny,31.2,36.6,26.9,0.0
Tokyo,2018-08-14,sunny,31.2,34.8,26.5,0.0
Tokyo,2018-08-15,sunny,31.2,38.4,27.5,0.0
Tokyo,2018-08-16,sunny,31.2,36.8,28.8,0.0
Tokyo,2018-08-17,sunny,31.9,36.4,27.9,0.0
Tokyo,2018-08-18,cloudy,32.8,34.7,31.5,0.0
Tokyo,2018-08-19,rainy,30.3,31.5,27.1,24.8
Tokyo,2018-08-20,sunny,30.8,35.8,27.4,0.0
Tokyo,2018-08-21,sunny,30.6,35.7,26.3,0.0
Tokyo,2018-08-22,sunny,31.6,38.2,28.2,0.0
Tokyo,2018-08-23,sunny,29.4,33.4,25.3,0.0
Tokyo,2018-08-24,sunny,30.0,35.7,26.1,0.0
Tokyo,2018-08-25,sunny,29.7,35.2,27.0,0.0
Tokyo,2018-08-26,sunny,29.3,35.0,25.8,0.0
Tokyo,2018-08-27,sunny,31.0,36.4,28.9,0.0
Tokyo,2018-08-28,sunny,30.7,33.6,26.6,0.0
Tokyo,2018-08-29,sunny,28.3,32.6,25.2,0.0
Tokyo,2018-08-30,cloudy,31.0,32.7,27.1,0.0
Tokyo,2018-08-31,sunny,31.3,36.8,28.5,0.0
Tokyo,2018-09-01,sunny,31.5,37.6,27.9,0.0
Tokyo,2018-09-02,sunny,29.6,32.9,28.0,0.0
Tokyo,2018-09-03,sunny,28.7,34.1,26.2,0.0
Tokyo,2018-09-04,sunny,31.2,34.2,30.9,0.0
Tokyo,2018-09-05,cloudy,31.8,34.0,29.7,0.0
Tokyo,2018-09-06,sunny,30.6,35.0,25.8,0.0
Tokyo,2018-09-07,sunny,29.8,35.0,24.5,0.0
Tokyo,2018-09-08,sunny,31.2,36.1,27.6,0.0
Tokyo,2018-09-09,sunny,32.2,37.3,28.6,0.0
Tokyo,2018-09-10,sunny,30.6,34.9,27.6,0.0
Tokyo,2018-09-11,sunny,29.7,34.6,26.7,0.0
Tokyo,2018-09-12,sunny,29.7,35.7,24.9,0.0
Tokyo,2018-09-13,sunny,29.8,35.6,27.2,0.0
Tokyo,2018-09-14,cloudy,30.5,32.7,30.1,0.0
Tokyo,2018-09-15,sunny,29.0,34.7,24.5,0.0
Tokyo,2018-09-16,sunny,30.3,35.9,26.5,0.0
Tokyo,2018-09-17,sunny,29.7,33.9,26.6,0.0
Tokyo,2018-09-18,sunny,29.3,33.6,25.8,0.0
Tokyo,2018-09-19,sunny,28.4,32.3,25.3,0.0
Tokyo,2018-09-20,cloudy,28.2,30.9,25.6,0.0
Tokyo,2018-09-21,cloudy,29.1,30.2,27.9,0.0
Tokyo,2018-09-22,sunny,28.5,34.3,26.0,0.0
Tokyo,2018-09-23,sunny,28.9,34.5,26.2,0.0
Tokyo,2018-09-24,cloudy,29.1,30.7,26.8,0.0
Tokyo,2018-09-25,sunny,29.6,33.5,25.7,0.0
Tokyo,2018-09-26,sunny,28.7,33.9,27.2,0.0
Tokyo,2018-09-27,sunny,28.2,33.0,25.7,0.0
Tokyo,2018-09-28,sunny,27.0,30.0,22.8,0.0
Tokyo,2018-09-29,sunny,27.0,31.1,23.8,0.0
Tokyo,2018-09-30,sunny,27.3,32.9,23.9,0.0
Tokyo,2018-10-01,sunny,26.6,32.0,22.9,0.0
Tokyo,2018-10-02,sunny,27.4,31.6,22.7,0.0
Tokyo,2018-10-03,sunny,27.0,33.0,23.3,0.0
Tokyo,2018-10-04,sunny,27.3,30.9,24.2,0.0
Tokyo,2018-10-05,sunny,25.2,29.3,21.6,0.0
Tokyo,2018-10-06,sunny,24.4,29.7,22.2,0.0
Tokyo,2018-10-07,cloudy,26.1,27.8,24.3,0.0
Tokyo,2018-10-08,sunny,24.5,28.1,21.5,0.0
Tokyo,2018-10-09,sunny,23.7,29.6,19.2,0.0
Tokyo,2018-10-10,sunny,24.9,31.3,22.8,0.0
Tokyo,2018-10-11,sunny,24.4,27.3,21.7,0.0
Tokyo,2018-10-12,sunny,26.1,29.9,23.3,0.0
Tokyo,2018-10-13,cloudy,25.3,26.6,24.3,0.0
Tokyo,2018-10-14,sunny,25.8,32.3,21.5,0.0
Tokyo,2018-10-15,cloudy,24.3,27.1,22.9,0.0
Tokyo,2018-10-16,rainy,21.4,23.1,20.9,7.21
Tokyo,2018-10-17,sunny,23.3,27.5,20.6,0.0
Tokyo,2018-10-18,sunny,21.3,25.2,19.4,0.0
Tokyo,2018-10-19,rainy,20.1,22.0,19.0,19.22
Tokyo,2018-10-20,rainy,20.8,20.8,17.7,11.9
Tokyo,2018-10-21,sunny,21.8,27.3,20.1,0.0
Tokyo,2018-10-22,sunny,19.9,24.7,15.8,0.0
Tokyo,2018-10-23,cloudy,21.6,24.1,20.5,0.0
Tokyo,2018-10-24,cloudy,22.7,26.3,22.2,0.0
Tokyo,2018-10-25,sunny,19.8,27.1,17.1,0.0
Tokyo,2018-10-26,cloudy,19.9,21.4,18.3,0.0
Tokyo,2018-10-27,sunny,19.8,25.1,17.4,0.0
Tokyo,2018-10-28,sunny,20.9,26.0,18.5,0.0
Tokyo,2018-10-29,sunny,21.1,27.6,16.9,0.0
Tokyo,2018-10-30,sunny,19.5,25.7,15.1,0.0
Tokyo,2018-10-31,sunny,19.0,24.2,15.0,0.0
Tokyo,2018-11-01,sunny,20.2,24.8,16.8,0.0
Tokyo,2018-11-02,sunny,20.3,25.5,19.9,0.0
Tokyo,2018-11-03,sunny,20.2,25.0,16.4,0.0
Tokyo,2018-11-04,sunny,20.4,24.4,16.1,0.0
Tokyo,2018-11-05,sunny,20.1,23.7,15.3,0.0
Tokyo,2018-11-06,sunny,17.8,22.6,15.5,0.0
Tokyo,2018-11-07,sunny,19.2,24.4,16.1,0.0
Tokyo,2018-11-08,sunny,18.5,23.0,15.4,0.0
Tokyo,2018-11-09,sunny,18.3,22.5,15.4,0.0
Tokyo,2018-11-10,sunny,18.8,24.7,14.4,0.0
Tokyo,2018-11-11,sunny,20.6,24.7,17.0,0.0
Tokyo,2018-11-12,sunny,18.3,23.7,14.6,0.0
Tokyo,2018-11-13,sunny,16.7,20.1,12.8,0.0
Tokyo,2018-11-14,sunny,17.3,24.1,15.3,0.0
Tokyo,2018-11-15,cloudy,16.9,19.6,15.4,0.0
Tokyo,2018-11-16,sunny,16.4,21.7,13.3,0.0
Tokyo,2018-11-17,sunny,15.3,18.4,11.9,0.0
Tokyo,2018-11-18,sunny,16.6,22.2,14.3,0.0
Tokyo,2018-11-19,cloudy,15.1,16.2,12.5,0.0
Tokyo,2018-11-20,sunny,16.0,21.5,13.6,0.0
Tokyo,2018-11-21,sunny,14.3,20.5,11.0,0.0
Tokyo,2018-11-22,rainy,15.4,16.0,13.9,15.28
Tokyo,2018-11-23,cloudy,14.3,16.4,12.7,0.0
Tokyo,2018-11-24,sunny,16.0,21.7,12.1,0.0
Tokyo,2018-11-25,sunny,13.7,18.8,10.0,0.0
Tokyo,2018-11-26,sunny,12.6,18.9,8.9,0.0
Tokyo,2018-11-27,sunny,13.1,18.7,9.6,0.0
Tokyo,2018-11-28,sunny,13.1,17.0,9.6,0.0
Tokyo,2018-11-29,sunny,14.9,19.1,11.7,0.0
Tokyo,2018-11-30,sunny,14.1,19.0,10.8,0.0
Tokyo,2018-12-01,rainy,13.4,15.5,12.1,19.18
Tokyo,2018-12-02,sunny,15.0,20.6,11.8,0.0
Tokyo,2018-12-03,sunny,12.1,16.3,9.9,0.0
Tokyo,2018-12-04,sunny,14.2,18.7,8.6,0.0
Tokyo,2018-12-05,sunny,14.7,20.5,12.0,0.0
Tokyo,2018-12-06,rainy,11.0,12.1,10.6,16.4
Tokyo,2018-12-07,rainy,9.9,10.0,9.0,10.58
Tokyo,2018-12-08,rainy,9.9,10.8,9.8,36.39
Tokyo,2018-12-09,cloudy,11.7,13.8,9.2,0.0
Tokyo,2018-12-10,sunny,11.3,17.1,8.9,0.0
Tokyo,2018-12-11,sunny,10.4,15.5,7.2,0.0
Tokyo,2018-12-12,sunny,10.3,15.5,6.3,0.0
Tokyo,2018-12-13,sunny,12.0,15.6,10.4,0.0
Tokyo,2018-12-14,sunny,9.5,14.8,7.8,0.0
Tokyo,2018-12-15,sunny,9.5,14.4,7.2,0.0
Tokyo,2018-12-16,sunny,10.1,15.3,7.1,0.0
Tokyo,2018-12-17,rainy,9.3,10.8,8.3,32.98
Tokyo,2018-12-18,rainy,9.3,9.7,7.7,12.2
Tokyo,2018-12-19,sunny,9.8,15.1,8.0,0.0
Tokyo,2018-12-20,sunny,8.9,13.4,6.1,0.0
Tokyo,2018-12-21,rainy,8.9,9.2,8.6,11.99
Tokyo,2018-12-22,rainy,8.9,10.4,7.1,7.96
Tokyo,2018-12-23,sunny,11.5,18.4,8.9,0.0
Tokyo,2018-12-24,sunny,8.6,12.5,5.0,0.0
Tokyo,2018-12-25,sunny,11.6,16.0,9.0,0.0
Tokyo,2018-12-26,sunny,11.9,15.5,8.6,0.0
Tokyo,2018-12-27,sunny,9.9,14.0,6.0,0.0
Tokyo,2018-12-28,cloudy,10.2,12.0,8.0,0.0
Tokyo,2018-12-29,sunny,7.9,11.1,3.9,0.0
Tokyo,2018-12-30,sunny,10.1,14.4,7.0,0.0
Tokyo,2018-12-31,sunny,9.0,13.0,6.0,0.0
Tokyo,2019-01-01,sunny,9.8,13.3,7.7,0.0
Tokyo,2019-01-02,sunny,6.9,12.2,3.6,0.0
Tokyo,2019-01-03,sunny,8.1,12.0,3.8,0.0
Tokyo,2019-01-04,sunny,6.5,10.8,5.1,0.0
Tokyo,2019-01-05,sunny,6.6,12.5,4.4,0.0
Tokyo,2019-01-06,cloudy,7.9,9.2,7.0,0.0
Tokyo,2019-01-07,sunny,7.4,12.5,4.8,0.0
Tokyo,2019-01-08,sunny,7.9,15.5,4.9,0.0
Tokyo,2019-01-09,sunny,6.7,9.9,4.6,0.0
Tokyo,2019-01-10,sunny,8.2,13.2,6.7,0.0
Tokyo,2019-01-11,cloudy,7.9,8.7,6.3,0.0
Tokyo,2019-01-12,sunny,8.5,12.8,5.6,0.0
Tokyo,2019-01-13,sunny,7.9,13.1,4.2,0.0
Tokyo,2019-01-14,sunny,7.0,12.2,4.6,0.0
Tokyo,2019-01-15,sunny,4.6,8.2,0.7,0.0
Tokyo,2019-01-16,sunny,6.4,10.2,4.5,0.0
Tokyo,2019-01-17,sunny,5.5,9.9,2.0,0.0
Tokyo,2019-01-18,sunny,5.8,11.5,3.0,0.0
Tokyo,2019-01-19,cloudy,5.4,6.8,3.9,0.0
Tokyo,2019-01-20,sunny,6.8,11.7,4.8,0.0
Tokyo,2019-01-21,sunny,5.1,11.2,2.3,0.0
Tokyo,2019-01-22,sunny,6.4,12.8,3.6,0.0
Tokyo,2019-01-23,sunny,6.6,12.7,5.4,0.0
Tokyo,2019-01-24,cloudy,5.7,6.6,5.2,0.0
Tokyo,2019-01-25,sunny,4.5,11.0,1.5,0.0
Tokyo,2019-01-26,sunny,4.8,7.7,2.1,0.0
Tokyo,2019-01-27,sunny,8.7,13.0,5.9,0.0
Tokyo,2019-01-28,sunny,6.1,11.0,4.7,0.0
Tokyo,2019-01-29,sunny,6.0,10.8,1.7,0.0
Tokyo,2019-01-30,sunny,6.5,10.5,3.0,0.0
Tokyo,2019-01-31,sunny,5.7,9.1,1.6,0.0
Tokyo,2019-02-01,sunny,3.8,7.0,-1.5,0.0
Tokyo,2019-02-02,sunny,4.7,8.4,3.4,0.0
Tokyo,2019-02-03,sunny,5.9,9.7,2.3,0.0
Tokyo,2019-02-04,sunny,6.4,11.0,2.9,0.0
Tokyo,2019-02-05,sunny,5.3,10.2,2.5,0.0
Tokyo,2019-02-06,sunny,3.7,8.4,1.5,0.0
Tokyo,2019-02-07,sunny,4.6,7.5,1.1,0.0
Tokyo,2019-02-08,sunny,5.3,10.2,0.8,0.0
Tokyo,2019-02-09,sunny,5.2,10.4,5.0,0.0
Tokyo,2019-02-10,sunny,4.4,8.8,1.2,0.0
Tokyo,2019-02-11,rainy,4.9,5.1,3.8,42.04
Tokyo,2019-02-12,sunny,5.8,11.5,3.3,0.0
Tokyo,2019-02-13,sunny,4.9,8.6,2.5,0.0
Tokyo,2019-02-14,sunny,6.3,10.7,3.1,0.0
Tokyo,2019-02-15,sunny,7.8,13.5,4.7,0.0
Tokyo,2019-02-16,sunny,6.7,11.1,4.0,0.0
Tokyo,2019-02-17,sunny,5.9,10.1,1.9,0.0
Tokyo,2019-02-18,cloudy,5.3,8.4,1.8,0.0
Tokyo,2019-02-19,sunny,7.3,11.8,4.4,0.0
Tokyo,2019-02-20,sunny,6.2,13.2,1.7,0.0
Tokyo,2019-02-21,rainy,5.1,6.3,2.8,19.78
Tokyo,2019-02-22,rainy,7.7,8.1,5.5,16.21
Tokyo,2019-02-23,sunny,9.8,14.3,9.2,0.0
Tokyo,2019-02-24,sunny,7.1,12.0,3.5,0.0
Tokyo,2019-02-25,sunny,5.6,12.5,2.6,0.0
Tokyo,2019-02-26,sunny,8.0,12.5,3.8,0.0
Tokyo,2019-02-27,sunny,7.5,11.9,4.9,0.0
Tokyo,2019-02-28,sunny,7.1,12.7,3.2,0.0
Tokyo,2019-03-01,sunny,6.4,10.9,2.7,0.0
Tokyo,2019-03-02,sunny,5.9,11.7,2.8,0.0
Tokyo,2019-03-03,sunny,6.1,9.7,4.0,0.0
Tokyo,2019-03-04,sunny,8.8,14.0,4.7,0.0
Tokyo,2019-03-05,sunny,6.3,11.7,4.6,0.0
Tokyo,2019-03-06,sunny,5.7,11.0,2.0,0.0
Tokyo,2019-03-07,rainy,6.3,7.6,4.9,10.34
Tokyo,2019-03-08,rainy,8.7,11.0,7.5,43.59
Tokyo,2019-03-09,rainy,6.1,7.9,5.0,27.48
Tokyo,2019-03-10,sunny,7.7,13.2,5.1,0.0
Tokyo,2019-03-11,rainy,8.6,10.6,7.7,12.62
Tokyo,2019-03-12,sunny,8.1,14.4,4.4,0.0
Tokyo,2019-03-13,sunny,7.1,12.6,2.5,0.0
Tokyo,2019-03-14,sunny,7.2,11.0,4.0,0.0
Tokyo,2019-03-15,sunny,8.9,14.3,4.7,0.0
Tokyo,2019-03-16,sunny,9.2,13.5,4.9,0.0
Tokyo,2019-03-17,sunny,9.8,15.2,6.6,0.0
Tokyo,2019-03-18,sunny,8.2,12.9,3.9,0.0
Tokyo,2019-03-19,sunny,9.6,14.6,7.6,0.0
Tokyo,2019-03-20,rainy,7.8,9.6,7.7,18.06
Tokyo,2019-03-21,rainy,9.2,10.8,7.7,6.6
Tokyo,2019-03-22,rainy,9.3,9.7,6.7,4.45
Tokyo,2019-03-23,sunny,9.8,14.5,7.0,0.0
Tokyo,2019-03-24,sunny,10.9,17.4,7.0,0.0
Tokyo,2019-03-25,sunny,9.6,15.3,6.6,0.0
Tokyo,2019-03-26,cloudy,10.8,13.1,7.6,0.0
Tokyo,2019-03-27,sunny,11.3,15.9,8.0,0.0
Tokyo,2019-03-28,sunny,12.3,18.8,8.0,0.0
Tokyo,2019-03-29,sunny,10.8,15.4,8.0,0.0
Tokyo,2019-03-30,sunny,10.6,15.3,9.3,0.0
Tokyo,2019-03-31,sunny,10.0,15.7,8.2,0.0
Tokyo,2019-04-01,rainy,8.7,10.1,7.5,23.61
Tokyo,2019-04-02,sunny,11.6,16.1,10.5,0.0
Tokyo,2019-04-03,sunny,12.9,17.1,8.5,0.0
Tokyo,2019-04-04,sunny,12.4,18.8,10.6,0.0
Tokyo,2019-04-05,sunny,12.8,18.7,9.1,0.0
Tokyo,2019-04-06,sunny,13.0,18.1,9.8,0.0
Tokyo,2019-04-07,sunny,12.2,16.4,9.3,0.0
Tokyo,2019-04-08,sunny,11.8,17.5,6.7,0.0
Tokyo,2019-04-09,sunny,12.8,18.2,10.4,0.0
Tokyo,2019-04-10,sunny,11.6,17.4,10.1,0.0
Tokyo,2019-04-11,sunny,13.0,19.1,9.0,0.0
Tokyo,2019-04-12,sunny,11.3,16.5,7.6,0.0
Tokyo,2019-04-13,sunny,14.4,19.9,11.5,0.0
Tokyo,2019-04-14,cloudy,16.3,19.0,13.8,0.0
Tokyo,2019-04-15,sunny,16.0,20.6,14.1,0.0
Tokyo,2019-04-16,sunny,14.8,18.2,13.0,0.0
Tokyo,2019-04-17,sunny,14.3,18.7,10.7,0.0
Tokyo,2019-04-18,sunny,15.0,19.6,13.1,0.0
Tokyo,2019-04-19,sunny,14.8,19.4,11.9,0.0
Tokyo,2019-04-20,sunny,13.7,18.9,10.9,0.0
Tokyo,2019-04-21,sunny,13.9,18.6,10.8,0.0
Tokyo,2019-04-22,cloudy,16.5,18.3,13.8,0.0
Tokyo,2019-04-23,sunny,17.7,22.5,15.2,0.0
Tokyo,2019-04-24,sunny,16.4,21.4,12.7,0.0
Tokyo,2019-04-25,sunny,16.7,22.3,14.2,0.0
Tokyo,2019-04-26,cloudy,14.7,17.4,13.4,0.0
Tokyo,2019-04-27,sunny,15.9,21.4,13.7,0.0
Tokyo,2019-04-28,sunny,16.2,21.7,14.2,0.0
Tokyo,2019-04-29,sunny,16.8,18.9,14.2,0.0
Tokyo,2019-04-30,sunny,17.5,23.0,14.9,0.0
Tokyo,2019-05-01,rainy,15.0,15.6,14.7,31.5
Tokyo,2019-05-02,rainy,17.3,19.4,16.2,29.26
Tokyo,2019-05-03,sunny,17.0,24.8,14.8,0.0
Tokyo,2019-05-04,sunny,17.6,23.0,16.4,0.0
Tokyo,2019-05-05,sunny,17.3,22.3,15.2,0.0
Tokyo,2019-05-06,rainy,16.8,17.0,15.7,22.61
Tokyo,2019-05-07,rainy,17.0,17.8,14.2,8.34
Tokyo,2019-05-08,rainy,17.6,18.5,16.6,9.09
Tokyo,2019-05-09,sunny,18.7,23.3,15.5,0.0
Tokyo,2019-05-10,sunny,21.1,26.9,18.4,0.0
Tokyo,2019-05-11,sunny,20.3,26.1,17.1,0.0
Tokyo,2019-05-12,sunny,22.7,27.6,19.9,0.0
Tokyo,2019-05-13,sunny,20.8,26.3,18.6,0.0
Tokyo,2019-05-14,sunny,19.6,24.8,17.5,0.0
Tokyo,2019-05-15,sunny,19.3,23.4,15.4,0.0
Tokyo,2019-05-16,rainy,21.2,24.4,20.3,9.86
Tokyo,2019-05-17,rainy,19.5,21.8,19.1,31.97
Tokyo,2019-05-18,rainy,18.9,20.5,16.7,30.53
Tokyo,2019-05-19,rainy,19.1,19.6,17.2,15.92
Tokyo,2019-05-20,cloudy,19.9,22.5,18.1,0.0
Tokyo,2019-05-21,sunny,21.6,26.3,20.0,0.0
Tokyo,2019-05-22,sunny,19.8,24.6,17.1,0.0
Tokyo,2019-05-23,sunny,20.6,26.1,17.4,0.0
Tokyo,2019-05-24,sunny,21.1,25.6,17.8,0.0
Tokyo,2019-05-25,sunny,21.2,27.2,18.2,0.0
Tokyo,2019-05-26,sunny,24.5,30.3,21.3,0.0
Tokyo,2019-05-27,sunny,23.2,28.5,20.6,0.0
Tokyo,2019-05-28,cloudy,24.7,25.2,21.9,0.0
Tokyo,2019-05-29,sunny,21.1,26.9,18.4,0.0
Tokyo,2019-05-30,sunny,23.7,30.0,21.8,0.0
Tokyo,2019-05-31,sunny,23.6,28.1,21.3,0.0
Tokyo,2019-06-01,sunny,24.5,28.6,22.7,0.0
Tokyo,2019-06-02,sunny,24.5,29.2,21.4,0.0
Tokyo,2019-06-03,sunny,22.9,29.5,21.7,0.0
Tokyo,2019-06-04,sunny,23.6,26.9,21.0,0.0
Tokyo,2019-06-05,sunny,25.1,30.6,23.6,0.0
Tokyo,2019-06-06,cloudy,25.9,26.2,23.1,0.0
Tokyo,2019-06-07,sunny,26.0,30.0,23.6,0.0
Tokyo,2019-06-08,cloudy,25.9,26.2,23.9,0.0
Tokyo,2019-06-09,sunny,25.6,30.0,23.6,0.0
Tokyo,2019-06-10,sunny,25.4,32.1,23.7,0.0
Tokyo,2019-06-11,sunny,26.0,31.7,25.1,0.0
Tokyo,2019-06-12,sunny,28.1,32.8,24.4,0.0
Tokyo,2019-06-13,cloudy,29.0,31.5,28.4,0.0
Tokyo,2019-06-14,sunny,27.5,33.5,24.1,0.0
Tokyo,2019-06-15,sunny,27.7,33.7,22.4,0.0
Tokyo,2019-06-16,sunny,27.5,31.8,26.8,0.0
Tokyo,2019-06-17,sunny,27.9,32.4,26.1,0.0
Tokyo,2019-06-18,sunny,27.6,32.2,25.5,0.0
Tokyo,2019-06-19,sunny,27.7,34.1,25.7,0.0
Tokyo,2019-06-20,sunny,27.1,33.7,25.0,0.0
Tokyo,2019-06-21,sunny,27.9,32.8,23.1,0.0
Tokyo,2019-06-22,sunny,29.2,33.9,28.8,0.0
Tokyo,2019-06-23,sunny,30.4,37.1,27.6,0.0
Tokyo,2019-06-24,sunny,29.0,34.5,26.8,0.0
Tokyo,2019-06-25,rainy,26.8,27.8,26.0,21.83
Tokyo,2019-06-26,sunny,29.2,32.4,25.5,0.0
Tokyo,2019-06-27,rainy,27.8,30.8,24.9,25.65
Tokyo,2019-06-28,sunny,28.4,33.6,23.8,0.0
Tokyo,2019-06-29,sunny,26.8,29.3,24.1,0.0
Tokyo,2019-06-30,sunny,28.8,34.5,25.7,0.0
Tokyo,2019-07-01,rainy,28.7,31.2,26.9,34.48
Tokyo,2019-07-02,rainy,26.7,29.1,25.7,22.27
Tokyo,2019-07-03,rainy,26.2,27.4,25.1,33.88
Tokyo,2019-07-04,rainy,25.6,27.0,24.2,30.06
Tokyo,2019-07-05,sunny,27.5,31.8,24.6,0.0
Tokyo,2019-07-06,sunny,28.9,33.6,24.8,0.0
Tokyo,2019-07-07,sunny,29.3,34.3,25.8,0.0
Tokyo,2019-07-08,sunny,27.2,33.2,23.1,0.0
Tokyo,2019-07-09,rainy,27.7,29.3,25.6,16.36
Tokyo,2019-07-10,sunny,30.0,33.7,27.9,0.0
Tokyo,2019-07-11,sunny,30.3,34.8,27.2,0.0
Tokyo,2019-07-12,sunny,29.7,33.9,26.0,0.0
Tokyo,2019-07-13,sunny,29.5,35.5,26.6,0.0
Tokyo,2019-07-14,sunny,29.6,33.0,28.8,0.0
Tokyo,2019-07-15,sunny,31.6,35.7,28.6,0.0
Tokyo,2019-07-16,cloudy,30.5,33.8,28.3,0.0
Tokyo,2019-07-17,sunny,29.8,35.6,26.1,0.0
Tokyo,2019-07-18,sunny,32.1,38.0,30.4,0.0
Tokyo,2019-07-19,rainy,30.7,32.0,30.2,3.96
Tokyo,2019-07-20,rainy,28.7,31.4,28.2,4.88
Tokyo,2019-07-21,rainy,26.3,27.5,25.0,44.82
Tokyo,2019-07-22,rainy,31.2,32.9,30.8,16.32
Tokyo,2019-07-23,sunny,29.6,34.8,24.9,0.0
Tokyo,2019-07-24,sunny,30.7,34.4,27.0,0.0
Tokyo,2019-07-25,cloudy,31.3,33.2,30.5,0.0
Tokyo,2019-07-26,sunny,31.1,35.2,26.4,0.0
Tokyo,2019-07-27,cloudy,30.5,31.7,27.9,0.0
Tokyo,2019-07-28,cloudy,31.7,32.5,30.3,0.0
Tokyo,2019-07-29,cloudy,33.0,34.5,30.7,0.0
Tokyo,2019-07-30,sunny,30.9,34.7,27.9,0.0
Tokyo,2019-07-31,sunny,31.1,36.1,28.7,0.0
Tokyo,2019-08-01,rainy,31.4,33.9,30.8,16.32
Tokyo,2019-08-02,sunny,31.0,38.6,28.6,0.0
Tokyo,2019-08-03,cloudy,32.7,35.3,32.2,0.0
Tokyo,2019-08-04,cloudy,31.1,31.8,28.3,0.0
Tokyo,2019-08-05,sunny,32.0,36.9,30.3,0.0
Tokyo,2019-08-06,sunny,33.9,38.9,32.7,0.0
Tokyo,2019-08-07,rainy,31.0,32.2,30.3,29.93
Tokyo,2019-08-08,rainy,30.8,31.2,28.6,31.99
Tokyo,2019-08-09,sunny,31.1,36.6,29.1,0.0
Tokyo,2019-08-10,sunny,32.0,36.5,28.6,0.0
Tokyo,2019-08-11,rainy,30.3,31.0,28.0,36.29
Tokyo,2019-08-12,sunny,32.4,37.0,30.5,0.0
Tokyo,2019-08-13,sunny,30.7,35.7,28.5,0.0
Tokyo,2019-08-14,sunny,32.0,35.1,29.3,0.0
Tokyo,2019-08-15,cloudy,31.3,33.1,29.8,0.0
Tokyo,2019-08-16,sunny,32.1,38.6,29.4,0.0
Tokyo,2019-08-17,sunny,33.0,36.6,28.6,0.0
Tokyo,2019-08-18,sunny,29.8,35.1,28.3,0.0
Tokyo,2019-08-19,sunny,29.5,34.9,25.3,0.0
Tokyo,2019-08-20,sunny,32.0,37.7,27.6,0.0
Tokyo,2019-08-21,sunny,31.1,35.0,27.8,0.0
Tokyo,2019-08-22,sunny,31.5,37.7,29.1,0.0
Tokyo,2019-08-23,cloudy,30.7,31.3,29.4,0.0
Tokyo,2019-08-24,sunny,28.9,35.9,25.3,0.0
Tokyo,2019-08-25,sunny,30.4,37.2,25.6,0.0
Tokyo,2019-08-26,cloudy,30.6,32.3,27.7,0.0
Tokyo,2019-08-27,sunny,33.7,37.3,30.1,0.0
Tokyo,2019-08-28,sunny,33.5,36.3,31.3,0.0
Tokyo,2019-08-29,cloudy,31.2,31.6,28.1,0.0
Tokyo,2019-08-30,sunny,30.4,34.9,27.5,0.0
Tokyo,2019-08-31,rainy,31.0,34.6,28.9,15.2
Tokyo,2019-09-01,sunny,31.2,37.3,31.0,0.0
Tokyo,2019-09-02,sunny,31.0,37.3,29.9,0.0
Tokyo,2019-09-03,cloudy,31.6,34.2,31.2,0.0
Tokyo,2019-09-04,sunny,31.4,34.9,29.1,0.0
Tokyo,2019-09-05,sunny,30.3,35.6,28.5,0.0
Tokyo,2019-09-06,sunny,29.8,34.5,26.2,0.0
Tokyo,2019-09-07,sunny,29.8,35.7,27.4,0.0
Tokyo,2019-09-08,sunny,29.5,34.6,25.7,0.0
Tokyo,2019-09-09,rainy,27.8,28.0,26.0,16.0
Tokyo,2019-09-10,sunny,30.7,34.4,28.8,0.0
Tokyo,2019-09-11,sunny,28.8,33.3,25.6,0.0
Tokyo,2019-09-12,sunny,27.6,33.2,23.6,0.0
Tokyo,2019-09-13,sunny,28.5,33.9,25.0,0.0
Tokyo,2019-09-14,sunny,29.7,35.7,26.5,0.0
Tokyo,2019-09-15,sunny,29.4,36.1,25.0,0.0
Tokyo,2019-09-16,sunny,27.8,33.0,24.8,0.0
Tokyo,2019-09-17,rainy,26.8,29.0,26.2,12.03
Tokyo,2019-09-18,sunny,27.2,33.2,25.1,0.0
Tokyo,2019-09-19,sunny,27.6,31.9,24.4,0.0
Tokyo,2019-09-20,sunny,28.2,32.2,22.6,0.0
Tokyo,2019-09-21,cloudy,28.3,30.1,25.5,0.0
Tokyo,2019-09-22,rainy,26.3,27.4,23.7,23.74
Tokyo,2019-09-23,sunny,25.9,29.0,23.8,0.0
Tokyo,2019-09-24,sunny,26.4,32.3,23.0,0.0
Tokyo,2019-09-25,sunny,26.5,31.1,24.4,0.0
Tokyo,2019-09-26,rainy,24.4,25.5,24.1,13.71
Tokyo,2019-09-27,rainy,24.9,27.1,23.7,6.77
Tokyo,2019-09-28,rainy,27.0,27.5,24.4,9.96
Tokyo,2019-09-29,rainy,28.3,28.3,27.8,16.74
Tokyo,2019-09-30,cloudy,25.2,26.5,23.3,0.0
Tokyo,2019-10-01,sunny,27.8,34.0,27.1,0.0
Tokyo,2019-10-02,sunny,25.8,31.5,22.0,0.0
Tokyo,2019-10-03,sunny,25.4,29.6,22.2,0.0
Tokyo,2019-10-04,sunny,26.7,30.5,22.4,0.0
Tokyo,2019-10-05,sunny,26.5,29.7,24.6,0.0
Tokyo,2019-10-06,sunny,26.2,30.6,23.6,0.0
Tokyo,2019-10-07,sunny,26.2,32.5,23.5,0.0
Tokyo,2019-10-08,sunny,26.4,30.0,23.0,0.0
Tokyo,2019-10-09,sunny,26.1,31.3,23.2,0.0
Tokyo,2019-10-10,sunny,25.5,31.2,23.5,0.0
Tokyo,2019-10-11,sunny,26.5,30.4,24.5,0.0
Tokyo,2019-10-12,sunny,23.5,29.0,19.9,0.0
Tokyo,2019-10-13,sunny,22.2,26.3,18.2,0.0
Tokyo,2019-10-14,sunny,22.7,26.9,20.4,0.0
Tokyo,2019-10-15,sunny,22.7,26.7,20.4,0.0
Tokyo,2019-10-16,sunny,23.0,28.5,19.0,0.0
Tokyo,2019-10-17,sunny,22.5,28.5,20.0,0.0
Tokyo,2019-10-18,sunny,23.6,30.4,19.0,0.0
Tokyo,2019-10-19,sunny,23.4,29.0,21.2,0.0
Tokyo,2019-10-20,sunny,24.2,29.0,22.0,0.0
Tokyo,2019-10-21,sunny,23.0,26.6,18.9,0.0
Tokyo,2019-10-22,sunny,21.3,26.3,17.0,0.0
Tokyo,2019-10-23,rainy,19.9,21.5,18.9,29.96
Tokyo,2019-10-24,sunny,20.4,27.4,18.0,0.0
Tokyo,2019-10-25,rainy,18.9,21.2,16.4,24.88
Tokyo,2019-10-26,rainy,19.5,20.4,19.1,11.57
Tokyo,2019-10-27,rainy,18.0,18.7,17.6,10.58
Tokyo,2019-10-28,sunny,21.2,26.3,18.2,0.0
Tokyo,2019-10-29,sunny,19.8,26.2,17.1,0.0
Tokyo,2019-10-30,sunny,19.6,24.2,15.6,0.0
Tokyo,2019-10-31,sunny,19.8,24.0,16.7,0.0
Tokyo,2019-11-01,sunny,19.8,24.6,18.1,0.0
Tokyo,2019-11-02,sunny,19.8,25.0,16.4,0.0
Tokyo,2019-11-03,sunny,20.1,25.0,17.4,0.0
Tokyo,2019-11-04,sunny,20.8,26.2,18.4,0.0
Tokyo,2019-11-05,sunny,20.4,25.5,19.2,0.0
Tokyo,2019-11-06,cloudy,19.2,22.4,15.6,0.0
Tokyo,2019-11-07,sunny,17.1,22.9,15.3,0.0
Tokyo,2019-11-08,sunny,17.0,23.8,14.8,0.0
Tokyo,2019-11-09,sunny,18.3,22.8,15.7,0.0
Tokyo,2019-11-10,sunny,16.9,23.0,13.5,0.0
Tokyo,2019-11-11,rainy,16.7,17.5,16.5,14.71
Tokyo,2019-11-12,sunny,18.1,22.9,14.9,0.0
Tokyo,2019-11-13,sunny,17.8,22.9,12.5,0.0
Tokyo,2019-11-14,sunny,18.7,23.7,17.9,0.0
Tokyo,2019-11-15,rainy,16.4,18.7,14.2,8.09
Tokyo,2019-11-16,rainy,17.2,19.2,16.7,16.43
Tokyo,2019-11-17,sunny,15.9,19.7,11.8,0.0
Tokyo,2019-11-18,rainy,15.6,17.3,14.9,20.0
Tokyo,2019-11-19,sunny,15.4,20.1,12.7,0.0
Tokyo,2019-11-20,sunny,15.3,20.8,12.9,0.0
Tokyo,2019-11-21,sunny,15.5,20.8,14.6,0.0
Tokyo,2019-11-22,sunny,14.7,20.1,12.9,0.0
Tokyo,2019-11-23,sunny,15.1,20.8,10.7,0.0
Tokyo,2019-11-24,sunny,14.6,19.6,11.0,0.0
Tokyo,2019-11-25,sunny,15.0,20.9,10.1,0.0
Tokyo,2019-11-26,sunny,13.8,18.4,9.2,0.0
Tokyo,2019-11-27,rainy,12.2,14.5,11.1,14.94
Tokyo,2019-11-28,sunny,14.7,19.9,11.3,0.0
Tokyo,2019-11-29,sunny,12.9,17.8,8.1,0.0
Tokyo,2019-11-30,sunny,16.3,23.1,11.7,0.0
Tokyo,2019-12-01,sunny,15.3,20.3,13.7,0.0
Tokyo,2019-12-02,sunny,14.4,18.7,11.1,0.0
Tokyo,2019-12-03,cloudy,14.2,16.9,11.9,0.0
Tokyo,2019-12-04,sunny,14.5,18.2,11.1,0.0
Tokyo,2019-12-05,sunny,13.4,20.0,10.5,0.0
Tokyo,2019-12-06,sunny,12.2,17.2,7.0,0.0
Tokyo,2019-12-07,sunny,13.0,17.5,8.7,0.0
Tokyo,2019-12-08,sunny,12.7,17.7,9.8,0.0
Tokyo,2019-12-09,sunny,11.4,15.9,9.0,0.0
Tokyo,2019-12-10,sunny,10.9,14.4,6.8,0.0
Tokyo,2019-12-11,sunny,12.6,17.3,11.2,0.0
Tokyo,2019-12-12,sunny,10.7,16.5,7.2,0.0
Tokyo,2019-12-13,sunny,10.6,16.0,6.5,0.0
Tokyo,2019-12-14,cloudy,11.6,14.4,9.0,0.0
Tokyo,2019-12-15,sunny,11.8,17.5,10.1,0.0
Tokyo,2019-12-16,sunny,11.8,16.1,8.5,0.0
Tokyo,2019-12-17,sunny,10.2,15.8,6.0,0.0
Tokyo,2019-12-18,sunny,9.8,14.2,7.5,0.0
Tokyo,2019-12-19,sunny,9.6,16.0,6.1,0.0
Tokyo,2019-12-20,sunny,10.3,14.8,7.7,0.0
Tokyo,2019-12-21,sunny,10.8,15.3,8.0,0.0
Tokyo,2019-12-22,sunny,11.1,16.5,8.8,0.0
Tokyo,2019-12-23,sunny,9.4,13.5,6.1,0.0
Tokyo,2019-12-24,sunny,10.0,13.2,7.3,0.0
Tokyo,2019-12-25,sunny,8.7,12.7,5.7,0.0
Tokyo,2019-12-26,sunny,8.8,14.1,4.6,0.0
Tokyo,2019-12-27,cloudy,9.5,10.1,6.4,0.0
Tokyo,2019-12-28,sunny,9.3,13.9,6.4,0.0
Tokyo,2019-12-29,sunny,10.1,15.3,5.5,0.0
Tokyo,2019-12-30,sunny,7.8,13.4,4.7,0.0
Tokyo,2019-12-31,sunny,8.4,13.7,6.9,0.0
Tokyo,2020-01-01,sunny,6.1,13.1,4.0,0.0
Tokyo,2020-01-02,sunny,9.4,14.3,5.8,0.0
Tokyo,2020-01-03,sunny,9.3,14.3,5.0,0.0
Tokyo,2020-01-04,sunny,8.2,13.8,3.4,0.0
Tokyo,2020-01-05,sunny,8.4,12.8,6.0,0.0
Tokyo,2020-01-06,sunny,7.9,15.4,4.8,0.0
Tokyo,2020-01-07,sunny,7.7,11.9,4.7,0.0
Tokyo,2020-01-08,sunny,8.9,12.7,5.5,0.0
Tokyo,2020-01-09,cloudy,8.1,9.7,5.8,0.0
Tokyo,2020-01-10,rainy,7.7,8.4,7.4,14.29
Tokyo,2020-01-11,sunny,8.0,12.8,5.0,0.0
Tokyo,2020-01-12,sunny,7.4,13.4,3.1,0.0
Tokyo,2020-01-13,sunny,6.7,12.8,4.3,0.0
Tokyo,2020-01-14,sunny,7.8,12.0,3.8,0.0
Tokyo,2020-01-15,cloudy,7.1,9.0,5.2,0.0
Tokyo,2020-01-16,sunny,7.8,12.3,5.8,0.0
Tokyo,2020-01-17,cloudy,8.1,10.9,6.4,0.0
Tokyo,2020-01-18,sunny,6.2,10.9,2.6,0.0
Tokyo,2020-01-19,sunny,5.1,9.5,2.2,0.0
Tokyo,2020-01-20,sunny,3.3,8.8,1.0,0.0
Tokyo,2020-01-21,sunny,4.6,9.9,2.6,0.0
Tokyo,2020-01-22,sunny,5.3,10.1,1.6,0.0
Tokyo,2020-01-23,sunny,5.1,10.0,2.8,0.0
Tokyo,2020-01-24,sunny,6.0,10.1,3.5,0.0
Tokyo,2020-01-25,sunny,5.5,11.8,2.0,0.0
Tokyo,2020-01-26,sunny,5.6,10.1,2.5,0.0
Tokyo,2020-01-27,sunny,5.2,11.9,2.5,0.0
Tokyo,2020-01-28,cloudy,4.6,5.9,1.6,0.0
Tokyo,2020-01-29,sunny,4.7,10.2,0.1,0.0
Tokyo,2020-01-30,sunny,5.6,10.3,2.3,0.0
Tokyo,2020-01-31,sunny,4.9,10.4,2.4,0.0
Tokyo,2020-02-01,sunny,5.3,10.1,3.0,0.0
Tokyo,2020-02-02,rainy,4.0,5.6,2.9,13.13
Tokyo,2020-02-03,rainy,3.8,4.2,2.2,18.7
Tokyo,2020-02-04,rainy,4.3,6.3,4.0,4.47
Tokyo,2020-02-05,rainy,6.0,7.0,3.9,41.7
Tokyo,2020-02-06,sunny,6.1,11.0,2.0,0.0
Tokyo,2020-02-07,sunny,5.2,10.9,2.4,0.0
Tokyo,2020-02-08,sunny,4.5,9.1,0.3,0.0
Tokyo,2020-02-09,sunny,5.5,9.9,2.4,0.0
Tokyo,2020-02-10,sunny,5.1,9.8,0.2,0.0
Tokyo,2020-02-11,sunny,5.5,11.0,3.3,0.0
Tokyo,2020-02-12,sunny,6.2,12.1,2.3,0.0
Tokyo,2020-02-13,sunny,6.6,12.5,3.4,0.0
Tokyo,2020-02-14,sunny,7.1,10.9,3.8,0.0
Tokyo,2020-02-15,sunny,5.5,11.2,1.6,0.0
Tokyo,2020-02-16,sunny,6.7,12.9,3.7,0.0
Tokyo,2020-02-17,sunny,5.9,11.2,4.8,0.0
Tokyo,2020-02-18,sunny,6.6,11.4,4.9,0.0
Tokyo,2020-02-19,sunny,6.0,10.9,4.3,0.0
Tokyo,2020-02-20,sunny,5.8,10.4,2.2,0.0
Tokyo,2020-02-21,sunny,7.0,10.0,3.6,0.0
Tokyo,2020-02-22,sunny,7.2,11.8,3.1,0.0
Tokyo,2020-02-23,sunny,6.6,11.8,3.6,0.0
Tokyo,2020-02-24,sunny,6.5,11.5,2.0,0.0
Tokyo,2020-02-25,sunny,7.8,15.4,4.7,0.0
Tokyo,2020-02-26,sunny,5.7,12.8,1.9,0.0
Tokyo,2020-02-27,sunny,7.6,12.4,5.0,0.0
Tokyo,2020-02-28,sunny,7.0,11.5,5.1,0.0
Tokyo,2020-02-29,sunny,8.4,15.1,4.1,0.0
Tokyo,2020-03-01,sunny,7.9,11.5,3.9,0.0
Tokyo,2020-03-02,sunny,7.8,13.7,5.5,0.0
Tokyo,2020-03-03,sunny,9.5,13.5,7.1,0.0
Tokyo,2020-03-04,cloudy,7.3,9.8,4.4,0.0
Tokyo,2020-03-05,sunny,7.4,14.6,4.9,0.0
Tokyo,2020-03-06,sunny,6.5,11.1,5.2,0.0
Tokyo,2020-03-07,sunny,8.1,12.6,5.5,0.0
Tokyo,2020-03-08,sunny,6.0,11.1,4.9,0.0
Tokyo,2020-03-09,sunny,6.3,10.9,3.6,0.0
Tokyo,2020-03-10,sunny,7.8,9.8,4.9,0.0
Tokyo,2020-03-11,sunny,7.1,13.9,3.5,0.0
Tokyo,2020-03-12,rainy,8.8,10.1,7.2,9.88
Tokyo,2020-03-13,sunny,8.7,14.9,6.0,0.0
Tokyo,2020-03-14,sunny,9.4,15.3,6.8,0.0
Tokyo,2020-03-15,sunny,8.4,10.6,4.3,0.0
Tokyo,2020-03-16,sunny,8.9,13.7,5.2,0.0
Tokyo,2020-03-17,sunny,7.5,12.4,4.5,0.0
Tokyo,2020-03-18,rainy,9.3,10.8,9.2,4.44
Tokyo,2020-03-19,sunny,9.1,15.6,6.0,0.0
Tokyo,2020-03-20,sunny,8.4,13.3,5.2,0.0
Tokyo,2020-03-21,rainy,9.5,10.3,7.4,30.16
Tokyo,2020-03-22,rainy,9.1,9.6,8.6,34.88
Tokyo,2020-03-23,sunny,9.1,15.1,6.4,0.0
Tokyo,2020-03-24,sunny,11.0,16.2,7.7,0.0
Tokyo,2020-03-25,sunny,9.2,13.9,6.4,0.0
Tokyo,2020-03-26,sunny,9.3,14.5,7.5,0.0
Tokyo,2020-03-27,rainy,9.7,10.5,7.7,29.3
Tokyo,2020-03-28,sunny,11.1,15.4,8.0,0.0
Tokyo,2020-03-29,rainy,11.0,11.4,9.0,7.34
Tokyo,2020-03-30,sunny,12.6,17.8,10.7,0.0
Tokyo,2020-03-31,sunny,11.6,17.4,8.3,0.0
Tokyo,2020-04-01,cloudy,12.2,13.3,11.8,0.0
Tokyo,2020-04-02,sunny,11.4,16.2,9.5,0.0
Tokyo,2020-04-03,sunny,12.9,17.1,8.4,0.0
Tokyo,2020-04-04,sunny,12.4,16.7,8.5,0.0
Tokyo,2020-04-05,sunny,13.1,17.6,8.8,0.0
Tokyo,2020-04-06,sunny,13.5,18.3,8.9,0.0
Tokyo,2020-04-07,rainy,11.0,11.6,10.8,26.65
Tokyo,2020-04-08,rainy,12.5,12.6,12.2,13.7
Tokyo,2020-04-09,sunny,14.8,21.2,12.3,0.0
Tokyo,2020-04-10,sunny,13.0,17.9,8.2,0.0
Tokyo,2020-04-11,sunny,12.7,18.0,9.3,0.0
Tokyo,2020-04-12,sunny,13.4,17.7,12.9,0.0
Tokyo,2020-04-13,sunny,14.5,20.9,9.8,0.0
Tokyo,2020-04-14,sunny,13.6,18.5,10.0,0.0
Tokyo,2020-04-15,cloudy,15.7,18.7,13.9,0.0
Tokyo,2020-04-16,sunny,14.8,20.8,11.5,0.0
Tokyo,2020-04-17,sunny,15.2,21.1,12.6,0.0
Tokyo,2020-04-18,sunny,13.5,17.9,9.4,0.0
Tokyo,2020-04-19,cloudy,16.2,17.5,14.3,0.0
Tokyo,2020-04-20,sunny,14.1,20.4,10.6,0.0
Tokyo,2020-04-21,sunny,15.0,20.0,12.7,0.0
Tokyo,2020-04-22,cloudy,14.4,16.8,13.1,0.0
Tokyo,2020-04-23,sunny,14.7,18.6,11.7,0.0
Tokyo,2020-04-24,cloudy,14.7,16.5,12.8,0.0
Tokyo,2020-04-25,sunny,16.7,20.5,14.2,0.0
Tokyo,2020-04-26,sunny,15.4,20.6,13.4,0.0
Tokyo,2020-04-27,cloudy,18.1,19.8,14.6,0.0
Tokyo,2020-04-28,sunny,17.4,24.0,15.1,0.0
Tokyo,2020-04-29,sunny,16.6,21.1,14.4,0.0
Tokyo,2020-04-30,sunny,17.6,23.4,15.7,0.0
Tokyo,2020-05-01,cloudy,18.4,18.9,18.0,0.0
Tokyo,2020-05-02,sunny,18.1,22.2,15.1,0.0
Tokyo,2020-05-03,sunny,19.5,25.0,15.9,0.0
Tokyo,2020-05-04,sunny,18.8,25.8,15.3,0.0
Tokyo,2020-05-05,sunny,19.2,25.0,16.1,0.0
Tokyo,2020-05-06,sunny,19.3,25.0,17.9,0.0
Tokyo,2020-05-07,sunny,19.1,24.3,16.3,0.0
Tokyo,2020-05-08,sunny,19.7,22.5,16.1,0.0
Tokyo,2020-05-09,sunny,18.9,23.9,16.4,0.0
Tokyo,2020-05-10,sunny,19.4,23.0,14.9,0.0
Tokyo,2020-05-11,sunny,20.4,24.2,16.7,0.0
Tokyo,2020-05-12,sunny,20.9,25.1,17.2,0.0
Tokyo,2020-05-13,sunny,19.0,24.7,14.5,0.0
Tokyo,2020-05-14,cloudy,21.3,22.3,17.5,0.0
Tokyo,2020-05-15,sunny,18.8,22.8,18.1,0.0
Tokyo,2020-05-16,sunny,20.2,26.3,16.8,0.0
Tokyo,2020-05-17,sunny,22.2,27.7,20.7,0.0
Tokyo,2020-05-18,sunny,20.2,26.2,16.9,0.0
Tokyo,2020-05-19,sunny,20.6,27.3,18.7,0.0
Tokyo,2020-05-20,sunny,22.8,27.2,19.7,0.0
Tokyo,2020-05-21,sunny,20.3,23.1,17.4,0.0
Tokyo,2020-05-22,cloudy,20.9,22.3,18.6,0.0
Tokyo,2020-05-23,sunny,23.0,28.4,20.9,0.0
Tokyo,2020-05-24,rainy,19.9,20.5,18.1,12.03
Tokyo,2020-05-25,sunny,21.8,27.6,18.8,0.0
Tokyo,2020-05-26,sunny,24.7,28.5,21.7,0.0
Tokyo,2020-05-27,sunny,23.0,27.5,19.2,0.0
Tokyo,2020-05-28,sunny,22.8,27.6,19.1,0.0
Tokyo,2020-05-29,cloudy,25.1,26.5,22.6,0.0
Tokyo,2020-05-30,sunny,24.7,29.4,22.2,0.0
Tokyo,2020-05-31,sunny,23.0,29.2,20.4,0.0
Tokyo,2020-06-01,sunny,24.6,30.6,22.8,0.0
Tokyo,2020-06-02,sunny,25.5,32.3,21.9,0.0
Tokyo,2020-06-03,sunny,25.6,30.7,22.1,0.0
Tokyo,2020-06-04,sunny,25.0,29.8,22.9,0.0
Tokyo,2020-06-05,sunny,26.0,31.8,22.3,0.0
Tokyo,2020-06-06,sunny,25.4,31.3,21.3,0.0
Tokyo,2020-06-07,sunny,26.3,31.7,23.0,0.0
Tokyo,2020-06-08,sunny,25.5,32.4,20.9,0.0
Tokyo,2020-06-09,sunny,26.2,32.3,23.3,0.0
Tokyo,2020-06-10,rainy,23.6,24.4,22.7,34.09
Tokyo,2020-06-11,rainy,25.1,25.2,23.9,8.71
Tokyo,2020-06-12,rainy,25.4,27.5,24.5,35.49
Tokyo,2020-06-13,rainy,26.0,26.9,23.7,16.12
Tokyo,2020-06-14,rainy,25.7,27.8,24.1,22.78
Tokyo,2020-06-15,sunny,28.3,33.8,26.2,0.0
Tokyo,2020-06-16,sunny,26.9,33.4,23.0,0.0
Tokyo,2020-06-17,sunny,26.5,31.4,25.6,0.0
Tokyo,2020-06-18,sunny,26.8,32.3,24.2,0.0
Tokyo,2020-06-19,sunny,27.6,33.2,24.8,0.0
Tokyo,2020-06-20,sunny,27.5,32.7,25.9,0.0
Tokyo,2020-06-21,sunny,25.4,30.5,21.5,0.0
Tokyo,2020-06-22,cloudy,28.9,29.7,25.7,0.0
Tokyo,2020-06-23,sunny,30.4,35.6,28.7,0.0
Tokyo,2020-06-24,rainy,28.9,29.0,27.7,22.4
Tokyo,2020-06-25,sunny,29.6,33.3,25.8,0.0
Tokyo,2020-06-26,sunny,31.8,37.9,28.1,0.0
Tokyo,2020-06-27,cloudy,27.8,30.4,24.8,0.0
Tokyo,2020-06-28,cloudy,31.7,34.1,31.7,0.0
Tokyo,2020-06-29,rainy,27.8,28.6,26.8,13.66
Tokyo,2020-06-30,rainy,28.3,29.7,28.0,20.44
Tokyo,2020-07-01,sunny,29.5,34.9,23.8,0.0
Tokyo,2020-07-02,cloudy,29.4,32.1,25.7,0.0
Tokyo,2020-07-03,rainy,26.7,26.9,26.2,9.56
Tokyo,2020-07-04,sunny,28.4,34.3,25.9,0.0
Tokyo,2020-07-05,sunny,28.6,32.8,25.1,0.0
Tokyo,2020-07-06,sunny,29.6,35.4,25.2,0.0
Tokyo,2020-07-07,cloudy,29.1,30.8,26.7,0.0
Tokyo,2020-07-08,sunny,30.6,35.4,28.3,0.0
Tokyo,2020-07-09,sunny,28.4,32.8,25.1,0.0
Tokyo,2020-07-10,rainy,30.2,32.0,27.0,19.76
Tokyo,2020-07-11,sunny,30.9,35.2,26.0,0.0
Tokyo,2020-07-12,sunny,31.0,35.6,27.1,0.0
Tokyo,2020-07-13,sunny,29.7,34.1,27.9,0.0
Tokyo,2020-07-14,cloudy,31.2,31.8,30.2,0.0
Tokyo,2020-07-15,sunny,30.4,34.7,27.3,0.0
Tokyo,2020-07-16,sunny,31.1,35.0,27.9,0.0
Tokyo,2020-07-17,sunny,31.9,37.1,28.5,0.0
Tokyo,2020-07-18,rainy,29.2,30.0,25.3,43.61
Tokyo,2020-07-19,sunny,31.0,35.8,28.4,0.0
Tokyo,2020-07-20,sunny,32.0,35.5,29.7,0.0
Tokyo,2020-07-21,rainy,30.3,31.6,29.4,21.51
Tokyo,2020-07-22,sunny,31.6,37.2,28.2,0.0
Tokyo,2020-07-23,sunny,33.4,37.9,29.6,0.0
Tokyo,2020-07-24,sunny,31.8,38.1,29.3,0.0
Tokyo,2020-07-25,sunny,31.3,36.7,28.7,0.0
Tokyo,2020-07-26,sunny,33.2,38.0,28.4,0.0
Tokyo,2020-07-27,sunny,32.6,38.3,31.3,0.0
Tokyo,2020-07-28,cloudy,34.5,36.0,33.1,0.0
Tokyo,2020-07-29,sunny,33.8,38.8,30.6,0.0
Tokyo,2020-07-30,sunny,32.4,37.5,29.8,0.0
Tokyo,2020-07-31,sunny,30.3,35.0,25.7,0.0
Tokyo,2020-08-01,sunny,31.3,36.5,28.1,0.0
Tokyo,2020-08-02,sunny,31.5,36.1,29.2,0.0
Tokyo,2020-08-03,sunny,32.4,36.9,29.6,0.0
Tokyo,2020-08-04,sunny,32.1,37.0,29.2,0.0
Tokyo,2020-08-05,sunny,31.7,37.0,28.4,0.0
Tokyo,2020-08-06,cloudy,31.8,34.2,29.5,0.0
Tokyo,2020-08-07,sunny,32.9,38.1,29.5,0.0
Tokyo,2020-08-08,sunny,30.5,35.4,26.2,0.0
Tokyo,2020-08-09,sunny,32.7,36.3,32.1,0.0
Tokyo,2020-08-10,sunny,31.3,35.5,28.2,0.0
Tokyo,2020-08-11,sunny,31.6,36.5,29.4,0.0
Tokyo,2020-08-12,sunny,30.9,34.4,27.4,0.0
Tokyo,2020-08-13,sunny,32.3,37.0,29.1,0.0
Tokyo,2020-08-14,rainy,32.3,32.7,32.1,26.55
Tokyo,2020-08-15,rainy,29.1,29.1,27.9,16.35
Tokyo,2020-08-16,rainy,31.1,31.4,30.8,24.89
Tokyo,2020-08-17,rainy,31.3,33.5,31.2,19.23
Tokyo,2020-08-18,rainy,30.2,30.8,29.5,24.85
Tokyo,2020-08-19,cloudy,29.1,31.9,29.1,0.0
Tokyo,2020-08-20,rainy,27.2,29.1,24.6,31.41
Tokyo,2020-08-21,sunny,28.6,34.7,27.9,0.0
Tokyo,2020-08-22,sunny,31.0,36.0,27.1,0.0
Tokyo,2020-08-23,sunny,30.8,36.3,28.5,0.0
Tokyo,2020-08-24,cloudy,30.5,34.2,27.8,0.0
Tokyo,2020-08-25,sunny,33.1,36.5,30.4,0.0
Tokyo,2020-08-26,rainy,31.3,32.4,30.0,41.36
Tokyo,2020-08-27,rainy,30.5,31.3,29.1,13.93
Tokyo,2020-08-28,rainy,29.2,30.6,27.8,12.83
Tokyo,2020-08-29,sunny,28.7,33.6,25.6,0.0
Tokyo,2020-08-30,sunny,28.8,35.4,26.5,0.0
Tokyo,2020-08-31,sunny,30.6,34.9,27.2,0.0
Tokyo,2020-09-01,cloudy,30.0,30.8,27.6,0.0
Tokyo,2020-09-02,rainy,28.6,28.9,27.6,25.75
Tokyo,2020-09-03,sunny,29.8,36.5,26.3,0.0
Tokyo,2020-09-04,rainy,29.2,31.4,29.1,22.13
Tokyo,2020-09-05,rainy,30.5,31.9,28.8,22.82
Tokyo,2020-09-06,sunny,30.1,35.8,28.0,0.0
Tokyo,2020-09-07,sunny,30.7,34.4,28.2,0.0
Tokyo,2020-09-08,rainy,30.2,31.4,29.8,21.87
Tokyo,2020-09-09,sunny,29.6,33.7,25.6,0.0
Tokyo,2020-09-10,sunny,29.4,35.1,25.6,0.0
Tokyo,2020-09-11,sunny,30.0,34.9,26.5,0.0
Tokyo,2020-09-12,sunny,28.7,31.2,25.4,0.0
Tokyo,2020-09-13,sunny,27.3,33.7,24.9,0.0
Tokyo,2020-09-14,sunny,29.5,35.4,25.6,0.0
Tokyo,2020-09-15,cloudy,30.6,31.1,28.7,0.0
Tokyo,2020-09-16,cloudy,28.8,29.2,28.1,0.0
Tokyo,2020-09-17,sunny,28.0,32.6,24.1,0.0
Tokyo,2020-09-18,sunny,29.9,34.9,26.1,0.0
Tokyo,2020-09-19,sunny,28.7,33.6,26.7,0.0
Tokyo,2020-09-20,cloudy,27.6,29.4,26.6,0.0
Tokyo,2020-09-21,sunny,27.7,31.0,22.8,0.0
Tokyo,2020-09-22,sunny,28.4,34.3,27.6,0.0
Tokyo,2020-09-23,rainy,25.4,27.4,24.5,26.66
Tokyo,2020-09-24,rainy,24.9,26.0,24.9,17.47
Tokyo,2020-09-25,sunny,27.7,33.0,25.8,0.0
Tokyo,2020-09-26,sunny,25.9,31.7,22.9,0.0
Tokyo,2020-09-27,sunny,27.3,32.3,24.6,0.0
Tokyo,2020-09-28,sunny,27.5,32.8,23.5,0.0
Tokyo,2020-09-29,cloudy,25.2,28.8,22.4,0.0
Tokyo,2020-09-30,sunny,23.4,28.5,20.8,0.0
Tokyo,2020-10-01,sunny,27.4,33.4,25.5,0.0
Tokyo,2020-10-02,sunny,27.7,32.2,23.6,0.0
Tokyo,2020-10-03,sunny,25.4,28.1,24.7,0.0
Tokyo,2020-10-04,sunny,25.8,31.9,21.4,0.0
Tokyo,2020-10-05,sunny,25.9,30.3,24.7,0.0
Tokyo,2020-10-06,cloudy,24.6,27.4,23.5,0.0
Tokyo,2020-10-07,sunny,24.4,28.1,20.6,0.0
Tokyo,2020-10-08,sunny,27.0,31.8,21.8,0.0
Tokyo,2020-10-09,sunny,26.0,32.2,21.5,0.0
Tokyo,2020-10-10,sunny,22.0,28.1,19.2,0.0
Tokyo,2020-10-11,sunny,23.1,26.9,19.5,0.0
Tokyo,2020-10-12,sunny,24.9,29.2,22.7,0.0
Tokyo,2020-10-13,sunny,25.5,30.2,21.7,0.0
Tokyo,2020-10-14,sunny,24.8,31.1,21.9,0.0
Tokyo,2020-10-15,sunny,23.1,27.8,20.5,0.0
Tokyo,2020-10-16,rainy,22.5,23.7,22.2,5.43
Tokyo,2020-10-17,sunny,22.5,28.0,20.1,0.0
Tokyo,2020-10-18,sunny,24.2,29.1,22.1,0.0
Tokyo,2020-10-19,sunny,22.3,26.9,17.9,0.0
Tokyo,2020-10-20,sunny,23.6,28.7,19.2,0.0
Tokyo,2020-10-21,sunny,22.9,28.2,18.8,0.0
Tokyo,2020-10-22,sunny,20.9,26.6,20.0,0.0
Tokyo,2020-10-23,sunny,21.5,26.4,19.0,0.0
Tokyo,2020-10-24,sunny,23.3,31.3,20.2,0.0
Tokyo,2020-10-25,sunny,22.1,26.7,20.5,0.0
Tokyo,2020-10-26,sunny,20.5,25.5,18.3,0.0
Tokyo,2020-10-27,sunny,20.4,25.3,18.7,0.0
Tokyo,2020-10-28,sunny,20.4,26.9,17.1,0.0
Tokyo,2020-10-29,sunny,19.3,25.7,15.9,0.0
Tokyo,2020-10-30,sunny,19.4,24.8,15.5,0.0
Tokyo,2020-10-31,sunny,21.2,25.6,17.3,0.0
Tokyo,2020-11-01,rainy,18.7,19.3,16.8,16.08
Tokyo,2020-11-02,sunny,19.6,22.2,16.4,0.0
Tokyo,2020-11-03,sunny,20.0,25.8,17.1,0.0
Tokyo,2020-11-04,sunny,19.9,25.6,18.2,0.0
Tokyo,2020-11-05,sunny,19.9,25.8,16.7,0.0
Tokyo,2020-11-06,sunny,19.7,24.7,17.5,0.0
Tokyo,2020-11-07,sunny,18.7,22.9,15.6,0.0
Tokyo,2020-11-08,sunny,17.9,23.7,15.2,0.0
Tokyo,2020-11-09,sunny,19.5,24.1,18.0,0.0
Tokyo,2020-11-10,sunny,17.7,24.1,14.5,0.0
Tokyo,2020-11-11,sunny,16.7,20.4,13.7,0.0
Tokyo,2020-11-12,sunny,17.5,22.6,14.0,0.0
Tokyo,2020-11-13,sunny,16.2,20.8,13.6,0.0
Tokyo,2020-11-14,sunny,18.1,22.2,15.3,0.0
Tokyo,2020-11-15,rainy,13.4,13.9,9.3,21.71
Tokyo,2020-11-16,rainy,14.8,14.9,13.6,14.38
Tokyo,2020-11-17,rainy,16.1,16.9,15.5,7.99
Tokyo,2020-11-18,sunny,16.5,20.9,14.7,0.0
Tokyo,2020-11-19,sunny,16.6,19.6,14.1,0.0
Tokyo,2020-11-20,sunny,16.3,21.3,13.6,0.0
Tokyo,2020-11-21,sunny,17.4,23.4,14.1,0.0
Tokyo,2020-11-22,rainy,15.3,17.0,14.2,24.91
Tokyo,2020-11-23,rainy,13.8,15.9,13.0,22.01
Tokyo,2020-11-24,sunny,14.3,19.0,12.3,0.0
Tokyo,2020-11-25,sunny,14.6,18.5,11.3,0.0
Tokyo,2020-11-26,sunny,15.1,20.3,12.1,0.0
Tokyo,2020-11-27,cloudy,14.0,16.3,10.0,0.0
Tokyo,2020-11-28,sunny,13.4,19.2,9.3,0.0
Tokyo,2020-11-29,sunny,12.6,18.3,10.4,0.0
Tokyo,2020-11-30,sunny,14.2,20.0,11.1,0.0
Tokyo,2020-12-01,rainy,14.2,15.8,14.1,13.37
Tokyo,2020-12-02,sunny,13.6,16.6,9.6,0.0
Tokyo,2020-12-03,sunny,11.5,16.5,8.2,0.0
Tokyo,2020-12-04,sunny,12.8,18.0,10.1,0.0
Tokyo,2020-12-05,sunny,13.2,18.7,11.1,0.0
Tokyo,2020-12-06,sunny,11.4,14.6,7.9,0.0
Tokyo,2020-12-07,sunny,12.1,16.4,9.0,0.0
Tokyo,2020-12-08,sunny,13.4,20.1,10.2,0.0
Tokyo,2020-12-09,sunny,13.0,18.1,10.0,0.0
Tokyo,2020-12-10,sunny,13.6,17.8,9.2,0.0
Tokyo,2020-12-11,sunny,12.5,15.9,9.6,0.0
Tokyo,2020-12-12,sunny,11.3,17.4,7.6,0.0
Tokyo,2020-12-13,sunny,11.6,17.3,9.7,0.0
Tokyo,2020-12-14,sunny,8.0,12.1,5.4,0.0
Tokyo,2020-12-15,sunny,11.5,15.6,8.2,0.0
Tokyo,2020-12-16,sunny,10.5,17.7,9.3,0.0
Tokyo,2020-12-17,sunny,9.8,14.1,7.0,0.0
Tokyo,2020-12-18,sunny,10.2,15.0,7.0,0.0
Tokyo,2020-12-19,cloudy,10.3,12.6,9.4,0.0
Tokyo,2020-12-20,sunny,7.9,12.6,4.5,0.0
Tokyo,2020-12-21,sunny,8.4,12.7,6.3,0.0
Tokyo,2020-12-22,sunny,7.6,12.8,4.1,0.0
Tokyo,2020-12-23,sunny,9.5,13.3,7.8,0.0
Tokyo,2020-12-24,sunny,9.5,13.3,6.8,0.0
Tokyo,2020-12-25,sunny,10.0,14.9,6.6,0.0
Tokyo,2020-12-26,sunny,8.8,14.1,5.0,0.0
Tokyo,2020-12-27,sunny,8.8,15.2,5.3,0.0
Tokyo,2020-12-28,sunny,9.0,13.6,6.1,0.0
Tokyo,2020-12-29,sunny,7.5,10.6,3.4,0.0
Tokyo,2020-12-30,sunny,8.8,15.1,7.4,0.0
Tokyo,2020-12-31,sunny,8.0,13.1,6.5,0.0
Tokyo,2021-01-01,sunny,8.8,12.4,4.6,0.0
Tokyo,2021-01-02,sunny,6.6,11.5,3.1,0.0
Tokyo,2021-01-03,sunny,8.3,13.8,4.5,0.0
Tokyo,2021-01-04,sunny,7.9,13.9,4.8,0.0
Tokyo,2021-01-05,sunny,9.5,13.4,6.0,0.0
Tokyo,2021-01-06,sunny,8.1,14.1,4.2,0.0
Tokyo,2021-01-07,sunny,8.1,11.9,4.2,0.0
Tokyo,2021-01-08,sunny,7.5,14.1,4.1,0.0
Tokyo,2021-01-09,sunny,6.4,12.6,3.5,0.0
Tokyo,2021-01-10,sunny,6.8,12.4,2.7,0.0
Tokyo,2021-01-11,cloudy,7.8,10.3,5.9,0.0
Tokyo,2021-01-12,sunny,8.8,13.8,6.5,0.0
Tokyo,2021-01-13,rainy,7.6,8.9,7.3,10.06
Tokyo,2021-01-14,sunny,8.4,13.1,6.9,0.0
Tokyo,2021-01-15,sunny,6.6,13.5,2.8,0.0
Tokyo,2021-01-16,sunny,5.5,11.2,3.6,0.0
Tokyo,2021-01-17,sunny,6.1,9.3,4.3,0.0
Tokyo,2021-01-18,sunny,7.1,12.3,4.6,0.0
Tokyo,2021-01-19,sunny,4.7,9.4,-0.2,0.0
Tokyo,2021-01-20,sunny,6.9,10.7,3.3,0.0
Tokyo,2021-01-21,sunny,6.3,10.8,1.2,0.0
Tokyo,2021-01-22,sunny,8.3,11.9,4.3,0.0
Tokyo,2021-01-23,sunny,6.3,11.6,2.6,0.0
Tokyo,2021-01-24,sunny,4.2,8.7,3.0,0.0
Tokyo,2021-01-25,sunny,6.8,12.8,4.6,0.0
Tokyo,2021-01-26,sunny,7.3,12.1,5.5,0.0
Tokyo,2021-01-27,sunny,6.4,11.3,2.8,0.0
Tokyo,2021-01-28,sunny,6.7,10.4,3.7,0.0
Tokyo,2021-01-29,sunny,7.3,12.8,3.9,0.0
Tokyo,2021-01-30,sunny,5.6,10.2,4.4,0.0
Tokyo,2021-01-31,sunny,7.2,11.5,4.6,0.0
Tokyo,2021-02-01,rainy,3.5,5.4,0.4,42.28
Tokyo,2021-02-02,sunny,4.0,10.6,1.6,0.0
Tokyo,2021-02-03,sunny,7.1,11.6,5.0,0.0
Tokyo,2021-02-04,sunny,6.0,11.1,1.4,0.0
Tokyo,2021-02-05,sunny,5.7,11.1,3.2,0.0
Tokyo,2021-02-06,sunny,5.6,9.1,1.6,0.0
Tokyo,2021-02-07,sunny,5.1,10.3,3.2,0.0
Tokyo,2021-02-08,sunny,4.4,9.5,1.0,0.0
Tokyo,2021-02-09,sunny,5.2,8.6,1.2,0.0
Tokyo,2021-02-10,cloudy,4.3,6.1,3.1,0.0
Tokyo,2021-02-11,sunny,4.2,11.6,0.5,0.0
Tokyo,2021-02-12,rainy,5.5,6.3,3.4,32.39
Tokyo,2021-02-13,rainy,5.3,5.9,3.5,34.71
Tokyo,2021-02-14,sunny,5.8,11.8,3.1,0.0
Tokyo,2021-02-15,sunny,6.0,11.1,3.1,0.0
Tokyo,2021-02-16,cloudy,5.7,7.3,5.6,0.0
Tokyo,2021-02-17,sunny,5.5,10.3,2.1,0.0
Tokyo,2021-02-18,sunny,7.3,13.5,4.7,0.0
Tokyo,2021-02-19,sunny,6.9,13.4,5.4,0.0
Tokyo,2021-02-20,sunny,7.8,12.2,6.1,0.0
Tokyo,2021-02-21,sunny,6.3,9.4,2.1,0.0
Tokyo,2021-02-22,sunny,7.4,11.9,3.0,0.0
Tokyo,2021-02-23,sunny,5.5,9.4,2.4,0.0
Tokyo,2021-02-24,sunny,6.8,11.2,4.0,0.0
Tokyo,2021-02-25,sunny,7.4,11.8,5.3,0.0
Tokyo,2021-02-26,sunny,8.4,15.9,6.9,0.0
Tokyo,2021-02-27,sunny,6.1,10.7,4.1,0.0
Tokyo,2021-02-28,sunny,5.9,11.2,2.6,0.0
Tokyo,2021-03-01,rainy,7.6,9.5,6.5,19.23
Tokyo,2021-03-02,sunny,8.4,12.8,5.8,0.0
Tokyo,2021-03-03,sunny,7.4,11.8,4.7,0.0
Tokyo,2021-03-04,sunny,7.5,14.3,5.4,0.0
Tokyo,2021-03-05,sunny,8.1,10.0,5.6,0.0
Tokyo,2021-03-06,rainy,5.7,6.6,5.2,15.02
Tokyo,2021-03-07,rainy,5.2,5.3,4.8,20.07
Tokyo,2021-03-08,rainy,8.2,8.8,6.7,12.38
Tokyo,2021-03-09,rainy,7.1,8.5,6.9,25.88
Tokyo,2021-03-10,rainy,6.8,7.6,6.2,27.4
Tokyo,2021-03-11,sunny,8.2,11.7,4.3,0.0
Tokyo,2021-03-12,sunny,7.5,12.2,3.4,0.0
Tokyo,2021-03-13,sunny,7.1,11.1,4.5,0.0
Tokyo,2021-03-14,sunny,8.7,14.0,5.5,0.0
Tokyo,2021-03-15,sunny,6.8,11.1,4.2,0.0
Tokyo,2021-03-16,sunny,9.2,17.0,4.7,0.0
Tokyo,2021-03-17,sunny,9.1,13.8,6.0,0.0
Tokyo,2021-03-18,sunny,10.5,15.5,7.0,0.0
Tokyo,2021-03-19,sunny,10.2,14.7,6.1,0.0
Tokyo,2021-03-20,sunny,9.6,14.5,7.1,0.0
Tokyo,2021-03-21,sunny,8.9,15.6,5.7,0.0
Tokyo,2021-03-22,rainy,9.4,11.1,8.4,7.6
Tokyo,2021-03-23,rainy,9.6,12.1,8.0,9.81
Tokyo,2021-03-24,rainy,7.0,8.6,6.7,18.56
Tokyo,2021-03-25,sunny,9.6,13.8,7.5,0.0
Tokyo,2021-03-26,sunny,10.0,15.4,7.7,0.0
Tokyo,2021-03-27,sunny,11.7,16.1,8.8,0.0
Tokyo,2021-03-28,sunny,11.7,14.2,7.6,0.0
Tokyo,2021-03-29,sunny,11.5,17.7,9.4,0.0
Tokyo,2021-03-30,cloudy,9.9,12.8,7.1,0.0
Tokyo,2021-03-31,sunny,10.5,15.8,8.1,0.0
Tokyo,2021-04-01,sunny,12.6,17.8,9.4,0.0
Tokyo,2021-04-02,sunny,13.0,18.2,10.7,0.0
Tokyo,2021-04-03,sunny,11.7,16.3,8.4,0.0
Tokyo,2021-04-04,sunny,11.6,14.3,9.5,0.0
Tokyo,2021-04-05,cloudy,13.5,14.3,12.3,0.0
Tokyo,2021-04-06,rainy,12.5,13.6,12.1,15.55
Tokyo,2021-04-07,sunny,12.9,18.2,9.7,0.0
Tokyo,2021-04-08,sunny,13.3,16.9,9.5,0.0
Tokyo,2021-04-09,sunny,13.6,19.0,8.8,0.0
Tokyo,2021-04-10,rainy,10.0,11.4,8.8,30.85
Tokyo,2021-04-11,sunny,12.2,15.6,9.6,0.0
Tokyo,2021-04-12,sunny,12.4,18.7,7.4,0.0
Tokyo,2021-04-13,sunny,13.1,17.7,8.2,0.0
Tokyo,2021-04-14,cloudy,14.5,16.8,14.0,0.0
Tokyo,2021-04-15,sunny,14.9,20.2,12.2,0.0
Tokyo,2021-04-16,rainy,13.8,14.1,13.2,11.49
Tokyo,2021-04-17,sunny,14.0,18.6,10.7,0.0
Tokyo,2021-04-18,sunny,15.2,20.9,11.8,0.0
Tokyo,2021-04-19,sunny,14.4,20.1,11.1,0.0
Tokyo,2021-04-20,sunny,13.7,19.7,11.0,0.0
Tokyo,2021-04-21,sunny,16.4,22.2,13.9,0.0
Tokyo,2021-04-22,cloudy,15.6,17.4,13.5,0.0
Tokyo,2021-04-23,sunny,17.8,22.7,15.9,0.0
Tokyo,2021-04-24,sunny,17.1,21.5,13.3,0.0
Tokyo,2021-04-25,sunny,15.7,21.0,12.9,0.0
Tokyo,2021-04-26,sunny,16.5,22.1,14.0,0.0
Tokyo,2021-04-27,sunny,16.8,21.5,13.9,0.0
Tokyo,2021-04-28,rainy,16.3,16.6,15.5,5.73
Tokyo,2021-04-29,sunny,16.7,22.1,13.0,0.0
Tokyo,2021-04-30,sunny,17.5,22.7,15.4,0.0
Tokyo,2021-05-01,sunny,18.0,23.4,16.9,0.0
Tokyo,2021-05-02,sunny,17.6,22.8,14.0,0.0
Tokyo,2021-05-03,sunny,17.9,21.3,15.2,0.0
Tokyo,2021-05-04,sunny,16.8,21.6,15.3,0.0
Tokyo,2021-05-05,sunny,18.5,23.8,13.5,0.0
Tokyo,2021-05-06,sunny,17.8,23.9,13.4,0.0
Tokyo,2021-05-07,sunny,18.0,21.9,14.4,0.0
Tokyo,2021-05-08,sunny,18.6,24.3,15.0,0.0
Tokyo,2021-05-09,sunny,18.7,26.1,16.5,0.0
Tokyo,2021-05-10,sunny,21.0,25.7,19.3,0.0
Tokyo,2021-05-11,sunny,19.1,23.8,14.7,0.0
Tokyo,2021-05-12,cloudy,18.7,20.9,15.6,0.0
Tokyo,2021-05-13,sunny,19.1,24.7,16.7,0.0
Tokyo,2021-05-14,rainy,17.8,18.9,15.6,13.98
Tokyo,2021-05-15,sunny,21.0,25.7,16.9,0.0
Tokyo,2021-05-16,sunny,20.6,25.9,16.7,0.0
Tokyo,2021-05-17,sunny,21.8,26.5,19.6,0.0
Tokyo,2021-05-18,sunny,21.3,25.1,19.6,0.0
Tokyo,2021-05-19,sunny,21.5,26.0,18.3,0.0
Tokyo,2021-05-20,sunny,20.0,25.0,17.0,0.0
Tokyo,2021-05-21,sunny,22.0,26.6,19.3,0.0
Tokyo,2021-05-22,rainy,22.1,22.6,21.9,25.09
Tokyo,2021-05-23,sunny,22.2,28.1,17.7,0.0
Tokyo,2021-05-24,sunny,23.5,28.7,22.1,0.0
Tokyo,2021-05-25,sunny,23.0,27.6,19.9,0.0
Tokyo,2021-05-26,sunny,21.7,26.3,17.6,0.0
Tokyo,2021-05-27,sunny,21.7,25.2,19.1,0.0
Tokyo,2021-05-28,rainy,22.6,22.7,22.1,21.35
Tokyo,2021-05-29,rainy,21.8,22.1,19.5,34.34
Tokyo,2021-05-30,rainy,24.6,26.6,24.3,20.22
Tokyo,2021-05-31,rainy,23.0,23.8,22.4,16.88
Tokyo,2021-06-01,rainy,24.1,24.4,23.4,34.02
Tokyo,2021-06-02,rainy,24.0,25.4,21.7,15.86
Tokyo,2021-06-03,rainy,24.2,24.2,24.0,22.34
Tokyo,2021-06-04,sunny,22.7,26.5,19.3,0.0
Tokyo,2021-06-05,sunny,22.4,28.2,18.4,0.0
Tokyo,2021-06-06,sunny,24.2,28.4,22.1,0.0
Tokyo,2021-06-07,sunny,24.3,29.6,20.3,0.0
Tokyo,2021-06-08,sunny,24.3,28.6,21.6,0.0
Tokyo,2021-06-09,sunny,25.6,30.8,22.3,0.0
Tokyo,2021-06-10,sunny,26.0,31.0,23.6,0.0
Tokyo,2021-06-11,sunny,26.3,32.2,22.7,0.0
Tokyo,2021-06-12,sunny,26.0,31.1,21.8,0.0
Tokyo,2021-06-13,sunny,26.3,29.8,22.3,0.0
Tokyo,2021-06-14,sunny,26.3,30.9,23.6,0.0
Tokyo,2021-06-15,sunny,25.4,28.5,22.6,0.0
Tokyo,2021-06-16,sunny,26.3,31.1,24.1,0.0
Tokyo,2021-06-17,sunny,27.7,33.0,24.7,0.0
Tokyo,2021-06-18,cloudy,27.8,28.7,26.0,0.0
Tokyo,2021-06-19,sunny,27.8,32.1,26.5,0.0
Tokyo,2021-06-20,rainy,26.2,28.2,24.7,29.19
Tokyo,2021-06-21,rainy,26.6,27.7,24.9,15.08
Tokyo,2021-06-22,rainy,29.4,29.7,27.4,40.55
Tokyo,2021-06-23,rainy,28.3,31.5,27.5,16.16
Tokyo,2021-06-24,rainy,26.5,27.9,23.6,17.86
Tokyo,2021-06-25,rainy,27.9,29.7,26.3,13.74
Tokyo,2021-06-26,rainy,28.0,28.4,27.4,21.87
Tokyo,2021-06-27,cloudy,28.2,29.5,26.0,0.0
Tokyo,2021-06-28,cloudy,28.0,32.4,26.8,0.0
Tokyo,2021-06-29,sunny,29.2,34.8,26.2,0.0
Tokyo,2021-06-30,cloudy,30.5,30.9,28.5,0.0
Tokyo,2021-07-01,sunny,28.8,33.2,26.7,0.0
Tokyo,2021-07-02,sunny,28.0,33.7,26.7,0.0
Tokyo,2021-07-03,sunny,29.8,35.1,26.9,0.0
Tokyo,2021-07-04,sunny,28.8,31.4,27.5,0.0
Tokyo,2021-07-05,sunny,29.2,34.1,26.0,0.0
Tokyo,2021-07-06,sunny,30.8,35.6,26.9,0.0
Tokyo,2021-07-07,sunny,28.1,32.5,24.7,0.0
Tokyo,2021-07-08,sunny,30.5,36.0,26.4,0.0
Tokyo,2021-07-09,sunny,30.0,35.4,27.3,0.0
Tokyo,2021-07-10,rainy,28.9,30.5,28.1,3.76
Tokyo,2021-07-11,sunny,29.9,33.2,26.9,0.0
Tokyo,2021-07-12,sunny,30.4,37.4,27.9,0.0
Tokyo,2021-07-13,sunny,28.8,33.4,25.3,0.0
Tokyo,2021-07-14,sunny,33.1,37.2,31.2,0.0
Tokyo,2021-07-15,sunny,29.6,33.9,26.6,0.0
Tokyo,2021-07-16,rainy,30.4,31.4,28.8,13.37
Tokyo,2021-07-17,sunny,31.8,36.8,28.2,0.0
Tokyo,2021-07-18,sunny,33.9,36.7,31.3,0.0
Tokyo,2021-07-19,sunny,31.1,36.1,28.6,0.0
Tokyo,2021-07-20,rainy,30.4,31.2,29.2,24.0
Tokyo,2021-07-21,sunny,31.3,36.9,29.4,0.0
Tokyo,2021-07-22,sunny,31.1,36.0,27.1,0.0
Tokyo,2021-07-23,sunny,32.3,36.3,28.1,0.0
Tokyo,2021-07-24,rainy,29.6,32.0,28.4,17.33
Tokyo,2021-07-25,rainy,30.9,31.9,30.7,21.18
Tokyo,2021-07-26,sunny,30.0,34.8,26.6,0.0
Tokyo,2021-07-27,sunny,31.6,37.8,28.7,0.0
Tokyo,2021-07-28,sunny,32.1,37.0,27.8,0.0
Tokyo,2021-07-29,sunny,31.0,35.7,28.9,0.0
Tokyo,2021-07-30,cloudy,31.6,33.2,29.9,0.0
Tokyo,2021-07-31,sunny,31.2,35.4,28.3,0.0
Tokyo,2021-08-01,sunny,32.7,38.8,30.8,0.0
Tokyo,2021-08-02,sunny,32.3,36.2,29.9,0.0
Tokyo,2021-08-03,sunny,33.2,39.1,29.6,0.0
Tokyo,2021-08-04,sunny,33.3,37.8,30.2,0.0
Tokyo,2021-08-05,sunny,31.4,34.5,28.1,0.0
Tokyo,2021-08-06,sunny,32.2,37.2,29.1,0.0
Tokyo,2021-08-07,sunny,30.7,37.1,27.4,0.0
Tokyo,2021-08-08,cloudy,32.4,32.6,29.3,0.0
Tokyo,2021-08-09,sunny,31.8,37.2,29.1,0.0
Tokyo,2021-08-10,sunny,32.4,37.6,27.9,0.0
Tokyo,2021-08-11,sunny,32.3,37.6,28.3,0.0
Tokyo,2021-08-12,cloudy,33.1,35.2,30.9,0.0
Tokyo,2021-08-13,sunny,32.0,38.2,29.8,0.0
Tokyo,2021-08-14,sunny,33.4,39.2,30.3,0.0
Tokyo,2021-08-15,sunny,33.2,39.4,30.3,0.0
Tokyo,2021-08-16,sunny,33.1,38.8,31.9,0.0
Tokyo,2021-08-17,sunny,31.6,38.0,29.0,0.0
Tokyo,2021-08-18,rainy,31.7,33.2,29.2,18.77
Tokyo,2021-08-19,sunny,32.2,39.7,28.9,0.0
Tokyo,2021-08-20,sunny,33.4,39.3,30.7,0.0
Tokyo,2021-08-21,sunny,30.0,35.1,25.4,0.0
Tokyo,2021-08-22,sunny,30.2,33.6,26.1,0.0
Tokyo,2021-08-23,sunny,31.9,37.6,30.0,0.0
Tokyo,2021-08-24,sunny,31.6,37.5,27.8,0.0
Tokyo,2021-08-25,sunny,33.1,38.5,29.7,0.0
Tokyo,2021-08-26,sunny,31.2,36.8,29.1,0.0
Tokyo,2021-08-27,sunny,30.8,35.2,29.2,0.0
Tokyo,2021-08-28,sunny,32.0,36.4,28.2,0.0
Tokyo,2021-08-29,sunny,31.9,37.6,27.9,0.0
Tokyo,2021-08-30,sunny,31.6,36.3,28.5,0.0
Tokyo,2021-08-31,sunny,31.3,37.4,28.3,0.0
Tokyo,2021-09-01,sunny,30.0,35.7,27.1,0.0
Tokyo,2021-09-02,cloudy,30.3,33.2,26.4,0.0
Tokyo,2021-09-03,sunny,30.4,36.4,27.6,0.0
Tokyo,2021-09-04,sunny,28.9,33.2,25.6,0.0
Tokyo,2021-09-05,sunny,29.2,33.8,25.6,0.0
Tokyo,2021-09-06,sunny,30.7,33.6,27.4,0.0
Tokyo,2021-09-07,sunny,30.9,34.2,27.1,0.0
Tokyo,2021-09-08,sunny,28.9,33.8,26.1,0.0
Tokyo,2021-09-09,rainy,29.2,30.9,28.4,19.08
Tokyo,2021-09-10,rainy,28.1,29.4,27.4,13.95
Tokyo,2021-09-11,sunny,27.3,32.6,24.1,0.0
Tokyo,2021-09-12,sunny,29.0,33.7,26.4,0.0
Tokyo,2021-09-13,sunny,30.1,33.4,27.4,0.0
Tokyo,2021-09-14,sunny,31.6,36.7,28.4,0.0
Tokyo,2021-09-15,sunny,28.6,35.6,23.4,0.0
Tokyo,2021-09-16,sunny,29.0,34.0,26.1,0.0
Tokyo,2021-09-17,sunny,28.3,32.7,24.2,0.0
Tokyo,2021-09-18,cloudy,27.6,30.0,26.6,0.0
Tokyo,2021-09-19,sunny,30.3,37.2,26.0,0.0
Tokyo,2021-09-20,sunny,27.4,30.1,24.0,0.0
Tokyo,2021-09-21,sunny,27.0,33.1,24.0,0.0
Tokyo,2021-09-22,sunny,27.5,32.5,24.3,0.0
Tokyo,2021-09-23,sunny,27.2,32.0,23.7,0.0
Tokyo,2021-09-24,sunny,27.0,32.0,24.0,0.0
Tokyo,2021-09-25,sunny,25.8,30.8,23.5,0.0
Tokyo,2021-09-26,sunny,26.4,31.5,24.8,0.0
Tokyo,2021-09-27,sunny,26.9,32.4,22.7,0.0
Tokyo,2021-09-28,sunny,28.0,32.5,24.3,0.0
Tokyo,2021-09-29,sunny,27.6,32.2,24.2,0.0
Tokyo,2021-09-30,cloudy,25.4,28.4,22.4,0.0
Tokyo,2021-10-01,sunny,27.8,30.5,25.0,0.0
Tokyo,2021-10-02,sunny,24.2,27.8,21.3,0.0
Tokyo,2021-10-03,rainy,23.0,23.4,22.8,14.04
Tokyo,2021-10-04,cloudy,25.8,27.4,24.1,0.0
Tokyo,2021-10-05,sunny,26.0,31.3,25.4,0.0
Tokyo,2021-10-06,rainy,24.7,27.2,22.8,16.45
Tokyo,2021-10-07,sunny,25.2,29.5,23.4,0.0
Tokyo,2021-10-08,sunny,26.3,31.4,23.7,0.0
Tokyo,2021-10-09,sunny,24.5,29.5,21.4,0.0
Tokyo,2021-10-10,sunny,24.5,29.2,20.9,0.0
Tokyo,2021-10-11,sunny,24.6,29.1,20.8,0.0
Tokyo,2021-10-12,sunny,24.0,30.4,20.0,0.0
Tokyo,2021-10-13,sunny,24.3,29.4,21.3,0.0
Tokyo,2021-10-14,sunny,23.3,30.3,19.7,0.0
Tokyo,2021-10-15,sunny,22.9,25.6,20.4,0.0
Tokyo,2021-10-16,sunny,23.9,29.2,20.6,0.0
Tokyo,2021-10-17,sunny,24.4,28.6,22.5,0.0
Tokyo,2021-10-18,rainy,21.9,23.7,19.5,6.93
Tokyo,2021-10-19,sunny,22.8,29.2,21.0,0.0
Tokyo,2021-10-20,sunny,22.9,27.7,21.8,0.0
Tokyo,2021-10-21,sunny,23.4,28.6,19.8,0.0
Tokyo,2021-10-22,sunny,24.6,28.6,20.0,0.0
Tokyo,2021-10-23,sunny,23.1,28.2,19.2,0.0
Tokyo,2021-10-24,sunny,21.7,26.4,17.8,0.0
Tokyo,2021-10-25,sunny,20.8,24.1,18.6,0.0
Tokyo,2021-10-26,cloudy,21.4,22.8,19.4,0.0
Tokyo,2021-10-27,sunny,21.8,28.4,19.5,0.0
Tokyo,2021-10-28,sunny,20.2,25.1,16.5,0.0
Tokyo,2021-10-29,sunny,21.3,26.4,18.1,0.0
Tokyo,2021-10-30,cloudy,20.5,22.6,19.5,0.0
Tokyo,2021-10-31,sunny,21.4,27.3,19.7,0.0
Tokyo,2021-11-01,sunny,19.7,23.1,15.4,0.0
Tokyo,2021-11-02,sunny,19.9,25.7,16.2,0.0
Tokyo,2021-11-03,rainy,17.0,18.1,15.5,6.37
Tokyo,2021-11-04,sunny,17.1,21.8,14.9,0.0
Tokyo,2021-11-05,sunny,16.1,22.2,12.7,0.0
Tokyo,2021-11-06,cloudy,17.3,20.1,15.2,0.0
Tokyo,2021-11-07,rainy,19.2,20.8,19.0,5.16
Tokyo,2021-11-08,sunny,18.7,24.5,16.7,0.0
Tokyo,2021-11-09,sunny,17.6,20.6,14.0,0.0
Tokyo,2021-11-10,cloudy,19.2,22.3,17.9,0.0
Tokyo,2021-11-11,sunny,17.2,24.1,15.1,0.0
Tokyo,2021-11-12,sunny,18.8,26.0,16.7,0.0
Tokyo,2021-11-13,sunny,16.7,21.4,14.0,0.0
Tokyo,2021-11-14,rainy,18.3,20.0,17.4,17.8
Tokyo,2021-11-15,sunny,16.3,21.1,12.5,0.0
Tokyo,2021-11-16,sunny,18.2,22.5,15.4,0.0
Tokyo,2021-11-17,sunny,17.8,22.3,14.5,0.0
Tokyo,2021-11-18,sunny,16.7,21.5,13.9,0.0
Tokyo,2021-11-19,sunny,16.2,20.2,13.9,0.0
Tokyo,2021-11-20,sunny,15.6,21.4,12.6,0.0
Tokyo,2021-11-21,sunny,15.9,20.9,12.5,0.0
Tokyo,2021-11-22,sunny,15.5,19.9,11.0,0.0
Tokyo,2021-11-23,rainy,14.5,15.5,13.7,22.11
Tokyo,2021-11-24,rainy,13.9,14.8,12.6,29.66
Tokyo,2021-11-25,rainy,13.3,13.9,12.8,9.77
Tokyo,2021-11-26,sunny,12.7,17.7,10.2,0.0
Tokyo,2021-11-27,sunny,14.7,19.0,8.9,0.0
Tokyo,2021-11-28,sunny,14.4,20.9,10.6,0.0
Tokyo,2021-11-29,cloudy,14.3,17.0,12.7,0.0
Tokyo,2021-11-30,sunny,14.3,18.6,11.0,0.0
Tokyo,2021-12-01,sunny,13.9,18.8,12.2,0.0
Tokyo,2021-12-02,sunny,16.5,20.7,13.5,0.0
Tokyo,2021-12-03,sunny,15.1,19.7,10.9,0.0
Tokyo,2021-12-04,sunny,14.6,18.5,10.9,0.0
Tokyo,2021-12-05,sunny,14.0,17.1,10.9,0.0
Tokyo,2021-12-06,sunny,13.1,18.4,9.8,0.0
Tokyo,2021-12-07,sunny,13.0,17.4,10.3,0.0
Tokyo,2021-12-08,sunny,11.0,15.1,8.7,0.0
Tokyo,2021-12-09,sunny,10.7,16.1,8.5,0.0
Tokyo,2021-12-10,sunny,11.2,18.4,8.2,0.0
Tokyo,2021-12-11,sunny,12.2,17.7,9.8,0.0
Tokyo,2021-12-12,sunny,11.3,15.2,9.5,0.0
Tokyo,2021-12-13,sunny,12.1,16.9,7.4,0.0
Tokyo,2021-12-14,sunny,10.3,14.7,6.9,0.0
Tokyo,2021-12-15,rainy,8.5,10.1,7.8,21.11
Tokyo,2021-12-16,sunny,8.0,12.5,5.6,0.0
Tokyo,2021-12-17,sunny,9.2,12.2,6.2,0.0
Tokyo,2021-12-18,sunny,9.2,15.2,3.2,0.0
Tokyo,2021-12-19,sunny,9.1,13.4,6.0,0.0
Tokyo,2021-12-20,sunny,7.5,11.4,5.6,0.0
Tokyo,2021-12-21,sunny,9.7,13.0,7.2,0.0
Tokyo,2021-12-22,sunny,9.6,15.1,6.7,0.0
Tokyo,2021-12-23,sunny,9.7,14.8,4.6,0.0
Tokyo,2021-12-24,sunny,10.7,15.0,9.6,0.0
Tokyo,2021-12-25,sunny,10.4,16.0,5.5,0.0
Tokyo,2021-12-26,rainy,10.1,12.5,8.8,25.02
Tokyo,2021-12-27,sunny,9.3,14.8,7.2,0.0
Tokyo,2021-12-28,sunny,7.6,12.7,5.8,0.0
Tokyo,2021-12-29,sunny,8.8,13.1,6.3,0.0
Tokyo,2021-12-30,sunny,9.3,12.6,7.3,0.0
Tokyo,2021-12-31,sunny,9.0,14.0,6.1,0.0
Tokyo,2022-01-01,sunny,9.1,13.1,5.5,0.0
Tokyo,2022-01-02,sunny,9.2,13.8,8.4,0.0
Tokyo,2022-01-03,cloudy,7.3,8.6,5.5,0.0
Tokyo,2022-01-04,sunny,10.0,14.7,5.9,0.0
Tokyo,2022-01-05,sunny,7.3,12.4,4.0,0.0
Tokyo,2022-01-06,sunny,7.5,11.4,5.1,0.0
Tokyo,2022-01-07,sunny,7.4,11.5,4.8,0.0
Tokyo,2022-01-08,rainy,6.3,6.9,5.4,28.09
Tokyo,2022-01-09,rainy,7.0,10.1,5.2,26.39
Tokyo,2022-01-10,rainy,5.0,5.4,4.3,17.55
Tokyo,2022-01-11,sunny,7.5,11.2,4.4,0.0
Tokyo,2022-01-12,sunny,7.0,12.5,4.2,0.0
Tokyo,2022-01-13,sunny,7.8,13.0,4.3,0.0
Tokyo,2022-01-14,sunny,8.0,14.1,4.6,0.0
Tokyo,2022-01-15,sunny,7.6,14.2,3.6,0.0
Tokyo,2022-01-16,sunny,7.2,12.7,3.3,0.0
Tokyo,2022-01-17,sunny,6.5,11.5,3.1,0.0
Tokyo,2022-01-18,sunny,5.8,10.6,2.7,0.0
Tokyo,2022-01-19,sunny,7.3,12.1,4.4,0.0
Tokyo,2022-01-20,sunny,6.1,12.0,1.2,0.0
Tokyo,2022-01-21,sunny,6.8,12.5,4.2,0.0
Tokyo,2022-01-22,sunny,7.1,10.6,4.9,0.0
Tokyo,2022-01-23,sunny,7.6,12.2,4.7,0.0
Tokyo,2022-01-24,sunny,7.1,10.0,4.3,0.0
Tokyo,2022-01-25,sunny,8.5,12.3,5.3,0.0
Tokyo,2022-01-26,sunny,6.6,13.6,3.8,0.0
Tokyo,2022-01-27,sunny,6.6,11.2,3.8,0.0
Tokyo,2022-01-28,rainy,5.4,5.6,5.0,21.5
Tokyo,2022-01-29,sunny,5.1,9.9,2.2,0.0
Tokyo,2022-01-30,sunny,6.6,12.5,4.7,0.0
Tokyo,2022-01-31,sunny,4.8,8.8,1.3,0.0
Tokyo,2022-02-01,sunny,5.1,10.5,3.2,0.0
Tokyo,2022-02-02,rainy,4.8,4.8,3.2,27.1
Tokyo,2022-02-03,sunny,7.2,14.2,4.2,0.0
Tokyo,2022-02-04,cloudy,7.0,8.0,5.4,0.0
Tokyo,2022-02-05,sunny,7.2,12.0,3.6,0.0
Tokyo,2022-02-06,sunny,6.9,13.5,4.8,0.0
Tokyo,2022-02-07,sunny,6.0,12.1,3.2,0.0
Tokyo,2022-02-08,sunny,6.4,12.3,3.3,0.0
Tokyo,2022-02-09,sunny,7.8,13.6,4.6,0.0
Tokyo,2022-02-10,sunny,7.4,12.6,4.2,0.0
Tokyo,2022-02-11,sunny,5.6,12.3,1.7,0.0
Tokyo,2022-02-12,sunny,5.0,8.9,1.4,0.0
Tokyo,2022-02-13,sunny,5.4,11.4,2.8,0.0
Tokyo,2022-02-14,sunny,5.6,8.2,3.6,0.0
Tokyo,2022-02-15,sunny,5.1,10.3,1.2,0.0
Tokyo,2022-02-16,sunny,5.2,9.3,4.7,0.0
Tokyo,2022-02-17,sunny,8.6,12.7,5.4,0.0
Tokyo,2022-02-18,sunny,7.8,13.9,4.9,0.0
Tokyo,2022-02-19,sunny,7.3,11.2,4.5,0.0
Tokyo,2022-02-20,sunny,5.7,11.4,3.6,0.0
Tokyo,2022-02-21,sunny,6.6,10.3,2.1,0.0
Tokyo,2022-02-22,cloudy,5.4,7.6,3.4,0.0
Tokyo,2022-02-23,sunny,6.6,11.3,2.7,0.0
Tokyo,2022-02-24,sunny,8.7,13.2,5.4,0.0
Tokyo,2022-02-25,sunny,9.1,13.1,6.2,0.0
Tokyo,2022-02-26,sunny,6.8,11.7,4.5,0.0
Tokyo,2022-02-27,sunny,6.2,11.3,2.1,0.0
Tokyo,2022-02-28,sunny,6.9,13.5,3.3,0.0
Tokyo,2022-03-01,sunny,8.7,13.9,5.5,0.0
Tokyo,2022-03-02,sunny,6.6,12.0,4.2,0.0
Tokyo,2022-03-03,rainy,8.0,8.6,6.5,19.54
Tokyo,2022-03-04,sunny,7.4,11.8,3.6,0.0
Tokyo,2022-03-05,sunny,8.5,14.6,4.6,0.0
Tokyo,2022-03-06,sunny,8.4,14.4,4.9,0.0
Tokyo,2022-03-07,sunny,8.3,11.4,5.7,0.0
Tokyo,2022-03-08,sunny,7.7,12.0,4.7,0.0
Tokyo,2022-03-09,sunny,7.1,13.8,2.7,0.0
Tokyo,2022-03-10,sunny,8.7,14.2,5.4,0.0
Tokyo,2022-03-11,sunny,9.0,14.5,6.3,0.0
Tokyo,2022-03-12,sunny,6.0,9.4,3.7,0.0
Tokyo,2022-03-13,sunny,5.5,10.9,2.4,0.0
Tokyo,2022-03-14,rainy,6.7,6.9,6.3,20.09
Tokyo,2022-03-15,rainy,6.6,7.2,6.1,8.79
Tokyo,2022-03-16,rainy,5.8,7.0,5.1,33.95
Tokyo,2022-03-17,sunny,8.1,13.3,4.3,0.0
Tokyo,2022-03-18,sunny,7.2,13.1,5.2,0.0
Tokyo,2022-03-19,sunny,8.2,14.4,5.2,0.0
Tokyo,2022-03-20,sunny,10.0,14.8,6.6,0.0
Tokyo,2022-03-21,sunny,8.5,13.3,3.9,0.0
Tokyo,2022-03-22,cloudy,8.5,9.2,6.7,0.0
Tokyo,2022-03-23,sunny,10.0,15.5,6.6,0.0
Tokyo,2022-03-24,sunny,8.4,12.7,6.4,0.0
Tokyo,2022-03-25,sunny,7.1,12.1,4.5,0.0
Tokyo,2022-03-26,sunny,10.4,16.6,7.7,0.0
Tokyo,2022-03-27,sunny,9.8,12.9,7.5,0.0
Tokyo,2022-03-28,sunny,11.0,16.0,7.9,0.0
Tokyo,2022-03-29,sunny,11.3,16.6,8.7,0.0
Tokyo,2022-03-30,cloudy,11.3,11.6,9.9,0.0
Tokyo,2022-03-31,rainy,11.0,11.1,9.9,22.07
Tokyo,2022-04-01,rainy,10.3,12.8,9.3,19.22
Tokyo,2022-04-02,sunny,10.1,13.5,7.3,0.0
Tokyo,2022-04-03,sunny,11.1,16.0,9.3,0.0
Tokyo,2022-04-04,sunny,12.6,17.5,10.5,0.0
Tokyo,2022-04-05,sunny,13.6,18.6,11.3,0.0
Tokyo,2022-04-06,sunny,14.5,18.6,11.2,0.0
Tokyo,2022-04-07,sunny,11.8,18.1,7.9,0.0
Tokyo,2022-04-08,sunny,12.6,17.8,9.1,0.0
Tokyo,2022-04-09,sunny,12.9,18.9,10.1,0.0
Tokyo,2022-04-10,sunny,13.2,20.2,8.5,0.0
Tokyo,2022-04-11,rainy,12.7,14.5,10.4,15.48
Tokyo,2022-04-12,sunny,13.1,20.1,11.4,0.0
Tokyo,2022-04-13,sunny,12.2,18.0,9.2,0.0
Tokyo,2022-04-14,sunny,13.5,19.0,11.4,0.0
Tokyo,2022-04-15,sunny,13.2,18.5,12.0,0.0
Tokyo,2022-04-16,sunny,14.0,18.5,13.7,0.0
Tokyo,2022-04-17,sunny,12.4,17.6,8.2,0.0
Tokyo,2022-04-18,sunny,13.3,18.0,9.2,0.0
Tokyo,2022-04-19,sunny,14.1,18.6,11.9,0.0
Tokyo,2022-04-20,sunny,14.6,20.0,10.2,0.0
Tokyo,2022-04-21,sunny,13.9,20.2,11.4,0.0
Tokyo,2022-04-22,cloudy,14.6,16.1,10.7,0.0
Tokyo,2022-04-23,sunny,15.9,21.0,13.1,0.0
Tokyo,2022-04-24,sunny,16.2,22.0,13.2,0.0
Tokyo,2022-04-25,sunny,16.6,21.7,13.2,0.0
Tokyo,2022-04-26,sunny,16.9,20.9,14.6,0.0
Tokyo,2022-04-27,sunny,16.3,20.1,12.8,0.0
Tokyo,2022-04-28,sunny,16.9,20.4,13.3,0.0
Tokyo,2022-04-29,sunny,17.4,23.2,13.3,0.0
Tokyo,2022-04-30,sunny,16.4,19.5,11.8,0.0
Tokyo,2022-05-01,rainy,16.9,17.7,14.2,20.65
Tokyo,2022-05-02,sunny,18.7,22.7,17.2,0.0
Tokyo,2022-05-03,sunny,19.8,24.6,17.1,0.0
Tokyo,2022-05-04,cloudy,17.8,20.1,15.9,0.0
Tokyo,2022-05-05,sunny,16.1,21.2,14.3,0.0
Tokyo,2022-05-06,rainy,17.2,17.8,17.2,24.51
Tokyo,2022-05-07,rainy,16.8,19.3,16.6,8.64
Tokyo,2022-05-08,rainy,17.5,17.9,16.1,20.77
Tokyo,2022-05-09,rainy,18.4,19.1,17.4,9.02
Tokyo,2022-05-10,cloudy,17.8,20.4,16.1,0.0
Tokyo,2022-05-11,sunny,20.0,25.9,16.8,0.0
Tokyo,2022-05-12,sunny,18.0,21.9,16.2,0.0
Tokyo,2022-05-13,sunny,18.8,21.8,15.8,0.0
Tokyo,2022-05-14,sunny,18.9,24.5,16.5,0.0
Tokyo,2022-05-15,sunny,19.4,24.1,16.9,0.0
Tokyo,2022-05-16,sunny,20.6,25.4,16.9,0.0
Tokyo,2022-05-17,rainy,19.1,20.4,18.6,37.82
Tokyo,2022-05-18,cloudy,19.8,21.8,18.1,0.0
Tokyo,2022-05-19,cloudy,20.8,23.0,19.5,0.0
Tokyo,2022-05-20,sunny,20.7,25.3,19.9,0.0
Tokyo,2022-05-21,cloudy,19.4,21.4,16.3,0.0
Tokyo,2022-05-22,rainy,19.8,21.2,19.1,18.63
Tokyo,2022-05-23,rainy,19.4,21.7,19.0,8.09
Tokyo,2022-05-24,sunny,23.1,27.8,20.5,0.0
Tokyo,2022-05-25,sunny,22.7,29.8,22.6,0.0
Tokyo,2022-05-26,sunny,22.9,27.3,20.7,0.0
Tokyo,2022-05-27,sunny,23.8,28.6,22.2,0.0
Tokyo,2022-05-28,sunny,23.8,29.9,18.6,0.0
Tokyo,2022-05-29,sunny,23.1,27.9,20.1,0.0
Tokyo,2022-05-30,sunny,24.2,29.5,22.1,0.0
Tokyo,2022-05-31,sunny,25.9,29.4,22.8,0.0
Tokyo,2022-06-01,rainy,24.0,24.3,23.8,19.68
Tokyo,2022-06-02,sunny,23.5,28.9,20.7,0.0
Tokyo,2022-06-03,sunny,26.6,31.3,24.3,0.0
Tokyo,2022-06-04,sunny,24.5,29.8,21.5,0.0
Tokyo,2022-06-05,sunny,25.0,28.8,22.7,0.0
Tokyo,2022-06-06,rainy,23.4,24.1,22.7,8.41
Tokyo,2022-06-07,rainy,25.9,26.6,25.2,7.1
Tokyo,2022-06-08,rainy,26.3,26.8,24.5,28.83
Tokyo,2022-06-09,rainy,25.1,25.6,24.1,16.42
Tokyo,2022-06-10,sunny,26.4,30.0,21.7,0.0
Tokyo,2022-06-11,sunny,26.2,30.8,23.4,0.0
Tokyo,2022-06-12,sunny,25.2,29.6,22.5,0.0
Tokyo,2022-06-13,sunny,26.9,31.9,21.7,0.0
Tokyo,2022-06-14,sunny,27.7,32.4,24.8,0.0
Tokyo,2022-06-15,sunny,26.7,30.6,24.6,0.0
Tokyo,2022-06-16,sunny,26.7,31.3,22.5,0.0
Tokyo,2022-06-17,sunny,30.3,35.7,28.5,0.0
Tokyo,2022-06-18,rainy,29.5,30.7,29.2,11.79
Tokyo,2022-06-19,rainy,26.5,27.0,25.0,31.26
Tokyo,2022-06-20,rainy,27.1,27.3,25.1,33.24
Tokyo,2022-06-21,rainy,26.7,27.5,25.8,17.39
Tokyo,2022-06-22,sunny,27.3,32.1,24.5,0.0
Tokyo,2022-06-23,cloudy,27.8,30.3,27.0,0.0
Tokyo,2022-06-24,sunny,27.8,32.5,25.0,0.0
Tokyo,2022-06-25,rainy,27.4,28.5,25.9,23.18
Tokyo,2022-06-26,sunny,29.2,34.9,24.8,0.0
Tokyo,2022-06-27,rainy,26.1,27.1,23.3,27.42
Tokyo,2022-06-28,sunny,28.2,33.0,24.2,0.0
Tokyo,2022-06-29,sunny,25.6,30.6,23.5,0.0
Tokyo,2022-06-30,sunny,28.6,34.0,25.9,0.0
Tokyo,2022-07-01,sunny,30.2,36.5,27.7,0.0
Tokyo,2022-07-02,sunny,30.7,33.9,27.7,0.0
Tokyo,2022-07-03,sunny,29.2,34.0,26.1,0.0
Tokyo,2022-07-04,sunny,29.4,36.2,25.6,0.0
Tokyo,2022-07-05,sunny,30.1,35.1,26.3,0.0
Tokyo,2022-07-06,cloudy,29.3,31.9,26.7,0.0
Tokyo,2022-07-07,sunny,28.8,34.7,24.3,0.0
Tokyo,2022-07-08,sunny,30.5,36.2,27.1,0.0
Tokyo,2022-07-09,sunny,30.7,35.6,27.9,0.0
Tokyo,2022-07-10,sunny,30.8,36.0,28.1,0.0
Tokyo,2022-07-11,sunny,32.0,39.0,29.6,0.0
Tokyo,2022-07-12,sunny,31.4,36.4,27.9,0.0
Tokyo,2022-07-13,sunny,30.7,35.2,29.0,0.0
Tokyo,2022-07-14,sunny,33.4,37.9,32.3,0.0
Tokyo,2022-07-15,sunny,34.3,40.5,29.5,0.0
Tokyo,2022-07-16,sunny,32.5,37.4,29.0,0.0
Tokyo,2022-07-17,cloudy,33.5,34.5,31.3,0.0
Tokyo,2022-07-18,cloudy,31.6,34.6,28.9,0.0
Tokyo,2022-07-19,rainy,34.3,35.4,33.5,20.61
Tokyo,2022-07-20,rainy,31.5,32.3,31.1,10.54
Tokyo,2022-07-21,rainy,31.1,33.7,28.6,15.77
Tokyo,2022-07-22,sunny,31.2,35.2,28.1,0.0
Tokyo,2022-07-23,sunny,30.6,35.6,27.6,0.0
Tokyo,2022-07-24,sunny,32.4,36.0,28.7,0.0
Tokyo,2022-07-25,sunny,32.7,36.1,29.7,0.0
Tokyo,2022-07-26,sunny,31.0,36.9,28.1,0.0
Tokyo,2022-07-27,sunny,31.4,37.1,26.8,0.0
Tokyo,2022-07-28,cloudy,31.4,35.0,28.8,0.0
Tokyo,2022-07-29,sunny,31.9,36.6,26.6,0.0
Tokyo,2022-07-30,sunny,33.2,40.4,30.4,0.0
Tokyo,2022-07-31,sunny,31.0,36.4,28.1,0.0
Tokyo,2022-08-01,sunny,31.8,37.7,29.9,0.0
Tokyo,2022-08-02,rainy,32.8,34.9,31.7,26.43
Tokyo,2022-08-03,sunny,32.1,38.8,30.1,0.0
Tokyo,2022-08-04,sunny,34.1,38.4,30.5,0.0
Tokyo,2022-08-05,sunny,32.4,36.6,29.6,0.0
Tokyo,2022-08-06,sunny,32.5,37.5,29.4,0.0
Tokyo,2022-08-07,sunny,32.5,36.6,30.4,0.0
Tokyo,2022-08-08,sunny,32.6,37.8,30.5,0.0
Tokyo,2022-08-09,sunny,31.6,36.9,26.5,0.0
Tokyo,2022-08-10,sunny,31.7,36.3,28.3,0.0
Tokyo,2022-08-11,rainy,30.3,30.5,28.3,19.74
Tokyo,2022-08-12,rainy,30.0,30.4,29.8,25.04
Tokyo,2022-08-13,rainy,31.0,32.6,30.9,21.9
Tokyo,2022-08-14,rainy,30.0,31.7,28.8,23.21
Tokyo,2022-08-15,sunny,29.9,35.4,27.4,0.0
Tokyo,2022-08-16,sunny,31.9,38.1,29.2,0.0
Tokyo,2022-08-17,rainy,32.8,33.0,31.3,17.21
Tokyo,2022-08-18,sunny,32.6,38.8,29.6,0.0
Tokyo,2022-08-19,cloudy,33.0,35.1,30.9,0.0
Tokyo,2022-08-20,sunny,32.5,36.5,30.3,0.0
Tokyo,2022-08-21,sunny,31.2,37.1,27.8,0.0
Tokyo,2022-08-22,rainy,33.0,33.0,32.2,21.62
Tokyo,2022-08-23,sunny,30.2,35.1,27.0,0.0
Tokyo,2022-08-24,sunny,31.4,36.0,28.0,0.0
Tokyo,2022-08-25,sunny,30.0,36.6,29.2,0.0
Tokyo,2022-08-26,sunny,31.4,35.5,28.2,0.0
Tokyo,2022-08-27,sunny,32.2,38.9,27.3,0.0
Tokyo,2022-08-28,sunny,31.9,36.6,28.3,0.0
Tokyo,2022-08-29,rainy,31.1,35.3,30.3,19.76
Tokyo,2022-08-30,sunny,31.4,35.8,28.3,0.0
Tokyo,2022-08-31,sunny,31.8,36.7,30.3,0.0
Tokyo,2022-09-01,sunny,29.9,35.6,26.6,0.0
Tokyo,2022-09-02,sunny,31.3,37.4,28.4,0.0
Tokyo,2022-09-03,sunny,29.6,34.2,26.8,0.0
Tokyo,2022-09-04,sunny,30.6,34.4,27.5,0.0
Tokyo,2022-09-05,cloudy,29.8,31.1,28.5,0.0
Tokyo,2022-09-06,sunny,29.2,36.0,25.3,0.0
Tokyo,2022-09-07,sunny,29.1,33.1,26.6,0.0
Tokyo,2022-09-08,sunny,32.3,36.2,29.2,0.0
Tokyo,2022-09-09,sunny,29.9,33.9,27.7,0.0
Tokyo,2022-09-10,cloudy,30.1,32.6,27.7,0.0
Tokyo,2022-09-11,sunny,31.2,35.8,28.0,0.0
Tokyo,2022-09-12,sunny,29.9,35.1,26.3,0.0
Tokyo,2022-09-13,sunny,29.6,34.1,27.6,0.0
Tokyo,2022-09-14,cloudy,29.6,32.6,29.6,0.0
Tokyo,2022-09-15,sunny,30.2,37.7,27.1,0.0
Tokyo,2022-09-16,sunny,28.9,32.8,24.4,0.0
Tokyo,2022-09-17,rainy,28.0,28.2,27.5,16.66
Tokyo,2022-09-18,rainy,27.9,29.8,26.5,24.94
Tokyo,2022-09-19,sunny,27.7,33.0,24.6,0.0
Tokyo,2022-09-20,sunny,29.9,34.6,26.3,0.0
Tokyo,2022-09-21,rainy,27.2,27.3,25.3,18.63
Tokyo,2022-09-22,sunny,26.7,31.4,23.0,0.0
Tokyo,2022-09-23,sunny,26.2,31.0,22.8,0.0
Tokyo,2022-09-24,cloudy,28.4,29.6,27.4,0.0
Tokyo,2022-09-25,cloudy,27.9,29.5,25.5,0.0
Tokyo,2022-09-26,sunny,27.9,33.8,25.7,0.0
Tokyo,2022-09-27,sunny,26.4,32.6,25.2,0.0
Tokyo,2022-09-28,sunny,27.3,31.9,23.1,0.0
Tokyo,2022-09-29,sunny,27.0,31.1,24.1,0.0
Tokyo,2022-09-30,sunny,26.8,31.7,22.7,0.0
Tokyo,2022-10-01,sunny,26.7,33.3,23.0,0.0
Tokyo,2022-10-02,rainy,22.5,24.6,22.0,19.34
Tokyo,2022-10-03,sunny,24.2,29.0,20.7,0.0
Tokyo,2022-10-04,sunny,25.6,30.1,21.3,0.0
Tokyo,2022-10-05,sunny,28.0,33.3,25.3,0.0
Tokyo,2022-10-06,sunny,27.3,32.4,24.0,0.0
Tokyo,2022-10-07,sunny,26.1,32.9,22.4,0.0
Tokyo,2022-10-08,sunny,24.3,28.7,22.7,0.0
Tokyo,2022-10-09,sunny,23.9,29.7,20.0,0.0
Tokyo,2022-10-10,rainy,22.1,22.4,21.5,36.43
Tokyo,2022-10-11,rainy,23.4,24.4,19.6,16.54
Tokyo,2022-10-12,sunny,22.5,26.7,22.4,0.0
Tokyo,2022-10-13,sunny,22.0,27.6,18.6,0.0
Tokyo,2022-10-14,sunny,25.2,30.2,22.7,0.0
Tokyo,2022-10-15,sunny,23.9,27.4,21.3,0.0
Tokyo,2022-10-16,rainy,19.9,21.6,18.9,27.06
Tokyo,2022-10-17,rainy,21.9,22.6,20.2,10.07
Tokyo,2022-10-18,sunny,23.7,29.4,20.1,0.0
Tokyo,2022-10-19,sunny,22.0,28.2,18.0,0.0
Tokyo,2022-10-20,sunny,22.9,26.7,19.4,0.0
Tokyo,2022-10-21,sunny,23.2,29.3,21.9,0.0
Tokyo,2022-10-22,sunny,21.0,24.9,17.4,0.0
Tokyo,2022-10-23,sunny,22.1,26.6,17.0,0.0
Tokyo,2022-10-24,sunny,22.7,28.5,18.0,0.0
Tokyo,2022-10-25,sunny,22.3,28.4,19.6,0.0
Tokyo,2022-10-26,sunny,22.4,27.6,19.0,0.0
Tokyo,2022-10-27,sunny,19.6,24.0,18.3,0.0
Tokyo,2022-10-28,sunny,20.8,26.3,16.6,0.0
Tokyo,2022-10-29,sunny,19.9,26.4,17.0,0.0
Tokyo,2022-10-30,sunny,20.9,26.3,19.9,0.0
Tokyo,2022-10-31,sunny,21.7,27.2,17.8,0.0
Tokyo,2022-11-01,sunny,19.7,24.2,15.7,0.0
Tokyo,2022-11-02,sunny,20.9,28.4,18.4,0.0
Tokyo,2022-11-03,cloudy,20.2,24.2,17.6,0.0
Tokyo,2022-11-04,sunny,18.5,23.3,15.3,0.0
Tokyo,2022-11-05,sunny,19.8,25.8,16.2,0.0
Tokyo,2022-11-06,sunny,19.4,25.1,14.8,0.0
Tokyo,2022-11-07,sunny,17.8,22.3,13.6,0.0
Tokyo,2022-11-08,sunny,19.5,23.5,15.7,0.0
Tokyo,2022-11-09,sunny,17.7,21.8,14.6,0.0
Tokyo,2022-11-10,sunny,19.6,24.0,16.3,0.0
Tokyo,2022-11-11,sunny,18.7,24.6,16.2,0.0
Tokyo,2022-11-12,sunny,16.1,22.8,15.0,0.0
Tokyo,2022-11-13,sunny,14.8,18.9,11.9,0.0
Tokyo,2022-11-14,sunny,15.8,19.5,14.0,0.0
Tokyo,2022-11-15,sunny,15.7,21.6,14.7,0.0
Tokyo,2022-11-16,cloudy,17.8,19.8,14.7,0.0
Tokyo,2022-11-17,sunny,18.2,22.7,14.9,0.0
Tokyo,2022-11-18,sunny,15.8,21.3,13.5,0.0
Tokyo,2022-11-19,sunny,15.7,21.6,11.8,0.0
Tokyo,2022-11-20,sunny,16.7,23.7,13.4,0.0
Tokyo,2022-11-21,sunny,17.3,22.7,14.9,0.0
Tokyo,2022-11-22,sunny,16.8,23.8,13.2,0.0
Tokyo,2022-11-23,rainy,13.6,15.5,11.8,14.19
Tokyo,2022-11-24,sunny,15.7,19.6,13.4,0.0
Tokyo,2022-11-25,sunny,17.4,21.9,16.2,0.0
Tokyo,2022-11-26,sunny,14.1,19.2,12.8,0.0
Tokyo,2022-11-27,sunny,15.1,19.6,13.6,0.0
Tokyo,2022-11-28,sunny,13.5,17.5,9.3,0.0
Tokyo,2022-11-29,sunny,12.3,16.9,11.0,0.0
Tokyo,2022-11-30,sunny,12.4,17.9,9.3,0.0
Tokyo,2022-12-01,sunny,12.9,18.1,9.6,0.0
Tokyo,2022-12-02,sunny,13.8,17.8,10.6,0.0
Tokyo,2022-12-03,sunny,12.8,16.5,8.9,0.0
Tokyo,2022-12-04,sunny,12.7,18.8,10.1,0.0
Tokyo,2022-12-05,rainy,10.9,10.9,10.7,17.57
Tokyo,2022-12-06,cloudy,11.2,12.7,9.0,0.0
Tokyo,2022-12-07,sunny,13.2,18.3,10.1,0.0
Tokyo,2022-12-08,sunny,11.1,16.8,9.9,0.0
Tokyo,2022-12-09,sunny,13.2,18.2,11.9,0.0
Tokyo,2022-12-10,sunny,11.5,15.5,9.4,0.0
Tokyo,2022-12-11,sunny,11.8,16.7,9.2,0.0
Tokyo,2022-12-12,cloudy,11.0,12.3,9.3,0.0
Tokyo,2022-12-13,sunny,11.2,17.2,7.7,0.0
Tokyo,2022-12-14,sunny,11.2,18.0,9.0,0.0
Tokyo,2022-12-15,sunny,10.0,14.5,7.1,0.0
Tokyo,2022-12-16,sunny,11.0,15.7,7.1,0.0
Tokyo,2022-12-17,sunny,11.6,17.3,9.3,0.0
Tokyo,2022-12-18,sunny,10.3,14.5,7.2,0.0
Tokyo,2022-12-19,sunny,9.3,14.6,8.6,0.0
Tokyo,2022-12-20,sunny,10.0,14.9,8.4,0.0
Tokyo,2022-12-21,sunny,10.6,16.0,8.1,0.0
Tokyo,2022-12-22,sunny,9.8,13.3,6.6,0.0
Tokyo,2022-12-23,sunny,9.5,15.6,6.4,0.0
Tokyo,2022-12-24,sunny,9.2,14.5,5.8,0.0
Tokyo,2022-12-25,sunny,8.7,12.5,6.1,0.0
Tokyo,2022-12-26,sunny,7.8,12.7,5.3,0.0
Tokyo,2022-12-27,sunny,8.4,11.8,5.2,0.0
Tokyo,2022-12-28,sunny,8.2,12.9,4.9,0.0
Tokyo,2022-12-29,sunny,7.6,11.5,3.9,0.0
Tokyo,2022-12-30,sunny,9.8,14.3,5.6,0.0
Tokyo,2022-12-31,sunny,8.3,13.3,4.9,0.0
Tokyo,2023-01-01,sunny,7.8,12.5,3.6,0.0
Tokyo,2023-01-02,sunny,8.4,13.0,5.1,0.0
Tokyo,2023-01-03,sunny,8.7,13.7,6.7,0.0
Tokyo,2023-01-04,sunny,10.0,13.4,6.1,0.0
Tokyo,2023-01-05,sunny,8.1,14.1,5.5,0.0
Tokyo,2023-01-06,sunny,7.3,12.2,3.9,0.0
Tokyo,2023-01-07,sunny,9.7,14.7,5.0,0.0
Tokyo,2023-01-08,cloudy,7.2,9.3,5.8,0.0
Tokyo,2023-01-09,sunny,6.5,12.3,3.0,0.0
Tokyo,2023-01-10,sunny,7.4,13.2,3.6,0.0
Tokyo,2023-01-11,rainy,4.3,6.0,1.7,3.56
Tokyo,2023-01-12,sunny,5.0,7.9,1.9,0.0
Tokyo,2023-01-13,sunny,6.2,9.7,4.1,0.0
Tokyo,2023-01-14,sunny,6.7,11.9,5.2,0.0
Tokyo,2023-01-15,rainy,6.8,7.5,4.3,25.63
Tokyo,2023-01-16,sunny,5.6,10.5,1.8,0.0
Tokyo,2023-01-17,sunny,6.8,12.6,3.8,0.0
Tokyo,2023-01-18,rainy,5.4,5.5,4.4,20.84
Tokyo,2023-01-19,sunny,5.5,10.7,3.0,0.0
Tokyo,2023-01-20,sunny,5.1,10.6,3.4,0.0
Tokyo,2023-01-21,rainy,6.2,7.2,4.2,16.97
Tokyo,2023-01-22,rainy,6.5,7.1,6.2,11.41
Tokyo,2023-01-23,rainy,5.5,7.2,2.7,27.02
Tokyo,2023-01-24,rainy,5.6,6.5,3.9,17.48
Tokyo,2023-01-25,rainy,7.5,8.3,6.5,16.32
Tokyo,2023-01-26,rainy,6.9,8.3,5.4,22.15
Tokyo,2023-01-27,sunny,7.3,13.2,4.3,0.0
Tokyo,2023-01-28,sunny,5.7,9.1,3.8,0.0
Tokyo,2023-01-29,sunny,6.5,12.6,4.1,0.0
Tokyo,2023-01-30,sunny,7.3,13.8,6.9,0.0
Tokyo,2023-01-31,sunny,7.2,14.4,3.7,0.0
Tokyo,2023-02-01,sunny,5.1,8.8,3.0,0.0
Tokyo,2023-02-02,cloudy,5.3,6.8,1.9,0.0
Tokyo,2023-02-03,sunny,5.1,9.5,2.6,0.0
Tokyo,2023-02-04,rainy,5.3,5.7,5.0,21.03
Tokyo,2023-02-05,rainy,5.8,8.1,5.7,16.57
Tokyo,2023-02-06,rainy,4.4,5.9,1.6,17.06
Tokyo,2023-02-07,rainy,5.6,6.1,5.5,15.55
Tokyo,2023-02-08,rainy,3.2,3.8,2.6,15.95
Tokyo,2023-02-09,sunny,5.7,11.9,2.3,0.0
Tokyo,2023-02-10,sunny,6.2,12.8,2.6,0.0
Tokyo,2023-02-11,sunny,5.3,9.5,2.5,0.0
Tokyo,2023-02-12,sunny,5.7,10.7,4.0,0.0
Tokyo,2023-02-13,sunny,5.6,9.7,2.5,0.0
Tokyo,2023-02-14,sunny,6.1,9.7,2.4,0.0
Tokyo,2023-02-15,cloudy,5.2,8.2,2.4,0.0
Tokyo,2023-02-16,rainy,3.3,5.1,1.9,11.4
Tokyo,2023-02-17,sunny,5.5,9.5,2.1,0.0
Tokyo,2023-02-18,sunny,6.7,12.0,2.9,0.0
Tokyo,2023-02-19,sunny,6.3,10.1,3.6,0.0
Tokyo,2023-02-20,sunny,5.8,9.1,3.7,0.0
Tokyo,2023-02-21,sunny,6.5,11.1,2.5,0.0
Tokyo,2023-02-22,sunny,6.1,11.3,2.2,0.0
Tokyo,2023-02-23,sunny,7.1,12.5,5.1,0.0
Tokyo,2023-02-24,sunny,7.6,12.8,5.7,0.0
Tokyo,2023-02-25,sunny,7.5,11.3,5.7,0.0
Tokyo,2023-02-26,sunny,9.2,13.3,7.3,0.0
Tokyo,2023-02-27,sunny,7.7,13.3,3.7,0.0
Tokyo,2023-02-28,rainy,5.2,6.5,4.9,18.81
Tokyo,2023-03-01,rainy,5.8,7.6,3.6,33.74
Tokyo,2023-03-02,cloudy,6.6,8.1,4.6,0.0
Tokyo,2023-03-03,sunny,6.4,11.0,3.7,0.0
Tokyo,2023-03-04,sunny,7.3,15.3,4.0,0.0
Tokyo,2023-03-05,sunny,7.4,10.6,3.4,0.0
Tokyo,2023-03-06,sunny,8.3,15.3,5.3,0.0
Tokyo,2023-03-07,sunny,8.7,12.7,6.3,0.0
Tokyo,2023-03-08,sunny,8.7,13.9,6.0,0.0
Tokyo,2023-03-09,sunny,8.5,11.5,5.1,0.0
Tokyo,2023-03-10,sunny,8.6,15.2,4.6,0.0
Tokyo,2023-03-11,sunny,8.2,14.1,3.0,0.0
Tokyo,2023-03-12,sunny,9.3,14.3,4.6,0.0
Tokyo,2023-03-13,rainy,10.3,10.8,9.9,12.54
Tokyo,2023-03-14,sunny,10.4,15.9,7.2,0.0
Tokyo,2023-03-15,cloudy,10.2,13.2,7.5,0.0
Tokyo,2023-03-16,sunny,10.2,15.6,7.3,0.0
Tokyo,2023-03-17,sunny,9.4,16.4,5.4,0.0
Tokyo,2023-03-18,sunny,8.2,13.0,4.1,0.0
Tokyo,2023-03-19,sunny,7.9,13.0,4.1,0.0
Tokyo,2023-03-20,sunny,8.4,13.5,4.6,0.0
Tokyo,2023-03-21,sunny,8.2,12.1,6.0,0.0
Tokyo,2023-03-22,sunny,9.0,15.8,6.7,0.0
Tokyo,2023-03-23,sunny,10.3,15.6,7.4,0.0
Tokyo,2023-03-24,rainy,8.7,10.5,8.7,19.68
Tokyo,2023-03-25,sunny,12.7,17.5,11.0,0.0
Tokyo,2023-03-26,sunny,11.0,16.5,8.1,0.0
Tokyo,2023-03-27,sunny,10.7,15.5,8.1,0.0
Tokyo,2023-03-28,sunny,11.0,16.8,7.5,0.0
Tokyo,2023-03-29,cloudy,9.7,9.7,7.9,0.0
Tokyo,2023-03-30,rainy,9.8,11.8,8.3,15.59
Tokyo,2023-03-31,rainy,8.0,8.5,7.1,25.59
Tokyo,2023-04-01,rainy,9.5,9.7,7.0,22.05
Tokyo,2023-04-02,sunny,9.6,14.2,6.2,0.0
Tokyo,2023-04-03,sunny,11.6,17.6,7.3,0.0
Tokyo,2023-04-04,sunny,13.7,19.0,11.0,0.0
Tokyo,2023-04-05,rainy,12.8,13.2,12.5,13.85
Tokyo,2023-04-06,sunny,13.3,17.0,10.2,0.0
Tokyo,2023-04-07,sunny,13.6,18.6,11.0,0.0
Tokyo,2023-04-08,rainy,9.5,10.7,8.1,35.22
Tokyo,2023-04-09,rainy,11.3,12.2,8.6,23.39
Tokyo,2023-04-10,rainy,13.0,13.4,12.3,15.74
Tokyo,2023-04-11,rainy,9.8,12.0,8.4,20.48
Tokyo,2023-04-12,rainy,11.1,13.1,9.7,10.94
Tokyo,2023-04-13,sunny,12.6,18.6,9.0,0.0
Tokyo,2023-04-14,cloudy,14.3,17.1,10.6,0.0
Tokyo,2023-04-15,sunny,12.6,16.1,8.8,0.0
Tokyo,2023-04-16,cloudy,14.4,16.1,12.3,0.0
Tokyo,2023-04-17,rainy,12.7,12.9,10.3,32.89
Tokyo,2023-04-18,rainy,13.9,15.8,13.3,17.75
Tokyo,2023-04-19,rainy,14.2,14.8,13.5,19.22
Tokyo,2023-04-20,rainy,14.1,14.7,13.2,29.13
Tokyo,2023-04-21,rainy,12.9,13.2,11.5,23.2
Tokyo,2023-04-22,sunny,14.9,20.5,10.3,0.0
Tokyo,2023-04-23,sunny,16.8,21.8,14.1,0.0
Tokyo,2023-04-24,sunny,17.4,21.5,13.7,0.0
Tokyo,2023-04-25,sunny,16.8,24.3,13.9,0.0
Tokyo,2023-04-26,sunny,17.1,20.6,14.5,0.0
Tokyo,2023-04-27,rainy,16.0,17.9,15.9,16.66
Tokyo,2023-04-28,sunny,17.7,23.1,15.4,0.0
Tokyo,2023-04-29,cloudy,16.8,18.7,14.3,0.0
Tokyo,2023-04-30,sunny,17.2,21.4,14.1,0.0
Tokyo,2023-05-01,sunny,17.6,24.2,14.3,0.0
Tokyo,2023-05-02,rainy,19.6,22.3,18.6,15.17
Tokyo,2023-05-03,sunny,20.1,26.1,18.5,0.0
Tokyo,2023-05-04,sunny,19.7,24.3,15.8,0.0
Tokyo,2023-05-05,sunny,17.5,22.7,15.3,0.0
Tokyo,2023-05-06,sunny,18.8,23.4,15.8,0.0
Tokyo,2023-05-07,sunny,18.8,23.2,15.0,0.0
Tokyo,2023-05-08,cloudy,18.9,20.1,17.1,0.0
Tokyo,2023-05-09,sunny,20.6,24.5,17.3,0.0
Tokyo,2023-05-10,rainy,20.2,20.4,18.9,14.4
Tokyo,2023-05-11,rainy,18.4,19.3,17.8,21.81
Tokyo,2023-05-12,sunny,19.6,24.2,19.2,0.0
Tokyo,2023-05-13,sunny,19.6,24.5,15.1,0.0
Tokyo,2023-05-14,sunny,18.7,25.8,16.7,0.0
Tokyo,2023-05-15,rainy,20.0,21.2,18.5,27.61
Tokyo,2023-05-16,rainy,20.0,21.1,19.2,18.0
Tokyo,2023-05-17,sunny,22.7,29.8,18.2,0.0
Tokyo,2023-05-18,cloudy,21.8,23.5,20.6,0.0
Tokyo,2023-05-19,cloudy,22.2,23.9,19.7,0.0
Tokyo,2023-05-20,sunny,22.9,27.0,18.8,0.0
Tokyo,2023-05-21,sunny,23.1,28.7,20.4,0.0
Tokyo,2023-05-22,sunny,20.9,25.5,16.6,0.0
Tokyo,2023-05-23,sunny,23.1,28.7,21.8,0.0
Tokyo,2023-05-24,sunny,24.4,28.5,23.5,0.0
Tokyo,2023-05-25,sunny,25.0,31.2,21.8,0.0
Tokyo,2023-05-26,sunny,22.6,27.8,20.4,0.0
Tokyo,2023-05-27,sunny,22.9,30.2,21.1,0.0
Tokyo,2023-05-28,sunny,23.4,27.7,18.5,0.0
Tokyo,2023-05-29,sunny,24.7,30.7,20.6,0.0
Tokyo,2023-05-30,sunny,23.9,28.9,21.8,0.0
Tokyo,2023-05-31,sunny,25.3,29.8,21.3,0.0
Tokyo,2023-06-01,sunny,23.9,29.3,21.4,0.0
Tokyo,2023-06-02,sunny,25.5,29.4,22.5,0.0
Tokyo,2023-06-03,sunny,25.5,31.8,22.6,0.0
Tokyo,2023-06-04,sunny,24.7,29.3,22.2,0.0
Tokyo,2023-06-05,rainy,25.0,25.2,24.5,23.34
Tokyo,2023-06-06,sunny,23.6,29.1,20.0,0.0
Tokyo,2023-06-07,cloudy,24.6,26.6,22.6,0.0
Tokyo,2023-06-08,rainy,24.5,25.3,23.7,22.15
Tokyo,2023-06-09,sunny,25.5,30.8,22.6,0.0
Tokyo,2023-06-10,sunny,26.7,31.4,24.2,0.0
Tokyo,2023-06-11,sunny,25.6,30.2,24.2,0.0
Tokyo,2023-06-12,sunny,26.2,31.9,23.7,0.0
Tokyo,2023-06-13,rainy,23.8,25.7,23.6,33.66
Tokyo,2023-06-14,rainy,25.5,25.7,24.0,23.29
Tokyo,2023-06-15,sunny,27.4,31.2,23.5,0.0
Tokyo,2023-06-16,sunny,26.9,31.4,23.8,0.0
Tokyo,2023-06-17,sunny,27.4,32.9,25.4,0.0
Tokyo,2023-06-18,cloudy,26.9,27.9,25.8,0.0
Tokyo,2023-06-19,sunny,27.6,31.1,24.7,0.0
Tokyo,2023-06-20,sunny,29.6,33.4,26.6,0.0
Tokyo,2023-06-21,sunny,27.6,33.0,26.2,0.0
Tokyo,2023-06-22,sunny,27.6,32.9,26.7,0.0
Tokyo,2023-06-23,sunny,28.8,35.4,26.9,0.0
Tokyo,2023-06-24,rainy,28.0,29.1,27.2,27.64
Tokyo,2023-06-25,sunny,28.1,33.1,24.5,0.0
Tokyo,2023-06-26,rainy,27.4,30.1,26.3,18.22
Tokyo,2023-06-27,rainy,26.2,28.1,25.1,36.79
Tokyo,2023-06-28,cloudy,27.5,28.6,25.6,0.0
Tokyo,2023-06-29,sunny,30.0,35.7,27.0,0.0
Tokyo,2023-06-30,cloudy,28.6,30.7,25.6,0.0
Tokyo,2023-07-01,sunny,29.1,32.6,25.0,0.0
Tokyo,2023-07-02,sunny,30.3,35.1,26.4,0.0
Tokyo,2023-07-03,cloudy,28.7,30.0,27.2,0.0
Tokyo,2023-07-04,sunny,29.4,33.9,26.6,0.0
Tokyo,2023-07-05,sunny,29.7,35.1,25.8,0.0
Tokyo,2023-07-06,sunny,29.9,35.1,25.7,0.0
Tokyo,2023-07-07,sunny,29.1,34.2,26.1,0.0
Tokyo,2023-07-08,sunny,31.7,35.3,27.8,0.0
Tokyo,2023-07-09,sunny,31.7,37.4,28.7,0.0
Tokyo,2023-07-10,sunny,31.7,38.0,29.9,0.0
Tokyo,2023-07-11,sunny,30.8,34.6,29.6,0.0
Tokyo,2023-07-12,cloudy,29.8,30.8,29.0,0.0
Tokyo,2023-07-13,sunny,29.8,36.1,25.5,0.0
Tokyo,2023-07-14,cloudy,31.7,32.6,29.5,0.0
Tokyo,2023-07-15,sunny,30.1,32.6,28.0,0.0
Tokyo,2023-07-16,cloudy,30.9,32.2,26.6,0.0
Tokyo,2023-07-17,cloudy,31.6,33.8,28.7,0.0
Tokyo,2023-07-18,sunny,32.1,36.4,28.7,0.0
Tokyo,2023-07-19,sunny,32.4,35.9,27.9,0.0
Tokyo,2023-07-20,sunny,32.9,39.2,28.9,0.0
Tokyo,2023-07-21,sunny,31.3,37.0,27.8,0.0
Tokyo,2023-07-22,sunny,29.8,34.9,26.7,0.0
Tokyo,2023-07-23,sunny,30.4,35.7,28.5,0.0
Tokyo,2023-07-24,sunny,31.0,36.7,28.8,0.0
Tokyo,2023-07-25,sunny,32.1,38.0,29.3,0.0
Tokyo,2023-07-26,sunny,32.5,37.5,28.2,0.0
Tokyo,2023-07-27,sunny,31.4,36.6,27.6,0.0
Tokyo,2023-07-28,rainy,33.1,34.2,32.1,33.26
Tokyo,2023-07-29,sunny,33.8,37.7,29.7,0.0
Tokyo,2023-07-30,sunny,32.3,37.0,30.9,0.0
Tokyo,2023-07-31,sunny,32.3,37.9,29.5,0.0
Tokyo,2023-08-01,sunny,33.4,38.1,30.6,0.0
Tokyo,2023-08-02,sunny,32.7,37.7,28.7,0.0
Tokyo,2023-08-03,rainy,29.0,30.9,28.9,20.18
Tokyo,2023-08-04,rainy,28.8,29.6,28.6,19.68
Tokyo,2023-08-05,rainy,30.0,31.3,29.2,30.54
Tokyo,2023-08-06,rainy,30.5,32.3,28.6,26.34
Tokyo,2023-08-07,rainy,33.0,34.0,31.6,21.71
Tokyo,2023-08-08,rainy,30.5,31.8,30.3,5.24
Tokyo,2023-08-09,rainy,30.2,32.5,29.9,21.06
Tokyo,2023-08-10,cloudy,32.3,36.4,30.4,0.0
Tokyo,2023-08-11,sunny,32.7,37.1,29.9,0.0
Tokyo,2023-08-12,sunny,31.4,37.1,27.9,0.0
Tokyo,2023-08-13,sunny,31.8,38.7,29.1,0.0
Tokyo,2023-08-14,cloudy,30.9,34.0,28.8,0.0
Tokyo,2023-08-15,sunny,32.5,38.4,29.5,0.0
Tokyo,2023-08-16,cloudy,31.6,33.9,29.2,0.0
Tokyo,2023-08-17,sunny,32.4,37.2,31.2,0.0
Tokyo,2023-08-18,cloudy,33.1,35.3,31.6,0.0
Tokyo,2023-08-19,rainy,32.6,35.2,32.0,8.36
Tokyo,2023-08-20,sunny,32.2,37.1,29.5,0.0
Tokyo,2023-08-21,cloudy,32.1,33.9,29.4,0.0
Tokyo,2023-08-22,sunny,32.0,37.1,29.2,0.0
Tokyo,2023-08-23,sunny,31.3,37.8,29.7,0.0
Tokyo,2023-08-24,cloudy,31.3,32.5,30.7,0.0
Tokyo,2023-08-25,sunny,31.1,36.8,26.3,0.0
Tokyo,2023-08-26,sunny,31.3,36.2,27.4,0.0
Tokyo,2023-08-27,sunny,31.2,37.6,29.7,0.0
Tokyo,2023-08-28,sunny,31.8,37.4,29.5,0.0
Tokyo,2023-08-29,sunny,33.2,36.7,30.1,0.0
Tokyo,2023-08-30,sunny,31.3,36.7,29.7,0.0
Tokyo,2023-08-31,cloudy,31.7,35.2,30.8,0.0
Tokyo,2023-09-01,sunny,31.1,35.0,27.5,0.0
Tokyo,2023-09-02,sunny,31.8,36.1,30.1,0.0
Tokyo,2023-09-03,rainy,30.9,31.3,29.2,12.45
Tokyo,2023-09-04,rainy,29.6,30.3,27.8,13.32
Tokyo,2023-09-05,rainy,30.8,32.4,30.8,24.52
Tokyo,2023-09-06,sunny,29.7,33.7,29.1,0.0
Tokyo,2023-09-07,sunny,30.1,33.6,27.8,0.0
Tokyo,2023-09-08,sunny,28.3,34.2,26.8,0.0
Tokyo,2023-09-09,rainy,27.1,29.0,25.8,34.94
Tokyo,2023-09-10,sunny,27.6,32.3,24.0,0.0
Tokyo,2023-09-11,sunny,28.2,34.2,24.8,0.0
Tokyo,2023-09-12,sunny,30.9,36.6,28.0,0.0
Tokyo,2023-09-13,sunny,27.5,31.5,25.1,0.0
Tokyo,2023-09-14,sunny,29.3,33.0,26.3,0.0
Tokyo,2023-09-15,sunny,28.0,32.2,26.5,0.0
Tokyo,2023-09-16,sunny,29.1,33.2,25.7,0.0
Tokyo,2023-09-17,rainy,28.1,28.6,27.3,14.54
Tokyo,2023-09-18,sunny,29.0,34.8,25.5,0.0
Tokyo,2023-09-19,sunny,27.0,32.2,24.7,0.0
Tokyo,2023-09-20,sunny,25.4,30.5,22.4,0.0
Tokyo,2023-09-21,sunny,27.8,34.3,25.1,0.0
Tokyo,2023-09-22,rainy,27.9,28.0,27.0,10.39
Tokyo,2023-09-23,rainy,27.8,29.5,26.1,16.56
Tokyo,2023-09-24,sunny,29.1,35.1,25.5,0.0
Tokyo,2023-09-25,sunny,29.4,35.8,26.1,0.0
Tokyo,2023-09-26,sunny,26.1,31.3,22.7,0.0
Tokyo,2023-09-27,sunny,25.7,31.1,23.9,0.0
Tokyo,2023-09-28,rainy,22.2,24.4,21.8,14.04
Tokyo,2023-09-29,sunny,25.0,31.8,24.2,0.0
Tokyo,2023-09-30,sunny,29.2,34.7,27.0,0.0
Tokyo,2023-10-01,sunny,26.2,31.7,22.7,0.0
Tokyo,2023-10-02,sunny,25.7,29.7,20.5,0.0
Tokyo,2023-10-03,sunny,26.3,30.8,23.0,0.0
Tokyo,2023-10-04,sunny,26.9,30.9,23.5,0.0
Tokyo,2023-10-05,sunny,25.8,29.9,22.7,0.0
Tokyo,2023-10-06,sunny,26.4,32.8,23.2,0.0
Tokyo,2023-10-07,rainy,23.5,24.7,21.4,42.74
Tokyo,2023-10-08,rainy,24.1,24.5,22.1,33.76
Tokyo,2023-10-09,rainy,23.0,24.4,22.6,24.35
Tokyo,2023-10-10,rainy,22.7,23.5,20.1,20.42
Tokyo,2023-10-11,rainy,22.8,22.9,20.0,14.0
Tokyo,2023-10-12,rainy,25.5,27.2,23.7,25.24
Tokyo,2023-10-13,rainy,23.5,26.7,22.2,21.06
Tokyo,2023-10-14,rainy,22.4,24.3,21.2,10.8
Tokyo,2023-10-15,sunny,24.6,29.7,22.4,0.0
Tokyo,2023-10-16,sunny,23.6,26.8,20.8,0.0
Tokyo,2023-10-17,sunny,23.3,28.5,21.2,0.0
Tokyo,2023-10-18,rainy,20.9,22.1,18.2,32.48
Tokyo,2023-10-19,sunny,22.0,26.5,18.0,0.0
Tokyo,2023-10-20,rainy,22.0,22.8,21.2,47.19
Tokyo,2023-10-21,sunny,21.9,26.6,18.5,0.0
Tokyo,2023-10-22,sunny,22.7,26.8,19.0,0.0
Tokyo,2023-10-23,sunny,22.2,27.4,20.2,0.0
Tokyo,2023-10-24,sunny,22.7,28.3,20.0,0.0
Tokyo,2023-10-25,sunny,22.0,27.9,18.7,0.0
Tokyo,2023-10-26,sunny,22.4,26.8,20.0,0.0
Tokyo,2023-10-27,sunny,22.1,27.0,17.8,0.0
Tokyo,2023-10-28,rainy,19.4,21.2,18.0,4.95
Tokyo,2023-10-29,sunny,19.0,23.8,15.2,0.0
Tokyo,2023-10-30,sunny,19.8,26.4,17.7,0.0
Tokyo,2023-10-31,sunny,19.9,24.3,15.7,0.0
Tokyo,2023-11-01,sunny,20.1,26.7,17.8,0.0
Tokyo,2023-11-02,sunny,21.1,26.1,18.8,0.0
Tokyo,2023-11-03,cloudy,20.8,22.3,18.9,0.0
Tokyo,2023-11-04,sunny,18.5,22.9,17.7,0.0
Tokyo,2023-11-05,cloudy,20.0,21.2,19.6,0.0
Tokyo,2023-11-06,sunny,19.6,25.0,17.8,0.0
Tokyo,2023-11-07,sunny,19.3,24.9,14.2,0.0
Tokyo,2023-11-08,sunny,18.6,23.8,16.6,0.0
Tokyo,2023-11-09,cloudy,19.0,20.8,16.9,0.0
Tokyo,2023-11-10,sunny,19.4,26.9,15.8,0.0
Tokyo,2023-11-11,sunny,18.2,23.1,14.6,0.0
Tokyo,2023-11-12,sunny,17.7,23.3,16.0,0.0
Tokyo,2023-11-13,sunny,17.8,22.4,14.2,0.0
Tokyo,2023-11-14,sunny,16.8,24.7,13.5,0.0
Tokyo,2023-11-15,sunny,15.8,22.0,13.0,0.0
Tokyo,2023-11-16,sunny,17.5,22.3,13.2,0.0
Tokyo,2023-11-17,sunny,16.3,20.9,13.3,0.0
Tokyo,2023-11-18,sunny,18.4,21.5,15.0,0.0
Tokyo,2023-11-19,rainy,15.3,16.8,14.8,18.42
Tokyo,2023-11-20,sunny,16.1,20.6,11.7,0.0
Tokyo,2023-11-21,sunny,15.5,20.0,11.9,0.0
Tokyo,2023-11-22,sunny,15.3,21.5,12.3,0.0
Tokyo,2023-11-23,cloudy,15.9,16.6,14.3,0.0
Tokyo,2023-11-24,sunny,14.7,17.7,11.6,0.0
Tokyo,2023-11-25,sunny,16.0,20.8,12.6,0.0
Tokyo,2023-11-26,sunny,14.8,20.3,13.0,0.0
Tokyo,2023-11-27,rainy,14.7,15.1,14.2,13.28
Tokyo,2023-11-28,sunny,13.0,18.3,10.3,0.0
Tokyo,2023-11-29,sunny,12.8,20.0,9.7,0.0
Tokyo,2023-11-30,rainy,9.7,11.0,8.4,5.33
Tokyo,2023-12-01,sunny,12.7,18.1,11.4,0.0
Tokyo,2023-12-02,sunny,11.7,17.1,8.1,0.0
Tokyo,2023-12-03,sunny,13.1,17.0,9.9,0.0
Tokyo,2023-12-04,sunny,12.7,17.9,11.1,0.0
Tokyo,2023-12-05,sunny,13.6,18.4,9.3,0.0
Tokyo,2023-12-06,sunny,12.1,17.2,7.5,0.0
Tokyo,2023-12-07,sunny,12.1,18.5,8.7,0.0
Tokyo,2023-12-08,sunny,13.6,19.0,12.4,0.0
Tokyo,2023-12-09,sunny,12.1,17.1,10.1,0.0
Tokyo,2023-12-10,sunny,12.4,18.6,10.4,0.0
Tokyo,2023-12-11,sunny,11.5,16.0,9.2,0.0
Tokyo,2023-12-12,sunny,11.7,17.9,8.4,0.0
Tokyo,2023-12-13,sunny,12.3,17.1,8.2,0.0
Tokyo,2023-12-14,sunny,13.0,17.0,9.0,0.0
Tokyo,2023-12-15,sunny,10.5,15.9,7.9,0.0
Tokyo,2023-12-16,sunny,10.3,13.3,7.7,0.0
Tokyo,2023-12-17,sunny,10.6,16.7,6.2,0.0
Tokyo,2023-12-18,sunny,11.0,15.0,8.1,0.0
Tokyo,2023-12-19,sunny,11.1,16.2,9.1,0.0
Tokyo,2023-12-20,sunny,11.6,16.2,9.2,0.0
Tokyo,2023-12-21,sunny,9.6,12.6,5.8,0.0
Tokyo,2023-12-22,cloudy,7.8,9.2,5.6,0.0
Tokyo,2023-12-23,sunny,10.5,16.4,7.1,0.0
Tokyo,2023-12-24,sunny,9.1,12.6,6.5,0.0
Tokyo,2023-12-25,sunny,10.1,14.4,9.3,0.0
Tokyo,2023-12-26,sunny,7.7,11.5,4.0,0.0
Tokyo,2023-12-27,sunny,8.6,14.7,6.1,0.0
Tokyo,2023-12-28,sunny,7.6,12.6,5.9,0.0
Tokyo,2023-12-29,sunny,9.5,14.5,7.1,0.0
Tokyo,2023-12-30,cloudy,7.2,10.2,3.4,0.0
Tokyo,2023-12-31,sunny,8.9,14.7,6.1,0.0
Tokyo,2024-01-01,sunny,8.5,12.2,4.7,0.0
Tokyo,2024-01-02,rainy,7.2,8.0,6.5,17.9
Tokyo,2024-01-03,rainy,6.5,7.9,4.3,23.81
Tokyo,2024-01-04,rainy,6.6,8.0,4.4,20.3
Tokyo,2024-01-05,rainy,5.6,7.4,5.5,11.29
Tokyo,2024-01-06,rainy,7.8,10.2,6.7,21.83
Tokyo,2024-01-07,sunny,8.0,12.6,5.7,0.0
Tokyo,2024-01-08,sunny,7.5,14.8,4.2,0.0
Tokyo,2024-01-09,sunny,6.3,12.2,1.9,0.0
Tokyo,2024-01-10,sunny,5.0,11.7,2.7,0.0
Tokyo,2024-01-11,rainy,4.2,4.5,2.0,28.75
Tokyo,2024-01-12,rainy,4.7,5.2,2.2,25.06
Tokyo,2024-01-13,rainy,5.6,7.1,3.3,15.67
Tokyo,2024-01-14,rainy,4.5,5.8,4.1,27.42
Tokyo,2024-01-15,sunny,6.0,8.6,2.8,0.0
Tokyo,2024-01-16,sunny,6.7,12.6,3.9,0.0
Tokyo,2024-01-17,sunny,7.4,13.3,3.2,0.0
Tokyo,2024-01-18,sunny,6.3,10.7,3.2,0.0
Tokyo,2024-01-19,sunny,6.8,11.4,3.0,0.0
Tokyo,2024-01-20,rainy,7.1,8.9,6.8,9.22
Tokyo,2024-01-21,sunny,5.9,11.9,3.3,0.0
Tokyo,2024-01-22,sunny,7.8,11.3,5.6,0.0
Tokyo,2024-01-23,sunny,8.3,14.0,5.9,0.0
Tokyo,2024-01-24,sunny,4.9,11.2,1.7,0.0
Tokyo,2024-01-25,sunny,4.3,8.6,0.2,0.0
Tokyo,2024-01-26,sunny,6.8,10.5,3.3,0.0
Tokyo,2024-01-27,sunny,5.3,9.3,4.0,0.0
Tokyo,2024-01-28,sunny,7.6,11.3,3.9,0.0
Tokyo,2024-01-29,sunny,6.3,13.7,3.8,0.0
Tokyo,2024-01-30,sunny,5.2,9.6,2.8,0.0
Tokyo,2024-01-31,rainy,3.7,5.1,1.9,30.66
Tokyo,2024-02-01,sunny,6.2,13.1,2.7,0.0
Tokyo,2024-02-02,sunny,7.7,13.8,5.2,0.0
Tokyo,2024-02-03,sunny,5.3,8.1,2.0,0.0
Tokyo,2024-02-04,cloudy,5.8,9.2,4.4,0.0
Tokyo,2024-02-05,sunny,5.3,10.2,4.3,0.0
Tokyo,2024-02-06,rainy,3.7,4.1,3.5,22.67
Tokyo,2024-02-07,rainy,3.4,5.6,2.0,22.58
Tokyo,2024-02-08,rainy,3.6,3.8,1.6,21.11
Tokyo,2024-02-09,rainy,3.8,4.5,2.4,19.0
Tokyo,2024-02-10,rainy,1.9,2.4,1.7,23.84
Tokyo,2024-02-11,sunny,4.4,9.5,2.4,0.0
Tokyo,2024-02-12,sunny,6.2,12.4,2.1,0.0
Tokyo,2024-02-13,sunny,7.1,12.7,4.8,0.0
Tokyo,2024-02-14,sunny,7.4,11.2,6.3,0.0
Tokyo,2024-02-15,rainy,6.4,9.2,5.8,8.53
Tokyo,2024-02-16,sunny,7.0,13.0,3.0,0.0
Tokyo,2024-02-17,sunny,5.4,9.5,4.7,0.0
Tokyo,2024-02-18,sunny,5.6,11.1,2.0,0.0
Tokyo,2024-02-19,cloudy,4.5,7.4,1.3,0.0
Tokyo,2024-02-20,sunny,7.4,12.6,3.8,0.0
Tokyo,2024-02-21,sunny,8.1,12.7,4.9,0.0
Tokyo,2024-02-22,sunny,7.6,12.9,4.5,0.0
Tokyo,2024-02-23,sunny,6.5,11.8,5.0,0.0
Tokyo,2024-02-24,sunny,6.2,11.5,2.5,0.0
Tokyo,2024-02-25,sunny,5.6,10.9,2.9,0.0
Tokyo,2024-02-26,sunny,8.3,13.9,5.8,0.0
Tokyo,2024-02-27,sunny,6.8,13.8,3.7,0.0
Tokyo,2024-02-28,sunny,7.3,11.9,4.8,0.0
Tokyo,2024-02-29,sunny,5.6,10.3,1.7,0.0
Tokyo,2024-03-01,sunny,7.4,11.6,4.0,0.0
Tokyo,2024-03-02,sunny,6.2,11.4,2.3,0.0
Tokyo,2024-03-03,sunny,5.1,9.7,1.2,0.0
Tokyo,2024-03-04,sunny,6.1,12.8,4.0,0.0
Tokyo,2024-03-05,sunny,7.7,12.1,5.5,0.0
Tokyo,2024-03-06,sunny,5.9,8.4,2.1,0.0
Tokyo,2024-03-07,sunny,7.2,11.9,5.0,0.0
Tokyo,2024-03-08,sunny,8.2,13.8,5.1,0.0
Tokyo,2024-03-09,sunny,8.3,13.6,5.2,0.0
Tokyo,2024-03-10,sunny,7.7,12.5,5.9,0.0
Tokyo,2024-03-11,sunny,6.7,12.7,6.5,0.0
Tokyo,2024-03-12,sunny,8.0,13.4,4.6,0.0
Tokyo,2024-03-13,sunny,7.8,13.3,4.8,0.0
Tokyo,2024-03-14,sunny,8.9,13.6,5.6,0.0
Tokyo,2024-03-15,sunny,10.0,14.2,6.2,0.0
Tokyo,2024-03-16,sunny,8.7,12.9,5.3,0.0
Tokyo,2024-03-17,sunny,8.4,13.9,4.5,0.0
Tokyo,2024-03-18,cloudy,9.2,11.1,6.1,0.0
Tokyo,2024-03-19,sunny,8.2,14.6,5.5,0.0
Tokyo,2024-03-20,sunny,10.7,17.7,7.4,0.0
Tokyo,2024-03-21,sunny,10.5,14.7,6.3,0.0
Tokyo,2024-03-22,sunny,13.4,19.5,12.5,0.0
Tokyo,2024-03-23,sunny,11.3,15.4,7.9,0.0
Tokyo,2024-03-24,sunny,9.9,15.9,7.5,0.0
Tokyo,2024-03-25,cloudy,12.9,14.7,9.9,0.0
Tokyo,2024-03-26,sunny,10.7,17.1,6.8,0.0
Tokyo,2024-03-27,sunny,11.9,16.0,8.1,0.0
Tokyo,2024-03-28,sunny,12.7,16.6,8.2,0.0
Tokyo,2024-03-29,sunny,12.3,17.2,10.2,0.0
Tokyo,2024-03-30,sunny,11.4,18.0,9.8,0.0
Tokyo,2024-03-31,sunny,12.5,16.3,11.3,0.0
Tokyo,2024-04-01,cloudy,11.7,15.3,10.7,0.0
Tokyo,2024-04-02,sunny,14.2,18.1,10.4,0.0
Tokyo,2024-04-03,rainy,9.4,10.8,9.0,11.97
Tokyo,2024-04-04,rainy,10.3,11.0,10.1,45.28
Tokyo,2024-04-05,rainy,12.0,13.7,10.6,11.6
Tokyo,2024-04-06,rainy,10.3,10.9,7.1,16.36
Tokyo,2024-04-07,rainy,8.7,10.4,7.2,12.53
Tokyo,2024-04-08,sunny,11.8,14.7,9.7,0.0
Tokyo,2024-04-09,sunny,11.8,17.9,9.7,0.0
Tokyo,2024-04-10,sunny,12.8,17.0,10.0,0.0
Tokyo,2024-04-11,sunny,14.3,21.5,10.9,0.0
Tokyo,2024-04-12,sunny,13.8,19.3,12.2,0.0
Tokyo,2024-04-13,sunny,14.1,17.0,10.4,0.0
Tokyo,2024-04-14,sunny,14.5,20.3,13.4,0.0
Tokyo,2024-04-15,cloudy,16.4,17.8,14.8,0.0
Tokyo,2024-04-16,sunny,14.6,21.6,9.8,0.0
Tokyo,2024-04-17,sunny,13.8,20.0,11.4,0.0
Tokyo,2024-04-18,sunny,14.1,19.2,12.2,0.0
Tokyo,2024-04-19,sunny,14.9,18.3,11.2,0.0
Tokyo,2024-04-20,rainy,13.7,14.8,13.6,21.27
Tokyo,2024-04-21,sunny,13.3,18.4,10.2,0.0
Tokyo,2024-04-22,sunny,13.9,19.2,11.8,0.0
Tokyo,2024-04-23,sunny,15.0,20.4,12.1,0.0
Tokyo,2024-04-24,rainy,15.7,17.9,14.8,36.17
Tokyo,2024-04-25,rainy,14.9,15.8,13.7,11.37
Tokyo,2024-04-26,sunny,16.4,20.6,12.8,0.0
Tokyo,2024-04-27,sunny,20.1,24.5,16.1,0.0
Tokyo,2024-04-28,sunny,16.4,21.1,14.8,0.0
Tokyo,2024-04-29,sunny,16.4,20.1,13.7,0.0
Tokyo,2024-04-30,sunny,16.7,23.3,14.3,0.0
Tokyo,2024-05-01,rainy,14.0,16.2,13.1,29.02
Tokyo,2024-05-02,rainy,15.4,16.0,12.2,11.83
Tokyo,2024-05-03,sunny,17.6,23.3,15.3,0.0
Tokyo,2024-05-04,sunny,18.6,25.0,16.7,0.0
Tokyo,2024-05-05,sunny,18.2,23.6,17.0,0.0
Tokyo,2024-05-06,sunny,18.8,22.5,16.3,0.0
Tokyo,2024-05-07,sunny,18.5,21.6,15.6,0.0
Tokyo,2024-05-08,sunny,19.2,23.0,16.2,0.0
Tokyo,2024-05-09,sunny,22.0,26.3,19.3,0.0
Tokyo,2024-05-10,rainy,19.8,20.7,17.5,36.94
Tokyo,2024-05-11,sunny,19.6,24.6,14.9,0.0
Tokyo,2024-05-12,sunny,20.6,25.7,16.1,0.0
Tokyo,2024-05-13,sunny,20.7,25.2,17.3,0.0
Tokyo,2024-05-14,sunny,20.2,25.6,18.2,0.0
Tokyo,2024-05-15,sunny,19.9,24.6,16.0,0.0
Tokyo,2024-05-16,sunny,21.2,25.5,19.4,0.0
Tokyo,2024-05-17,rainy,17.1,19.2,16.5,19.15
Tokyo,2024-05-18,rainy,19.4,19.4,19.3,18.52
Tokyo,2024-05-19,rainy,18.6,21.6,17.8,23.63
Tokyo,2024-05-20,sunny,23.4,27.8,20.1,0.0
Tokyo,2024-05-21,sunny,21.7,26.3,20.0,0.0
Tokyo,2024-05-22,sunny,22.6,26.4,17.6,0.0
Tokyo,2024-05-23,sunny,21.3,27.1,19.0,0.0
Tokyo,2024-05-24,cloudy,23.0,25.1,19.3,0.0
Tokyo,2024-05-25,sunny,24.2,27.7,22.1,0.0
Tokyo,2024-05-26,sunny,23.8,30.7,20.4,0.0
Tokyo,2024-05-27,sunny,24.7,30.8,21.2,0.0
Tokyo,2024-05-28,sunny,23.9,28.8,19.1,0.0
Tokyo,2024-05-29,sunny,23.7,28.0,21.3,0.0
Tokyo,2024-05-30,rainy,22.1,22.5,21.0,15.26
Tokyo,2024-05-31,sunny,24.1,28.8,20.8,0.0
Tokyo,2024-06-01,sunny,25.7,31.0,23.7,0.0
Tokyo,2024-06-02,sunny,25.4,28.6,22.3,0.0
Tokyo,2024-06-03,sunny,25.5,29.6,22.7,0.0
Tokyo,2024-06-04,sunny,26.9,33.2,25.6,0.0
Tokyo,2024-06-05,sunny,24.7,27.3,20.9,0.0
Tokyo,2024-06-06,rainy,24.0,26.0,22.5,9.55
Tokyo,2024-06-07,rainy,24.4,26.7,23.9,37.26
Tokyo,2024-06-08,sunny,26.4,32.6,23.8,0.0
Tokyo,2024-06-09,cloudy,26.3,29.8,25.0,0.0
Tokyo,2024-06-10,sunny,27.3,30.9,23.2,0.0
Tokyo,2024-06-11,sunny,27.3,32.7,24.1,0.0
Tokyo,2024-06-12,cloudy,27.1,30.0,25.7,0.0
Tokyo,2024-06-13,sunny,26.3,31.7,23.4,0.0
Tokyo,2024-06-14,sunny,25.6,32.3,21.8,0.0
Tokyo,2024-06-15,sunny,26.8,32.4,23.9,0.0
Tokyo,2024-06-16,sunny,28.2,32.6,24.5,0.0
Tokyo,2024-06-17,sunny,28.7,33.7,26.6,0.0
Tokyo,2024-06-18,sunny,29.2,33.8,28.5,0.0
Tokyo,2024-06-19,sunny,27.7,32.5,24.8,0.0
Tokyo,2024-06-20,sunny,27.9,31.5,25.0,0.0
Tokyo,2024-06-21,sunny,28.8,32.8,24.5,0.0
Tokyo,2024-06-22,sunny,26.9,30.5,24.6,0.0
Tokyo,2024-06-23,sunny,27.8,33.6,24.2,0.0
Tokyo,2024-06-24,sunny,26.8,32.4,23.7,0.0
Tokyo,2024-06-25,cloudy,28.6,31.9,27.9,0.0
Tokyo,2024-06-26,sunny,29.8,36.4,26.1,0.0
Tokyo,2024-06-27,cloudy,28.7,30.9,27.1,0.0
Tokyo,2024-06-28,sunny,28.5,33.9,24.7,0.0
Tokyo,2024-06-29,sunny,29.9,33.9,27.7,0.0
Tokyo,2024-06-30,rainy,27.3,28.9,25.9,15.2
Tokyo,2024-07-01,sunny,28.7,34.7,26.3,0.0
Tokyo,2024-07-02,cloudy,29.1,32.7,27.1,0.0
Tokyo,2024-07-03,sunny,30.7,36.3,28.3,0.0
Tokyo,2024-07-04,sunny,30.6,34.4,26.6,0.0
Tokyo,2024-07-05,sunny,28.9,34.6,26.5,0.0
Tokyo,2024-07-06,sunny,30.8,36.9,28.7,0.0
Tokyo,2024-07-07,sunny,32.3,37.5,30.8,0.0
Tokyo,2024-07-08,sunny,32.0,36.7,28.5,0.0
Tokyo,2024-07-09,sunny,32.1,36.1,27.7,0.0
Tokyo,2024-07-10,sunny,30.8,35.3,26.6,0.0
Tokyo,2024-07-11,sunny,31.4,37.4,28.8,0.0
Tokyo,2024-07-12,rainy,32.2,32.5,31.4,17.72
Tokyo,2024-07-13,cloudy,32.3,34.8,28.6,0.0
Tokyo,2024-07-14,sunny,31.6,37.3,28.6,0.0
Tokyo,2024-07-15,rainy,29.4,30.5,28.6,19.88
Tokyo,2024-07-16,rainy,29.1,30.7,28.4,38.71
Tokyo,2024-07-17,rainy,30.0,32.2,28.8,16.55
Tokyo,2024-07-18,sunny,29.6,36.1,28.0,0.0
Tokyo,2024-07-19,rainy,29.2,31.8,28.5,21.65
Tokyo,2024-07-20,rainy,29.4,31.4,28.2,5.46
Tokyo,2024-07-21,sunny,31.6,38.4,27.6,0.0
Tokyo,2024-07-22,rainy,29.1,30.8,27.0,20.72
Tokyo,2024-07-23,sunny,31.4,37.1,28.1,0.0
Tokyo,2024-07-24,sunny,33.1,38.0,30.9,0.0
Tokyo,2024-07-25,sunny,32.8,38.2,30.4,0.0
Tokyo,2024-07-26,sunny,33.5,38.8,31.3,0.0
Tokyo,2024-07-27,sunny,32.3,37.3,29.8,0.0
Tokyo,2024-07-28,sunny,29.8,34.7,27.8,0.0
Tokyo,2024-07-29,sunny,31.2,36.7,25.7,0.0
Tokyo,2024-07-30,sunny,31.5,36.9,29.4,0.0
Tokyo,2024-07-31,sunny,32.3,37.6,28.2,0.0
Tokyo,2024-08-01,cloudy,33.2,35.9,32.2,0.0
Tokyo,2024-08-02,rainy,31.4,31.5,30.2,15.73
Tokyo,2024-08-03,sunny,30.9,35.8,26.0,0.0
Tokyo,2024-08-04,sunny,31.4,38.3,27.0,0.0
Tokyo,2024-08-05,sunny,30.1,33.7,28.2,0.0
Tokyo,2024-08-06,cloudy,29.6,31.8,27.3,0.0
Tokyo,2024-08-07,sunny,32.0,35.7,28.8,0.0
Tokyo,2024-08-08,cloudy,32.5,35.0,31.8,0.0
Tokyo,2024-08-09,sunny,31.9,35.4,26.9,0.0
Tokyo,2024-08-10,sunny,32.1,36.4,28.0,0.0
Tokyo,2024-08-11,sunny,31.8,35.2,28.0,0.0
Tokyo,2024-08-12,sunny,33.1,38.9,31.6,0.0
Tokyo,2024-08-13,sunny,34.2,39.2,32.0,0.0
Tokyo,2024-08-14,cloudy,32.1,35.2,30.5,0.0
Tokyo,2024-08-15,sunny,32.9,36.0,29.8,0.0
Tokyo,2024-08-16,cloudy,31.7,33.6,30.7,0.0
Tokyo,2024-08-17,sunny,31.0,36.0,28.4,0.0
Tokyo,2024-08-18,sunny,30.7,35.7,29.0,0.0
Tokyo,2024-08-19,sunny,31.8,36.4,30.0,0.0
Tokyo,2024-08-20,sunny,30.8,36.6,28.3,0.0
Tokyo,2024-08-21,sunny,32.5,36.7,29.9,0.0
Tokyo,2024-08-22,rainy,30.4,31.8,29.1,16.29
Tokyo,2024-08-23,rainy,29.3,29.6,26.8,12.64
Tokyo,2024-08-24,cloudy,30.8,32.3,29.1,0.0
Tokyo,2024-08-25,sunny,31.4,36.2,28.5,0.0
Tokyo,2024-08-26,sunny,29.7,35.1,25.8,0.0
Tokyo,2024-08-27,sunny,32.5,37.6,30.5,0.0
Tokyo,2024-08-28,sunny,33.0,40.4,28.2,0.0
Tokyo,2024-08-29,sunny,30.2,35.1,28.2,0.0
Tokyo,2024-08-30,sunny,32.8,38.6,30.3,0.0
Tokyo,2024-08-31,rainy,28.9,30.2,28.4,14.04
Tokyo,2024-09-01,rainy,28.2,30.0,27.8,14.89
Tokyo,2024-09-02,sunny,28.8,33.6,25.2,0.0
Tokyo,2024-09-03,rainy,30.2,30.7,28.2,16.39
Tokyo,2024-09-04,sunny,30.5,37.4,28.3,0.0
Tokyo,2024-09-05,rainy,29.0,29.0,28.6,12.29
Tokyo,2024-09-06,rainy,27.8,29.6,26.8,21.37
Tokyo,2024-09-07,sunny,28.5,32.8,24.4,0.0
Tokyo,2024-09-08,rainy,28.7,29.2,28.4,17.41
Tokyo,2024-09-09,rainy,28.8,28.8,26.8,16.76
Tokyo,2024-09-10,rainy,27.6,28.6,27.0,21.49
Tokyo,2024-09-11,sunny,29.1,32.9,25.9,0.0
Tokyo,2024-09-12,sunny,29.6,36.2,26.1,0.0
Tokyo,2024-09-13,rainy,28.6,29.3,25.2,14.98
Tokyo,2024-09-14,sunny,30.4,35.4,26.1,0.0
Tokyo,2024-09-15,sunny,28.8,33.7,26.6,0.0
Tokyo,2024-09-16,sunny,28.8,32.6,25.8,0.0
Tokyo,2024-09-17,sunny,29.4,34.9,26.2,0.0
Tokyo,2024-09-18,sunny,27.3,32.9,23.4,0.0
Tokyo,2024-09-19,rainy,27.5,31.3,26.2,13.29
Tokyo,2024-09-20,rainy,27.3,29.1,25.5,20.37
Tokyo,2024-09-21,sunny,27.3,30.3,24.8,0.0
Tokyo,2024-09-22,rainy,28.1,28.9,27.2,14.51
Tokyo,2024-09-23,rainy,26.6,27.4,24.3,16.47
Tokyo,2024-09-24,rainy,25.2,25.5,23.8,35.44
Tokyo,2024-09-25,rainy,25.0,25.9,23.2,28.02
Tokyo,2024-09-26,rainy,25.8,27.0,24.8,22.09
Tokyo,2024-09-27,cloudy,25.6,26.3,23.6,0.0
Tokyo,2024-09-28,sunny,25.9,30.9,23.7,0.0
Tokyo,2024-09-29,sunny,25.6,31.1,22.2,0.0
Tokyo,2024-09-30,sunny,25.3,29.8,21.7,0.0
Tokyo,2024-10-01,sunny,27.3,33.6,24.9,0.0
Tokyo,2024-10-02,sunny,24.2,29.5,20.5,0.0
Tokyo,2024-10-03,sunny,25.4,30.1,21.1,0.0
Tokyo,2024-10-04,cloudy,24.0,26.1,20.7,0.0
Tokyo,2024-10-05,sunny,24.7,31.9,21.9,0.0
Tokyo,2024-10-06,sunny,25.0,30.1,24.0,0.0
Tokyo,2024-10-07,sunny,26.5,32.4,21.3,0.0
Tokyo,2024-10-08,sunny,24.6,29.2,22.7,0.0
Tokyo,2024-10-09,sunny,24.8,29.5,20.8,0.0
Tokyo,2024-10-10,rainy,23.1,23.2,21.1,20.32
Tokyo,2024-10-11,rainy,23.9,25.0,22.0,46.75
Tokyo,2024-10-12,sunny,23.8,31.1,21.4,0.0
Tokyo,2024-10-13,sunny,23.2,27.9,21.3,0.0
Tokyo,2024-10-14,sunny,24.0,28.0,21.5,0.0
Tokyo,2024-10-15,sunny,25.0,30.3,22.1,0.0
Tokyo,2024-10-16,sunny,24.1,32.0,19.0,0.0
Tokyo,2024-10-17,sunny,23.9,29.2,20.4,0.0
Tokyo,2024-10-18,sunny,22.3,27.3,21.6,0.0
Tokyo,2024-10-19,sunny,22.3,28.2,20.0,0.0
Tokyo,2024-10-20,sunny,21.5,26.7,18.8,0.0
Tokyo,2024-10-21,sunny,20.3,26.3,15.2,0.0
Tokyo,2024-10-22,cloudy,21.3,22.6,19.8,0.0
Tokyo,2024-10-23,sunny,19.9,25.3,16.5,0.0
Tokyo,2024-10-24,sunny,21.4,27.0,19.4,0.0
Tokyo,2024-10-25,sunny,22.0,27.7,20.0,0.0
Tokyo,2024-10-26,sunny,21.2,27.3,18.6,0.0
Tokyo,2024-10-27,sunny,19.2,25.2,14.9,0.0
Tokyo,2024-10-28,sunny,19.6,25.1,15.8,0.0
Tokyo,2024-10-29,sunny,20.3,24.4,17.5,0.0
Tokyo,2024-10-30,sunny,19.2,26.5,16.1,0.0
Tokyo,2024-10-31,sunny,21.2,26.0,16.7,0.0
Tokyo,2024-11-01,sunny,19.8,23.3,16.0,0.0
Tokyo,2024-11-02,sunny,19.7,24.2,17.2,0.0
Tokyo,2024-11-03,sunny,19.8,25.9,18.4,0.0
Tokyo,2024-11-04,sunny,20.8,25.7,19.3,0.0
Tokyo,2024-11-05,sunny,20.6,24.8,16.2,0.0
Tokyo,2024-11-06,rainy,17.7,17.8,16.2,8.88
Tokyo,2024-11-07,sunny,18.3,22.6,15.5,0.0
Tokyo,2024-11-08,sunny,19.1,24.8,17.3,0.0
Tokyo,2024-11-09,sunny,18.6,24.9,16.6,0.0
Tokyo,2024-11-10,sunny,18.0,22.9,14.5,0.0
Tokyo,2024-11-11,cloudy,18.9,19.8,17.0,0.0
Tokyo,2024-11-12,sunny,18.8,23.4,17.1,0.0
Tokyo,2024-11-13,sunny,18.5,22.1,15.8,0.0
Tokyo,2024-11-14,sunny,16.8,22.4,15.5,0.0
Tokyo,2024-11-15,sunny,16.9,21.0,15.0,0.0
Tokyo,2024-11-16,sunny,16.9,21.2,14.3,0.0
Tokyo,2024-11-17,cloudy,16.6,18.5,12.8,0.0
Tokyo,2024-11-18,sunny,16.6,21.1,14.1,0.0
Tokyo,2024-11-19,sunny,15.4,21.8,13.1,0.0
Tokyo,2024-11-20,sunny,17.6,21.5,15.3,0.0
Tokyo,2024-11-21,sunny,13.1,17.4,8.2,0.0
Tokyo,2024-11-22,sunny,15.6,21.2,11.7,0.0
Tokyo,2024-11-23,sunny,14.3,19.7,12.4,0.0
Tokyo,2024-11-24,sunny,13.2,18.5,11.7,0.0
Tokyo,2024-11-25,sunny,14.7,19.2,13.7,0.0
Tokyo,2024-11-26,sunny,13.9,18.1,11.3,0.0
Tokyo,2024-11-27,sunny,13.3,18.2,11.3,0.0
Tokyo,2024-11-28,sunny,15.1,20.6,12.3,0.0
Tokyo,2024-11-29,sunny,12.9,18.0,9.6,0.0
Tokyo,2024-11-30,rainy,14.4,14.9,12.2,15.81
Tokyo,2024-12-01,rainy,12.8,13.5,10.8,11.75
Tokyo,2024-12-02,rainy,12.0,14.4,10.6,14.32
Tokyo,2024-12-03,sunny,12.8,18.0,8.4,0.0
Tokyo,2024-12-04,sunny,13.4,18.8,10.2,0.0
Tokyo,2024-12-05,sunny,13.8,18.5,12.2,0.0
Tokyo,2024-12-06,sunny,13.7,18.0,10.0,0.0
Tokyo,2024-12-07,cloudy,11.9,14.5,9.6,0.0
Tokyo,2024-12-08,sunny,11.4,18.6,8.5,0.0
Tokyo,2024-12-09,cloudy,11.9,13.6,8.9,0.0
Tokyo,2024-12-10,sunny,10.7,16.0,8.0,0.0
Tokyo,2024-12-11,cloudy,13.2,16.6,11.0,0.0
Tokyo,2024-12-12,sunny,11.0,17.5,8.9,0.0
Tokyo,2024-12-13,sunny,10.7,16.4,5.5,0.0
Tokyo,2024-12-14,sunny,9.6,14.7,5.7,0.0
Tokyo,2024-12-15,sunny,11.3,16.1,7.1,0.0
Tokyo,2024-12-16,sunny,10.8,15.8,7.6,0.0
Tokyo,2024-12-17,sunny,9.5,13.8,6.5,0.0
Tokyo,2024-12-18,sunny,10.4,17.5,7.3,0.0
Tokyo,2024-12-19,sunny,8.9,13.1,5.2,0.0
Tokyo,2024-12-20,sunny,10.5,13.3,8.3,0.0
Tokyo,2024-12-21,sunny,8.4,12.4,4.9,0.0
Tokyo,2024-12-22,sunny,10.0,15.8,7.2,0.0
Tokyo,2024-12-23,sunny,11.4,15.7,9.4,0.0
Tokyo,2024-12-24,sunny,10.5,14.8,6.6,0.0
Tokyo,2024-12-25,sunny,9.9,14.2,5.7,0.0
Tokyo,2024-12-26,sunny,10.5,13.8,7.5,0.0
Tokyo,2024-12-27,sunny,9.2,14.9,5.8,0.0
Tokyo,2024-12-28,sunny,8.3,13.2,6.4,0.0
Tokyo,2024-12-29,sunny,8.0,14.1,4.8,0.0
Tokyo,2024-12-30,sunny,8.4,14.3,5.3,0.0
Tokyo,2024-12-31,sunny,8.4,12.9,4.8,0.0
Sapporo,2015-01-01,sunny,0.6,4.3,-2.9,0.0
Sapporo,2015-01-02,sunny,0.9,6.3,-2.3,0.0
Sapporo,2015-01-03,sunny,1.6,6.1,-1.3,0.0
Sapporo,2015-01-04,sunny,-0.3,3.3,-3.0,0.0
Sapporo,2015-01-05,cloudy,-1.1,0.4,-2.5,0.0
Sapporo,2015-01-06,snowy,-2.5,0.1,-3.6,29.27
Sapporo,2015-01-07,snowy,-1.8,-0.6,-3.1,24.27
Sapporo,2015-01-08,sunny,-0.9,3.4,-5.2,0.0
Sapporo,2015-01-09,sunny,-0.1,4.9,-3.3,0.0
Sapporo,2015-01-10,sunny,0.1,5.6,-0.5,0.0
Sapporo,2015-01-11,sunny,-0.4,3.4,-2.5,0.0
Sapporo,2015-01-12,sunny,-0.1,6.1,-2.7,0.0
Sapporo,2015-01-13,sunny,-0.5,4.2,-4.2,0.0
Sapporo,2015-01-14,sunny,0.4,5.3,-2.4,0.0
Sapporo,2015-01-15,sunny,0.3,5.1,-1.7,0.0
Sapporo,2015-01-16,sunny,-1.5,3.1,-5.0,0.0
Sapporo,2015-01-17,sunny,-1.3,4.5,-4.2,0.0
Sapporo,2015-01-18,sunny,-1.8,3.7,-4.9,0.0
Sapporo,2015-01-19,cloudy,-1.1,-0.1,-3.5,0.0
Sapporo,2015-01-20,sunny,-1.0,4.4,-3.5,0.0
Sapporo,2015-01-21,sunny,-1.7,4.9,-3.2,0.0
Sapporo,2015-01-22,snowy,-5.1,-3.3,-6.1,15.04
Sapporo,2015-01-23,snowy,-5.1,-5.1,-5.2,20.64
Sapporo,2015-01-24,snowy,-1.3,-1.2,-2.3,14.9
Sapporo,2015-01-25,sunny,-1.9,3.4,-3.6,0.0
Sapporo,2015-01-26,snowy,-3.0,-1.2,-3.4,32.74
Sapporo,2015-01-27,sunny,-2.8,0.7,-5.0,0.0
Sapporo,2015-01-28,snowy,-1.7,-1.5,-2.5,27.88
Sapporo,2015-01-29,sunny,-3.2,1.8,-6.9,0.0
Sapporo,2015-01-30,sunny,-2.8,2.8,-4.9,0.0
Sapporo,2015-01-31,cloudy,-3.5,-1.3,-6.2,0.0
Sapporo,2015-02-01,sunny,-3.5,1.2,-7.5,0.0
Sapporo,2015-02-02,cloudy,-1.0,0.6,-3.3,0.0
Sapporo,2015-02-03,snowy,-2.7,-1.4,-2.9,22.81
Sapporo,2015-02-04,sunny,-1.2,4.3,-3.2,0.0
Sapporo,2015-02-05,sunny,-1.4,6.6,-2.3,0.0
Sapporo,2015-02-06,sunny,-2.8,3.5,-3.9,0.0
Sapporo,2015-02-07,sunny,-1.9,3.0,-5.6,0.0
Sapporo,2015-02-08,cloudy,-0.9,1.1,-3.3,0.0
Sapporo,2015-02-09,sunny,-2.1,4.8,-5.2,0.0
Sapporo,2015-02-10,sunny,-2.1,3.5,-5.2,0.0
Sapporo,2015-02-11,sunny,-2.9,3.1,-5.3,0.0
Sapporo,2015-02-12,cloudy,-3.9,-1.2,-6.8,0.0
Sapporo,2015-02-13,sunny,-3.4,2.8,-6.3,0.0
Sapporo,2015-02-14,sunny,-2.0,3.2,-3.6,0.0
Sapporo,2015-02-15,sunny,-1.8,2.9,-5.9,0.0
Sapporo,2015-02-16,snowy,-2.0,-1.9,-2.8,32.0
Sapporo,2015-02-17,sunny,-2.3,1.4,-4.9,0.0
Sapporo,2015-02-18,snowy,-3.1,-3.1,-3.2,24.89
Sapporo,2015-02-19,sunny,-1.0,1.9,-3.3,0.0
Sapporo,2015-02-20,rainy,0.3,0.8,-1.5,18.86
Sapporo,2015-02-21,snowy,-0.8,-0.2,-1.1,40.98
Sapporo,2015-02-22,cloudy,-2.9,-0.0,-5.1,0.0
Sapporo,2015-02-23,cloudy,-2.1,1.3,-3.0,0.0
Sapporo,2015-02-24,snowy,-3.6,0.1,-4.9,7.44
Sapporo,2015-02-25,snowy,-4.1,-2.3,-5.0,30.1
Sapporo,2015-02-26,sunny,-1.5,3.7,-4.2,0.0
Sapporo,2015-02-27,sunny,-2.4,1.8,-4.4,0.0
Sapporo,2015-02-28,sunny,-0.4,4.8,-5.3,0.0
Sapporo,2015-03-01,sunny,0.8,4.6,-2.3,0.0
Sapporo,2015-03-02,sunny,-0.0,4.4,-1.2,0.0
Sapporo,2015-03-03,sunny,0.4,6.1,-2.9,0.0
Sapporo,2015-03-04,sunny,2.4,7.2,1.2,0.0
Sapporo,2015-03-05,sunny,-2.3,2.2,-4.6,0.0
Sapporo,2015-03-06,sunny,-1.3,2.5,-3.0,0.0
Sapporo,2015-03-07,cloudy,-1.1,0.7,-3.3,0.0
Sapporo,2015-03-08,cloudy,1.2,2.0,0.2,0.0
Sapporo,2015-03-09,sunny,0.8,5.8,-1.7,0.0
Sapporo,2015-03-10,sunny,-1.2,4.3,-4.3,0.0
Sapporo,2015-03-11,sunny,1.3,5.9,-3.3,0.0
Sapporo,2015-03-12,sunny,1.6,5.4,0.2,0.0
Sapporo,2015-03-13,sunny,-0.8,3.0,-3.7,0.0
Sapporo,2015-03-14,sunny,1.6,6.5,-0.8,0.0
Sapporo,2015-03-15,snowy,-0.5,2.0,-0.7,9.1
Sapporo,2015-03-16,rainy,1.1,2.9,-0.1,25.18
Sapporo,2015-03-17,rainy,0.5,3.8,-0.7,22.3
Sapporo,2015-03-18,sunny,2.3,5.2,-0.9,0.0
Sapporo,2015-03-19,sunny,1.1,5.1,-2.0,0.0
Sapporo,2015-03-20,sunny,2.4,6.8,1.1,0.0
Sapporo,2015-03-21,sunny,4.0,9.3,-0.0,0.0
Sapporo,2015-03-22,rainy,0.5,2.2,0.5,13.88
Sapporo,2015-03-23,sunny,0.8,7.6,-2.2,0.0
Sapporo,2015-03-24,sunny,0.4,5.6,-1.3,0.0
Sapporo,2015-03-25,sunny,2.5,6.2,-1.1,0.0
Sapporo,2015-03-26,rainy,0.7,1.9,-0.5,21.59
Sapporo,2015-03-27,rainy,2.4,4.5,2.4,10.89
Sapporo,2015-03-28,rainy,1.7,2.1,1.0,32.62
Sapporo,2015-03-29,snowy,-1.2,-0.5,-4.1,18.34
Sapporo,2015-03-30,sunny,1.3,5.2,-1.9,0.0
Sapporo,2015-03-31,sunny,2.2,6.7,1.0,0.0
Sapporo,2015-04-01,sunny,3.6,9.7,0.2,0.0
Sapporo,2015-04-02,sunny,3.0,8.2,0.7,0.0
Sapporo,2015-04-03,cloudy,4.5,6.3,3.1,0.0
Sapporo,2015-04-04,sunny,5.1,9.9,0.4,0.0
Sapporo,2015-04-05,sunny,3.9,9.9,2.9,0.0
Sapporo,2015-04-06,sunny,4.2,9.1,1.1,0.0
Sapporo,2015-04-07,sunny,5.1,7.4,1.7,0.0
Sapporo,2015-04-08,rainy,4.8,7.6,4.3,16.02
Sapporo,2015-04-09,rainy,6.2,8.3,4.9,18.1
Sapporo,2015-04-10,sunny,5.1,8.2,3.2,0.0
Sapporo,2015-04-11,sunny,6.6,11.7,3.4,0.0
Sapporo,2015-04-12,cloudy,5.6,9.2,3.1,0.0
Sapporo,2015-04-13,sunny,4.1,10.7,1.4,0.0
Sapporo,2015-04-14,sunny,5.3,12.1,2.6,0.0
Sapporo,2015-04-15,sunny,6.1,11.5,3.4,0.0
Sapporo,2015-04-16,sunny,6.1,11.6,3.4,0.0
Sapporo,2015-04-17,sunny,7.7,13.6,5.2,0.0
Sapporo,2015-04-18,sunny,7.3,12.8,4.1,0.0
Sapporo,2015-04-19,sunny,7.0,12.4,5.1,0.0
Sapporo,2015-04-20,sunny,6.1,10.7,2.0,0.0
Sapporo,2015-04-21,sunny,8.4,14.9,4.9,0.0
Sapporo,2015-04-22,cloudy,8.9,13.3,7.7,0.0
Sapporo,2015-04-23,sunny,7.5,12.1,3.9,0.0
Sapporo,2015-04-24,sunny,8.7,13.3,6.8,0.0
Sapporo,2015-04-25,sunny,9.6,17.3,7.6,0.0
Sapporo,2015-04-26,sunny,8.3,14.1,5.4,0.0
Sapporo,2015-04-27,cloudy,8.1,9.0,6.7,0.0
Sapporo,2015-04-28,sunny,10.8,15.9,6.1,0.0
Sapporo,2015-04-29,sunny,9.1,14.5,7.0,0.0
Sapporo,2015-04-30,sunny,10.9,15.9,8.5,0.0
Sapporo,2015-05-01,sunny,10.3,15.2,6.4,0.0
Sapporo,2015-05-02,sunny,13.6,19.3,11.4,0.0
Sapporo,2015-05-03,sunny,11.9,17.0,10.9,0.0
Sapporo,2015-05-04,cloudy,11.1,12.9,8.4,0.0
Sapporo,2015-05-05,sunny,11.4,17.6,6.7,0.0
Sapporo,2015-05-06,sunny,10.8,17.3,8.4,0.0
Sapporo,2015-05-07,sunny,11.9,17.2,9.2,0.0
Sapporo,2015-05-08,sunny,12.1,17.0,9.6,0.0
Sapporo,2015-05-09,sunny,11.3,16.7,10.2,0.0
Sapporo,2015-05-10,sunny,11.8,16.8,8.1,0.0
Sapporo,2015-05-11,sunny,11.6,17.0,8.7,0.0
Sapporo,2015-05-12,cloudy,12.5,15.4,9.0,0.0
Sapporo,2015-05-13,cloudy,14.2,15.3,12.6,0.0
Sapporo,2015-05-14,rainy,14.5,15.4,9.7,35.81
Sapporo,2015-05-15,rainy,14.4,14.8,13.7,18.94
Sapporo,2015-05-16,sunny,14.7,19.3,10.3,0.0
Sapporo,2015-05-17,sunny,15.1,20.2,12.5,0.0
Sapporo,2015-05-18,sunny,14.6,19.8,11.0,0.0
Sapporo,2015-05-19,sunny,16.0,21.2,11.5,0.0
Sapporo,2015-05-20,cloudy,16.4,18.5,13.7,0.0
Sapporo,2015-05-21,sunny,15.8,22.1,13.4,0.0
Sapporo,2015-05-22,rainy,15.5,17.0,13.5,15.64
Sapporo,2015-05-23,sunny,15.2,19.3,12.2,0.0
Sapporo,2015-05-24,sunny,14.3,18.5,11.4,0.0
Sapporo,2015-05-25,cloudy,15.7,18.5,11.6,0.0
Sapporo,2015-05-26,sunny,16.4,20.9,10.6,0.0
Sapporo,2015-05-27,sunny,16.1,21.6,11.8,0.0
Sapporo,2015-05-28,rainy,14.1,15.9,10.6,19.47
Sapporo,2015-05-29,rainy,14.6,15.0,13.5,11.61
Sapporo,2015-05-30,sunny,16.8,22.2,13.6,0.0
Sapporo,2015-05-31,rainy,17.1,18.4,16.8,11.95
Sapporo,2015-06-01,rainy,19.9,20.8,17.8,13.25
Sapporo,2015-06-02,rainy,18.6,19.2,17.7,10.58
Sapporo,2015-06-03,rainy,16.3,17.8,16.1,39.15
Sapporo,2015-06-04,sunny,19.2,24.4,18.9,0.0
Sapporo,2015-06-05,sunny,17.3,22.5,12.8,0.0
Sapporo,2015-06-06,rainy,18.5,19.0,16.3,12.84
Sapporo,2015-06-07,rainy,17.0,17.7,16.2,18.84
Sapporo,2015-06-08,rainy,17.0,18.0,16.9,20.53
Sapporo,2015-06-09,sunny,20.2,24.4,18.7,0.0
Sapporo,2015-06-10,sunny,20.5,25.1,17.4,0.0
Sapporo,2015-06-11,sunny,20.6,25.7,19.5,0.0
Sapporo,2015-06-12,sunny,21.0,25.2,17.8,0.0
Sapporo,2015-06-13,sunny,18.9,26.6,16.5,0.0
Sapporo,2015-06-14,sunny,21.2,26.4,17.5,0.0
Sapporo,2015-06-15,sunny,21.2,26.7,19.1,0.0
Sapporo,2015-06-16,sunny,20.1,24.9,17.7,0.0
Sapporo,2015-06-17,sunny,22.0,26.4,19.2,0.0
Sapporo,2015-06-18,sunny,21.1,26.1,17.4,0.0
Sapporo,2015-06-19,sunny,20.7,24.0,18.7,0.0
Sapporo,2015-06-20,sunny,20.6,26.2,19.1,0.0
Sapporo,2015-06-21,sunny,21.2,27.5,17.7,0.0
Sapporo,2015-06-22,rainy,21.2,23.9,19.4,30.84
Sapporo,2015-06-23,sunny,23.2,28.8,21.8,0.0
Sapporo,2015-06-24,sunny,22.4,26.8,19.0,0.0
Sapporo,2015-06-25,sunny,22.7,25.4,19.2,0.0
Sapporo,2015-06-26,cloudy,21.4,24.2,19.4,0.0
Sapporo,2015-06-27,sunny,23.8,28.4,21.3,0.0
Sapporo,2015-06-28,sunny,22.5,26.3,17.9,0.0
Sapporo,2015-06-29,sunny,24.2,28.7,23.2,0.0
Sapporo,2015-06-30,sunny,23.3,29.3,20.3,0.0
Sapporo,2015-07-01,cloudy,23.5,23.6,22.3,0.0
Sapporo,2015-07-02,rainy,22.6,24.3,21.8,10.78
Sapporo,2015-07-03,cloudy,23.5,25.7,21.1,0.0
Sapporo,2015-07-04,sunny,22.8,29.4,19.0,0.0
Sapporo,2015-07-05,sunny,23.0,26.4,18.7,0.0
Sapporo,2015-07-06,sunny,23.5,28.0,21.2,0.0
Sapporo,2015-07-07,sunny,24.9,31.0,21.6,0.0
Sapporo,2015-07-08,rainy,22.9,24.2,21.4,29.33
Sapporo,2015-07-09,sunny,24.1,28.1,22.6,0.0
Sapporo,2015-07-10,sunny,24.2,28.4,20.2,0.0
Sapporo,2015-07-11,sunny,22.5,27.1,19.3,0.0
Sapporo,2015-07-12,sunny,22.9,27.1,20.1,0.0
Sapporo,2015-07-13,sunny,25.8,31.0,21.3,0.0
Sapporo,2015-07-14,cloudy,23.8,24.7,22.0,0.0
Sapporo,2015-07-15,sunny,25.1,30.5,21.6,0.0
Sapporo,2015-07-16,sunny,24.8,28.5,22.3,0.0
Sapporo,2015-07-17,sunny,25.8,31.8,23.4,0.0
Sapporo,2015-07-18,sunny,25.8,32.6,22.6,0.0
Sapporo,2015-07-19,sunny,24.2,28.8,21.9,0.0
Sapporo,2015-07-20,sunny,24.5,28.9,22.6,0.0
Sapporo,2015-07-21,sunny,26.1,30.1,23.3,0.0
Sapporo,2015-07-22,sunny,24.7,30.1,22.0,0.0
Sapporo,2015-07-23,sunny,25.0,30.0,22.3,0.0
Sapporo,2015-07-24,sunny,23.1,27.8,19.8,0.0
Sapporo,2015-07-25,sunny,25.8,30.6,22.2,0.0
Sapporo,2015-07-26,sunny,26.0,30.3,22.1,0.0
Sapporo,2015-07-27,sunny,25.6,29.1,23.8,0.0
Sapporo,2015-07-28,sunny,25.0,30.0,21.7,0.0
Sapporo,2015-07-29,sunny,28.0,33.3,25.6,0.0
Sapporo,2015-07-30,sunny,26.8,31.6,22.8,0.0
Sapporo,2015-07-31,sunny,24.3,30.4,21.3,0.0
Sapporo,2015-08-01,sunny,25.6,32.1,23.9,0.0
Sapporo,2015-08-02,sunny,25.8,30.1,23.3,0.0
Sapporo,2015-08-03,sunny,25.7,31.1,22.1,0.0
Sapporo,2015-08-04,sunny,28.0,32.0,24.5,0.0
Sapporo,2015-08-05,sunny,25.3,29.7,22.9,0.0
Sapporo,2015-08-06,sunny,25.7,31.8,23.0,0.0
Sapporo,2015-08-07,sunny,24.5,28.6,20.7,0.0
Sapporo,2015-08-08,sunny,26.3,31.3,23.0,0.0
Sapporo,2015-08-09,sunny,23.9,30.2,20.3,0.0
Sapporo,2015-08-10,sunny,23.8,28.3,20.3,0.0
Sapporo,2015-08-11,sunny,24.7,29.3,23.1,0.0
Sapporo,2015-08-12,sunny,24.9,32.3,22.6,0.0
Sapporo,2015-08-13,sunny,24.9,30.7,20.3,0.0
Sapporo,2015-08-14,sunny,25.3,31.0,22.2,0.0
Sapporo,2015-08-15,sunny,25.1,28.9,22.3,0.0
Sapporo,2015-08-16,sunny,26.1,30.1,23.6,0.0
Sapporo,2015-08-17,cloudy,28.5,29.3,25.3,0.0
Sapporo,2015-08-18,sunny,25.6,28.7,23.5,0.0
Sapporo,2015-08-19,sunny,25.0,29.4,20.2,0.0
Sapporo,2015-08-20,sunny,24.0,28.5,22.1,0.0
Sapporo,2015-08-21,sunny,25.3,30.0,21.9,0.0
Sapporo,2015-08-22,sunny,24.8,29.4,22.5,0.0
Sapporo,2015-08-23,sunny,25.7,30.1,22.2,0.0
Sapporo,2015-08-24,sunny,26.5,32.2,24.8,0.0
Sapporo,2015-08-25,rainy,22.7,23.8,21.3,21.23
Sapporo,2015-08-26,rainy,24.0,24.1,22.5,15.95
Sapporo,2015-08-27,sunny,24.3,30.4,22.0,0.0
Sapporo,2015-08-28,sunny,24.8,29.8,21.6,0.0
Sapporo,2015-08-29,sunny,25.0,29.1,21.5,0.0
Sapporo,2015-08-30,sunny,25.4,29.8,23.0,0.0
Sapporo,2015-08-31,sunny,24.8,26.8,21.6,0.0
Sapporo,2015-09-01,sunny,24.5,30.1,23.2,0.0
Sapporo,2015-09-02,sunny,23.1,29.9,19.5,0.0
Sapporo,2015-09-03,sunny,24.6,29.1,21.4,0.0
Sapporo,2015-09-04,sunny,23.3,29.1,20.7,0.0
Sapporo,2015-09-05,sunny,23.4,28.6,19.2,0.0
Sapporo,2015-09-06,sunny,24.1,29.5,20.6,0.0
Sapporo,2015-09-07,cloudy,23.6,26.1,20.8,0.0
Sapporo,2015-09-08,rainy,21.0,23.2,19.7,14.38
Sapporo,2015-09-09,sunny,23.8,29.8,19.5,0.0
Sapporo,2015-09-10,sunny,23.7,29.5,21.3,0.0
Sapporo,2015-09-11,rainy,22.9,23.6,22.8,10.46
Sapporo,2015-09-12,rainy,19.2,19.5,18.6,17.98
Sapporo,2015-09-13,rainy,20.6,20.8,19.9,17.23
Sapporo,2015-09-14,sunny,23.9,30.2,20.3,0.0
Sapporo,2015-09-15,sunny,23.0,29.5,21.1,0.0
Sapporo,2015-09-16,sunny,22.7,26.5,21.1,0.0
Sapporo,2015-09-17,rainy,21.8,22.5,20.8,18.33
Sapporo,2015-09-18,sunny,21.6,26.8,18.0,0.0
Sapporo,2015-09-19,sunny,21.9,26.0,20.1,0.0
Sapporo,2015-09-20,sunny,22.4,26.7,20.6,0.0
Sapporo,2015-09-21,sunny,24.3,28.3,19.9,0.0
Sapporo,2015-09-22,sunny,21.6,26.1,18.2,0.0
Sapporo,2015-09-23,sunny,22.6,27.1,19.2,0.0
Sapporo,2015-09-24,sunny,21.7,27.1,17.3,0.0
Sapporo,2015-09-25,sunny,21.2,24.9,18.0,0.0
Sapporo,2015-09-26,cloudy,22.3,24.3,20.0,0.0
Sapporo,2015-09-27,sunny,21.2,24.9,18.6,0.0
Sapporo,2015-09-28,sunny,22.8,27.9,19.0,0.0
Sapporo,2015-09-29,sunny,20.6,26.8,18.6,0.0
Sapporo,2015-09-30,sunny,20.0,24.4,15.5,0.0
Sapporo,2015-10-01,sunny,18.8,23.6,16.5,0.0
Sapporo,2015-10-02,sunny,18.2,23.0,16.8,0.0
Sapporo,2015-10-03,sunny,17.9,23.8,14.5,0.0
Sapporo,2015-10-04,sunny,19.3,25.0,15.4,0.0
Sapporo,2015-10-05,sunny,18.8,24.5,16.1,0.0
Sapporo,2015-10-06,sunny,19.9,24.7,18.4,0.0
Sapporo,2015-10-07,sunny,19.4,23.4,16.3,0.0
Sapporo,2015-10-08,sunny,20.6,25.7,16.8,0.0
Sapporo,2015-10-09,sunny,18.0,22.3,14.2,0.0
Sapporo,2015-10-10,sunny,18.7,22.5,15.3,0.0
Sapporo,2015-10-11,cloudy,17.8,18.3,14.2,0.0
Sapporo,2015-10-12,sunny,15.6,21.5,11.8,0.0
Sapporo,2015-10-13,sunny,17.0,24.8,13.7,0.0
Sapporo,2015-10-14,cloudy,18.2,20.6,15.4,0.0
Sapporo,2015-10-15,sunny,14.9,19.8,13.4,0.0
Sapporo,2015-10-16,sunny,16.4,20.5,13.2,0.0
Sapporo,2015-10-17,sunny,16.8,21.9,13.8,0.0
Sapporo,2015-10-18,rainy,14.7,16.1,13.1,17.55
Sapporo,2015-10-19,rainy,16.4,17.8,14.2,13.02
Sapporo,2015-10-20,rainy,15.3,16.1,15.1,18.05
Sapporo,2015-10-21,sunny,17.2,21.4,13.9,0.0
Sapporo,2015-10-22,sunny,15.5,22.0,10.9,0.0
Sapporo,2015-10-23,sunny,16.7,22.4,14.5,0.0
Sapporo,2015-10-24,rainy,14.7,14.8,11.8,18.3
Sapporo,2015-10-25,sunny,14.0,17.4,12.8,0.0
Sapporo,2015-10-26,cloudy,14.5,15.4,12.6,0.0
Sapporo,2015-10-27,sunny,14.4,18.9,10.0,0.0
Sapporo,2015-10-28,rainy,13.2,13.7,11.6,36.7
Sapporo,2015-10-29,rainy,11.3,11.4,10.4,18.37
Sapporo,2015-10-30,rainy,12.7,13.4,12.7,21.04
Sapporo,2015-10-31,sunny,12.5,18.5,9.5,0.0
Sapporo,2015-11-01,cloudy,14.3,14.8,10.8,0.0
Sapporo,2015-11-02,sunny,12.7,17.0,9.7,0.0
Sapporo,2015-11-03,rainy,10.3,11.0,9.4,13.33
Sapporo,2015-11-04,rainy,8.4,8.5,6.3,8.84
Sapporo,2015-11-05,sunny,10.2,15.7,7.6,0.0
Sapporo,2015-11-06,sunny,11.2,15.5,6.9,0.0
Sapporo,2015-11-07,sunny,11.3,15.0,8.1,0.0
Sapporo,2015-11-08,sunny,12.5,18.2,10.1,0.0
Sapporo,2015-11-09,sunny,11.8,18.0,8.3,0.0
Sapporo,2015-11-10,sunny,12.1,19.0,9.6,0.0
Sapporo,2015-11-11,sunny,12.8,17.7,9.9,0.0
Sapporo,2015-11-12,sunny,12.4,18.7,9.9,0.0
Sapporo,2015-11-13,sunny,11.5,16.4,9.3,0.0
Sapporo,2015-11-14,sunny,11.4,15.9,9.3,0.0
Sapporo,2015-11-15,sunny,11.9,15.1,9.5,0.0
Sapporo,2015-11-16,rainy,9.9,10.6,9.5,30.49
Sapporo,2015-11-17,rainy,5.2,6.9,3.2,13.03
Sapporo,2015-11-18,rainy,7.2,8.6,5.6,18.9
Sapporo,2015-11-19,sunny,9.1,13.2,5.8,0.0
Sapporo,2015-11-20,sunny,11.5,18.3,8.3,0.0
Sapporo,2015-11-21,sunny,9.0,14.7,7.0,0.0
Sapporo,2015-11-22,sunny,10.3,14.9,6.2,0.0
Sapporo,2015-11-23,sunny,6.7,13.0,4.0,0.0
Sapporo,2015-11-24,sunny,8.6,13.8,4.2,0.0
Sapporo,2015-11-25,sunny,8.3,14.1,4.3,0.0
Sapporo,2015-11-26,sunny,6.2,10.5,2.1,0.0
Sapporo,2015-11-27,rainy,7.9,9.3,5.9,23.17
Sapporo,2015-11-28,rainy,5.4,5.5,4.4,29.39
Sapporo,2015-11-29,sunny,6.8,10.5,3.7,0.0
Sapporo,2015-11-30,sunny,6.0,11.6,2.9,0.0
Sapporo,2015-12-01,sunny,6.0,10.0,2.4,0.0
Sapporo,2015-12-02,cloudy,7.7,10.3,5.4,0.0
Sapporo,2015-12-03,sunny,4.9,9.2,-0.2,0.0
Sapporo,2015-12-04,sunny,5.9,12.1,3.6,0.0
Sapporo,2015-12-05,sunny,6.9,10.1,2.6,0.0
Sapporo,2015-12-06,sunny,5.4,11.6,1.8,0.0
Sapporo,2015-12-07,sunny,6.0,9.6,3.9,0.0
Sapporo,2015-12-08,cloudy,5.9,6.2,4.1,0.0
Sapporo,2015-12-09,sunny,3.8,8.4,0.3,0.0
Sapporo,2015-12-10,sunny,3.8,7.8,1.5,0.0
Sapporo,2015-12-11,rainy,4.9,7.0,3.4,23.45
Sapporo,2015-12-12,cloudy,5.2,8.6,3.2,0.0
Sapporo,2015-12-13,sunny,3.0,8.5,-0.2,0.0
Sapporo,2015-12-14,sunny,2.9,8.9,1.0,0.0
Sapporo,2015-12-15,cloudy,3.3,5.4,1.5,0.0
Sapporo,2015-12-16,rainy,1.2,3.6,-1.4,17.85
Sapporo,2015-12-17,sunny,2.8,7.5,-0.4,0.0
Sapporo,2015-12-18,sunny,2.3,9.6,-0.4,0.0
Sapporo,2015-12-19,sunny,2.8,6.4,-1.3,0.0
Sapporo,2015-12-20,sunny,2.2,7.5,-2.1,0.0
Sapporo,2015-12-21,sunny,0.4,5.7,-2.7,0.0
Sapporo,2015-12-22,sunny,3.4,9.3,0.2,0.0
Sapporo,2015-12-23,cloudy,2.7,4.6,0.7,0.0
Sapporo,2015-12-24,sunny,3.2,8.9,-0.9,0.0
Sapporo,2015-12-25,sunny,2.7,7.8,0.0,0.0
Sapporo,2015-12-26,rainy,1.7,2.5,-0.3,19.82
Sapporo,2015-12-27,snowy,-1.6,0.9,-3.8,13.43
Sapporo,2015-12-28,snowy,-0.4,2.5,-1.7,31.29
Sapporo,2015-12-29,cloudy,0.7,2.5,-1.4,0.0
Sapporo,2015-12-30,snowy,-0.2,0.0,-1.2,6.51
Sapporo,2015-12-31,rainy,0.5,2.1,-0.5,16.03
Sapporo,2016-01-01,sunny,2.0,7.4,-0.9,0.0
Sapporo,2016-01-02,sunny,-1.6,4.8,-3.7,0.0
Sapporo,2016-01-03,snowy,-2.3,-2.3,-3.3,31.0
Sapporo,2016-01-04,cloudy,1.6,3.8,-0.1,0.0
Sapporo,2016-01-05,snowy,-0.6,1.3,-1.7,13.43
Sapporo,2016-01-06,snowy,-1.1,-1.0,-2.3,18.13
Sapporo,2016-01-07,snowy,-1.1,-0.4,-1.2,13.48
Sapporo,2016-01-08,snowy,-2.1,-1.5,-2.6,31.0
Sapporo,2016-01-09,rainy,0.4,1.4,0.3,24.49
Sapporo,2016-01-10,snowy,-0.3,0.9,-2.2,29.01
Sapporo,2016-01-11,sunny,-0.2,5.3,-4.1,0.0
Sapporo,2016-01-12,sunny,-2.0,3.1,-5.5,0.0
Sapporo,2016-01-13,sunny,-2.0,3.2,-5.0,0.0
Sapporo,2016-01-14,snowy,-1.3,-1.1,-3.4,32.77
Sapporo,2016-01-15,snowy,-2.1,-1.1,-2.8,22.58
Sapporo,2016-01-16,snowy,-3.4,-0.7,-5.9,15.84
Sapporo,2016-01-17,snowy,-1.5,1.0,-3.4,12.27
Sapporo,2016-01-18,snowy,-4.4,-3.7,-5.3,10.94
Sapporo,2016-01-19,snowy,-3.8,-0.4,-3.9,17.7
Sapporo,2016-01-20,snowy,-2.3,-2.0,-3.3,33.64
Sapporo,2016-01-21,cloudy,-2.6,-0.5,-5.3,0.0
Sapporo,2016-01-22,sunny,-1.6,3.9,-3.8,0.0
Sapporo,2016-01-23,sunny,-2.7,1.5,-5.1,0.0
Sapporo,2016-01-24,sunny,-2.7,3.3,-5.5,0.0
Sapporo,2016-01-25,sunny,-2.0,2.7,-5.1,0.0
Sapporo,2016-01-26,cloudy,-2.4,-2.4,-3.5,0.0
Sapporo,2016-01-27,cloudy,-1.0,0.6,-4.1,0.0
Sapporo,2016-01-28,sunny,-0.7,4.8,-3.1,0.0
Sapporo,2016-01-29,cloudy,0.7,2.7,-2.4,0.0
Sapporo,2016-01-30,snowy,-1.6,-0.8,-3.1,28.2
Sapporo,2016-01-31,snowy,-3.1,-1.9,-4.4,17.13
Sapporo,2016-02-01,sunny,-1.4,5.3,-6.6,0.0
Sapporo,2016-02-02,cloudy,-2.0,-1.4,-3.7,0.0
Sapporo,2016-02-03,sunny,-2.9,2.4,-6.3,0.0
Sapporo,2016-02-04,sunny,-2.4,2.8,-3.5,0.0
Sapporo,2016-02-05,sunny,-2.0,2.2,-4.2,0.0
Sapporo,2016-02-06,sunny,-3.3,0.1,-7.2,0.0
Sapporo,2016-02-07,sunny,-1.9,2.3,-3.9,0.0
Sapporo,2016-02-08,snowy,-1.7,-1.0,-2.8,26.8
Sapporo,2016-02-09,sunny,-2.2,1.7,-4.2,0.0
Sapporo,2016-02-10,snowy,-5.3,-4.3,-6.6,11.3
Sapporo,2016-02-11,snowy,-4.8,-4.8,-5.4,20.67
Sapporo,2016-02-12,sunny,-3.3,1.0,-5.9,0.0
Sapporo,2016-02-13,snowy,-4.5,-3.2,-6.1,20.12
Sapporo,2016-02-14,cloudy,-2.8,-0.4,-5.8,0.0
Sapporo,2016-02-15,snowy,-5.1,-4.0,-7.3,10.97
Sapporo,2016-02-16,snowy,-1.8,-1.2,-3.4,8.39
Sapporo,2016-02-17,snowy,-4.6,-2.1,-6.6,24.65
Sapporo,2016-02-18,snowy,-4.7,-4.7,-5.8,17.27
Sapporo,2016-02-19,sunny,-1.2,4.9,-2.9,0.0
Sapporo,2016-02-20,cloudy,-1.7,0.0,-4.1,0.0
Sapporo,2016-02-21,sunny,-1.8,3.1,-4.2,0.0
Sapporo,2016-02-22,sunny,-2.6,2.8,-5.0,0.0
Sapporo,2016-02-23,sunny,-0.9,4.3,-2.6,0.0
Sapporo,2016-02-24,sunny,-0.1,4.6,-3.8,0.0
Sapporo,2016-02-25,snowy,-2.0,-0.7,-2.4,21.95
Sapporo,2016-02-26,sunny,-1.3,2.8,-5.3,0.0
Sapporo,2016-02-27,sunny,-1.4,2.8,-3.4,0.0
Sapporo,2016-02-28,cloudy,-0.2,3.8,-1.9,0.0
Sapporo,2016-02-29,sunny,-0.9,3.8,-1.8,0.0
Sapporo,2016-03-01,cloudy,-0.2,0.8,-1.8,0.0
Sapporo,2016-03-02,sunny,-0.8,3.4,-2.9,0.0
Sapporo,2016-03-03,sunny,1.1,5.1,-2.8,0.0
Sapporo,2016-03-04,sunny,1.6,5.0,-1.2,0.0
Sapporo,2016-03-05,sunny,-0.5,3.5,-4.5,0.0
Sapporo,2016-03-06,cloudy,0.1,2.2,-1.6,0.0
Sapporo,2016-03-07,sunny,0.1,3.9,-2.4,0.0
Sapporo,2016-03-08,rainy,1.6,3.2,0.9,32.41
Sapporo,2016-03-09,snowy,-0.3,-0.0,-0.8,17.79
Sapporo,2016-03-10,sunny,1.7,6.3,-0.4,0.0
Sapporo,2016-03-11,sunny,0.6,6.9,-3.3,0.0
Sapporo,2016-03-12,cloudy,0.2,2.8,-2.4,0.0
Sapporo,2016-03-13,snowy,-2.5,-1.9,-3.7,13.59
Sapporo,2016-03-14,snowy,-1.4,0.1,-2.2,13.81
Sapporo,2016-03-15,cloudy,1.5,3.4,-0.4,0.0
Sapporo,2016-03-16,sunny,1.6,6.0,-2.8,0.0
Sapporo,2016-03-17,sunny,0.0,5.3,-1.9,0.0
Sapporo,2016-03-18,sunny,0.7,6.1,-3.2,0.0
Sapporo,2016-03-19,sunny,2.7,8.5,-0.4,0.0
Sapporo,2016-03-20,sunny,2.6,8.2,-0.2,0.0
Sapporo,2016-03-21,sunny,1.0,6.2,-2.3,0.0
Sapporo,2016-03-22,sunny,1.9,8.1,-1.5,0.0
Sapporo,2016-03-23,sunny,2.3,7.1,-0.7,0.0
Sapporo,2016-03-24,sunny,1.6,6.2,-2.1,0.0
Sapporo,2016-03-25,sunny,1.9,7.2,-0.3,0.0
Sapporo,2016-03-26,sunny,3.4,9.1,1.4,0.0
Sapporo,2016-03-27,rainy,3.6,3.7,2.5,24.95
Sapporo,2016-03-28,rainy,4.0,5.1,1.6,13.98
Sapporo,2016-03-29,rainy,3.8,5.0,3.3,18.95
Sapporo,2016-03-30,sunny,4.3,9.8,2.1,0.0
Sapporo,2016-03-31,sunny,3.3,9.0,2.0,0.0
Sapporo,2016-04-01,rainy,3.9,5.1,3.7,19.87
Sapporo,2016-04-02,rainy,0.7,3.0,-0.9,18.78
Sapporo,2016-04-03,sunny,3.6,8.8,0.8,0.0
Sapporo,2016-04-04,sunny,3.5,8.7,1.6,0.0
Sapporo,2016-04-05,sunny,4.2,10.4,2.8,0.0
Sapporo,2016-04-06,cloudy,3.0,5.8,1.1,0.0
Sapporo,2016-04-07,sunny,5.4,10.5,3.7,0.0
Sapporo,2016-04-08,sunny,7.6,11.6,4.5,0.0
Sapporo,2016-04-09,sunny,5.6,9.6,4.4,0.0
Sapporo,2016-04-10,sunny,5.1,9.3,-0.3,0.0
Sapporo,2016-04-11,sunny,5.2,9.4,0.7,0.0
Sapporo,2016-04-12,sunny,6.7,11.5,4.1,0.0
Sapporo,2016-04-13,sunny,8.6,15.0,6.2,0.0
Sapporo,2016-04-14,rainy,6.6,7.9,5.4,21.41
Sapporo,2016-04-15,sunny,6.5,12.9,3.6,0.0
Sapporo,2016-04-16,sunny,6.5,13.3,2.5,0.0
Sapporo,2016-04-17,sunny,7.6,13.7,4.7,0.0
Sapporo,2016-04-18,sunny,6.0,8.9,3.9,0.0
Sapporo,2016-04-19,sunny,5.3,10.7,2.7,0.0
Sapporo,2016-04-20,sunny,7.0,12.8,2.9,0.0
Sapporo,2016-04-21,cloudy,7.8,9.7,5.3,0.0
Sapporo,2016-04-22,sunny,7.7,12.8,4.8,0.0
Sapporo,2016-04-23,rainy,6.3,6.4,5.7,24.04
Sapporo,2016-04-24,rainy,6.1,7.5,5.1,20.41
Sapporo,2016-04-25,rainy,6.2,7.1,4.1,12.42
Sapporo,2016-04-26,rainy,8.7,11.0,7.4,13.95
Sapporo,2016-04-27,sunny,8.1,15.2,4.9,0.0
Sapporo,2016-04-28,sunny,9.4,15.0,5.4,0.0
Sapporo,2016-04-29,sunny,9.9,15.2,6.0,0.0
Sapporo,2016-04-30,rainy,10.1,11.8,9.2,31.47
Sapporo,2016-05-01,rainy,10.4,10.6,6.9,5.56
Sapporo,2016-05-02,rainy,9.6,11.6,8.0,24.92
Sapporo,2016-05-03,sunny,10.1,16.2,6.6,0.0
Sapporo,2016-05-04,rainy,9.6,9.7,7.4,22.3
Sapporo,2016-05-05,rainy,10.1,12.4,9.4,14.55
Sapporo,2016-05-06,rainy,11.4,12.2,9.6,18.47
Sapporo,2016-05-07,rainy,9.9,11.3,9.8,29.28
Sapporo,2016-05-08,rainy,11.1,11.6,8.1,14.48
Sapporo,2016-05-09,cloudy,15.3,17.4,13.1,0.0
Sapporo,2016-05-10,cloudy,13.8,16.4,13.1,0.0
Sapporo,2016-05-11,cloudy,14.4,17.2,13.1,0.0
Sapporo,2016-05-12,sunny,13.3,16.4,9.2,0.0
Sapporo,2016-05-13,sunny,13.1,19.7,11.4,0.0
Sapporo,2016-05-14,sunny,13.2,19.2,10.4,0.0
Sapporo,2016-05-15,cloudy,14.8,15.6,13.1,0.0
Sapporo,2016-05-16,sunny,13.0,18.6,7.1,0.0
Sapporo,2016-05-17,sunny,14.0,18.8,11.0,0.0
Sapporo,2016-05-18,sunny,14.3,17.6,9.9,0.0
Sapporo,2016-05-19,sunny,14.2,21.9,10.7,0.0
Sapporo,2016-05-20,cloudy,16.9,20.7,14.1,0.0
Sapporo,2016-05-21,sunny,16.2,21.1,12.6,0.0
Sapporo,2016-05-22,sunny,15.9,20.0,12.2,0.0
Sapporo,2016-05-23,rainy,15.3,16.7,14.4,33.24
Sapporo,2016-05-24,sunny,13.9,18.9,11.3,0.0
Sapporo,2016-05-25,sunny,17.6,23.2,14.0,0.0
Sapporo,2016-05-26,sunny,17.2,21.5,13.5,0.0
Sapporo,2016-05-27,sunny,17.1,23.5,14.4,0.0
Sapporo,2016-05-28,sunny,17.2,22.4,13.3,0.0
Sapporo,2016-05-29,sunny,17.1,21.8,14.9,0.0
Sapporo,2016-05-30,sunny,18.5,22.4,16.1,0.0
Sapporo,2016-05-31,sunny,17.5,23.4,14.8,0.0
Sapporo,2016-06-01,sunny,19.9,24.1,16.8,0.0
Sapporo,2016-06-02,sunny,17.9,23.0,15.5,0.0
Sapporo,2016-06-03,sunny,18.4,24.8,16.3,0.0
Sapporo,2016-06-04,sunny,18.7,24.4,14.8,0.0
Sapporo,2016-06-05,sunny,19.7,26.3,15.9,0.0
Sapporo,2016-06-06,sunny,19.7,27.0,15.7,0.0
Sapporo,2016-06-07,sunny,19.9,25.2,16.9,0.0
Sapporo,2016-06-08,sunny,19.0,24.9,17.5,0.0
Sapporo,2016-06-09,sunny,20.3,25.1,18.1,0.0
Sapporo,2016-06-10,sunny,20.4,24.5,17.0,0.0
Sapporo,2016-06-11,sunny,21.1,26.6,19.3,0.0
Sapporo,2016-06-12,sunny,20.3,26.9,17.1,0.0
Sapporo,2016-06-13,sunny,22.1,27.9,19.4,0.0
Sapporo,2016-06-14,sunny,19.2,23.5,18.0,0.0
Sapporo,2016-06-15,sunny,20.4,26.8,18.1,0.0
Sapporo,2016-06-16,sunny,20.9,24.7,16.9,0.0
Sapporo,2016-06-17,rainy,21.8,23.8,21.5,18.16
Sapporo,2016-06-18,sunny,22.1,26.9,19.5,0.0
Sapporo,2016-06-19,cloudy,21.4,24.2,18.6,0.0
Sapporo,2016-06-20,sunny,23.2,28.4,20.4,0.0
Sapporo,2016-06-21,rainy,18.3,20.5,17.4,31.82
Sapporo,2016-06-22,rainy,17.5,18.1,17.0,7.6
Sapporo,2016-06-23,rainy,20.9,21.8,20.9,11.82
Sapporo,2016-06-24,rainy,20.4,20.5,19.9,21.58
Sapporo,2016-06-25,sunny,21.6,28.0,17.5,0.0
Sapporo,2016-06-26,rainy,21.2,21.7,20.7,14.83
Sapporo,2016-06-27,sunny,24.5,28.5,19.8,0.0
Sapporo,2016-06-28,sunny,24.9,31.5,21.4,0.0
Sapporo,2016-06-29,sunny,22.3,28.5,19.4,0.0
Sapporo,2016-06-30,sunny,21.0,26.3,17.4,0.0
Sapporo,2016-07-01,sunny,22.7,29.2,21.0,0.0
Sapporo,2016-07-02,sunny,23.7,29.0,21.9,0.0
Sapporo,2016-07-03,sunny,23.9,29.4,20.9,0.0
Sapporo,2016-07-04,cloudy,23.0,24.0,21.1,0.0
Sapporo,2016-07-05,sunny,22.2,27.1,16.4,0.0
Sapporo,2016-07-06,sunny,21.8,26.4,18.1,0.0
Sapporo,2016-07-07,sunny,22.9,27.6,19.7,0.0
Sapporo,2016-07-08,sunny,23.5,30.0,20.5,0.0
Sapporo,2016-07-09,sunny,25.4,31.5,22.6,0.0
Sapporo,2016-07-10,sunny,23.4,29.4,21.1,0.0
Sapporo,2016-07-11,sunny,25.6,30.4,23.7,0.0
Sapporo,2016-07-12,sunny,23.2,29.7,20.2,0.0
Sapporo,2016-07-13,sunny,25.6,31.0,22.9,0.0
Sapporo,2016-07-14,sunny,24.0,28.8,20.0,0.0
Sapporo,2016-07-15,cloudy,26.1,28.2,23.7,0.0
Sapporo,2016-07-16,rainy,22.8,23.2,20.6,24.49
Sapporo,2016-07-17,sunny,24.6,30.6,21.1,0.0
Sapporo,2016-07-18,sunny,25.0,30.6,18.4,0.0
Sapporo,2016-07-19,rainy,23.5,24.8,22.9,26.62
Sapporo,2016-07-20,sunny,24.2,29.0,22.1,0.0
Sapporo,2016-07-21,sunny,26.1,32.0,22.8,0.0
Sapporo,2016-07-22,sunny,25.3,29.9,21.3,0.0
Sapporo,2016-07-23,sunny,26.8,32.3,24.6,0.0
Sapporo,2016-07-24,sunny,27.1,30.3,21.9,0.0
Sapporo,2016-07-25,sunny,24.9,31.3,20.1,0.0
Sapporo,2016-07-26,rainy,25.6,25.8,24.0,26.23
Sapporo,2016-07-27,sunny,26.5,32.0,22.9,0.0
Sapporo,2016-07-28,sunny,25.9,32.0,23.3,0.0
Sapporo,2016-07-29,sunny,25.2,31.4,22.8,0.0
Sapporo,2016-07-30,sunny,26.9,31.5,25.0,0.0
Sapporo,2016-07-31,sunny,26.3,31.6,23.5,0.0
Sapporo,2016-08-01,sunny,25.0,28.2,21.9,0.0
Sapporo,2016-08-02,sunny,25.6,29.4,22.4,0.0
Sapporo,2016-08-03,sunny,26.6,32.3,24.3,0.0
Sapporo,2016-08-04,sunny,25.3,30.2,22.2,0.0
Sapporo,2016-08-05,sunny,27.5,31.0,23.7,0.0
Sapporo,2016-08-06,sunny,26.9,30.9,24.0,0.0
Sapporo,2016-08-07,sunny,26.4,31.0,23.3,0.0
Sapporo,2016-08-08,rainy,23.9,25.0,23.4,11.83
Sapporo,2016-08-09,rainy,22.2,23.1,21.5,10.09
Sapporo,2016-08-10,rainy,21.3,22.8,20.7,13.71
Sapporo,2016-08-11,rainy,24.4,25.2,22.4,13.28
Sapporo,2016-08-12,rainy,25.4,26.4,25.4,17.39
Sapporo,2016-08-13,rainy,23.4,26.2,21.9,34.15
Sapporo,2016-08-14,sunny,25.7,30.9,21.7,0.0
Sapporo,2016-08-15,sunny,27.2,31.8,23.6,0.0
Sapporo,2016-08-16,sunny,25.8,31.4,23.3,0.0
Sapporo,2016-08-17,sunny,27.3,32.9,23.0,0.0
Sapporo,2016-08-18,sunny,25.9,30.2,23.6,0.0
Sapporo,2016-08-19,sunny,26.4,31.7,21.3,0.0
Sapporo,2016-08-20,sunny,25.6,30.6,23.8,0.0
Sapporo,2016-08-21,sunny,25.8,30.7,22.6,0.0
Sapporo,2016-08-22,sunny,25.0,30.4,21.9,0.0
Sapporo,2016-08-23,sunny,23.6,27.3,19.7,0.0
Sapporo,2016-08-24,sunny,22.4,26.6,17.8,0.0
Sapporo,2016-08-25,sunny,25.1,30.8,22.6,0.0
Sapporo,2016-08-26,sunny,26.0,31.6,22.9,0.0
Sapporo,2016-08-27,cloudy,25.2,25.3,22.5,0.0
Sapporo,2016-08-28,sunny,25.2,28.4,22.5,0.0
Sapporo,2016-08-29,sunny,25.0,28.1,24.1,0.0
Sapporo,2016-08-30,sunny,24.5,28.4,19.9,0.0
Sapporo,2016-08-31,sunny,25.5,31.6,22.7,0.0
Sapporo,2016-09-01,sunny,25.4,30.7,22.7,0.0
Sapporo,2016-09-02,sunny,23.9,28.2,21.3,0.0
Sapporo,2016-09-03,sunny,24.6,29.2,21.0,0.0
Sapporo,2016-09-04,sunny,24.6,30.0,21.3,0.0
Sapporo,2016-09-05,sunny,25.3,31.0,22.0,0.0
Sapporo,2016-09-06,sunny,25.0,29.2,20.9,0.0
Sapporo,2016-09-07,sunny,22.7,27.5,21.2,0.0
Sapporo,2016-09-08,sunny,23.3,26.6,20.6,0.0
Sapporo,2016-09-09,sunny,24.3,28.0,20.8,0.0
Sapporo,2016-09-10,sunny,21.2,25.4,18.2,0.0
Sapporo,2016-09-11,sunny,22.0,27.7,20.8,0.0
Sapporo,2016-09-12,sunny,21.5,27.5,19.8,0.0
Sapporo,2016-09-13,sunny,23.2,28.0,19.5,0.0
Sapporo,2016-09-14,sunny,23.2,27.9,20.9,0.0
Sapporo,2016-09-15,sunny,23.8,27.3,21.2,0.0
Sapporo,2016-09-16,sunny,22.5,28.5,19.3,0.0
Sapporo,2016-09-17,sunny,21.8,27.6,20.0,0.0
Sapporo,2016-09-18,sunny,22.2,26.7,17.8,0.0
Sapporo,2016-09-19,sunny,21.1,27.3,16.5,0.0
Sapporo,2016-09-20,sunny,21.5,23.6,18.8,0.0
Sapporo,2016-09-21,sunny,22.9,27.8,18.5,0.0
Sapporo,2016-09-22,sunny,21.1,26.2,16.5,0.0
Sapporo,2016-09-23,sunny,21.4,25.5,18.1,0.0
Sapporo,2016-09-24,sunny,20.7,25.0,17.1,0.0
Sapporo,2016-09-25,cloudy,20.6,21.1,18.0,0.0
Sapporo,2016-09-26,sunny,20.3,25.9,18.3,0.0
Sapporo,2016-09-27,sunny,21.6,26.8,18.7,0.0
Sapporo,2016-09-28,sunny,19.0,24.1,17.1,0.0
Sapporo,2016-09-29,sunny,21.3,27.1,19.8,0.0
Sapporo,2016-09-30,sunny,21.4,24.7,18.3,0.0
Sapporo,2016-10-01,sunny,19.7,23.2,15.7,0.0
Sapporo,2016-10-02,rainy,18.8,19.3,17.5,29.47
Sapporo,2016-10-03,rainy,19.6,22.2,17.0,32.89
Sapporo,2016-10-04,sunny,19.6,23.1,14.2,0.0
Sapporo,2016-10-05,sunny,20.6,24.2,15.1,0.0
Sapporo,2016-10-06,sunny,18.7,25.2,14.6,0.0
Sapporo,2016-10-07,sunny,19.2,22.5,16.3,0.0
Sapporo,2016-10-08,sunny,17.6,23.0,14.3,0.0
Sapporo,2016-10-09,sunny,17.8,22.5,15.3,0.0
Sapporo,2016-10-10,sunny,16.4,21.6,12.6,0.0
Sapporo,2016-10-11,sunny,15.0,20.1,12.2,0.0
Sapporo,2016-10-12,sunny,18.3,23.1,14.5,0.0
Sapporo,2016-10-13,cloudy,17.2,18.9,15.0,0.0
Sapporo,2016-10-14,sunny,16.7,22.1,12.6,0.0
Sapporo,2016-10-15,sunny,16.9,20.3,14.9,0.0
Sapporo,2016-10-16,sunny,16.9,21.1,14.0,0.0
Sapporo,2016-10-17,cloudy,17.5,18.9,16.1,0.0
Sapporo,2016-10-18,sunny,15.8,20.4,12.3,0.0
Sapporo,2016-10-19,sunny,17.6,21.9,15.2,0.0
Sapporo,2016-10-20,rainy,14.1,14.4,13.4,24.78
Sapporo,2016-10-21,sunny,14.4,18.1,9.5,0.0
Sapporo,2016-10-22,sunny,14.2,18.8,9.6,0.0
Sapporo,2016-10-23,sunny,15.1,19.6,12.8,0.0
Sapporo,2016-10-24,sunny,14.9,19.7,10.9,0.0
Sapporo,2016-10-25,sunny,14.9,21.2,13.9,0.0
Sapporo,2016-10-26,rainy,15.2,16.5,15.1,21.84
Sapporo,2016-10-27,sunny,13.7,18.4,10.3,0.0
Sapporo,2016-10-28,sunny,14.3,17.6,12.5,0.0
Sapporo,2016-10-29,sunny,15.1,19.6,13.5,0.0
Sapporo,2016-10-30,sunny,14.0,19.4,10.0,0.0
Sapporo,2016-10-31,rainy,13.7,14.8,12.5,19.58
Sapporo,2016-11-01,rainy,13.1,14.7,13.1,15.78
Sapporo,2016-11-02,sunny,12.4,18.1,11.0,0.0
Sapporo,2016-11-03,sunny,11.5,15.8,7.7,0.0
Sapporo,2016-11-04,sunny,10.1,15.1,7.1,0.0
Sapporo,2016-11-05,sunny,10.4,14.5,8.6,0.0
Sapporo,2016-11-06,sunny,10.9,15.0,7.9,0.0
Sapporo,2016-11-07,cloudy,10.7,11.8,8.7,0.0
Sapporo,2016-11-08,sunny,11.5,16.5,9.1,0.0
Sapporo,2016-11-09,sunny,12.8,19.0,9.9,0.0
Sapporo,2016-11-10,rainy,9.3,9.5,8.7,18.23
Sapporo,2016-11-11,rainy,10.3,10.5,9.0,23.26
Sapporo,2016-11-12,rainy,9.1,9.4,7.9,16.85
Sapporo,2016-11-13,sunny,12.1,16.8,9.8,0.0
Sapporo,2016-11-14,sunny,11.5,17.2,8.5,0.0
Sapporo,2016-11-15,sunny,10.3,13.0,5.9,0.0
Sapporo,2016-11-16,sunny,8.3,12.7,5.0,0.0
Sapporo,2016-11-17,sunny,9.5,14.0,6.2,0.0
Sapporo,2016-11-18,rainy,10.2,10.8,8.7,17.58
Sapporo,2016-11-19,rainy,10.8,12.0,10.1,14.54
Sapporo,2016-11-20,rainy,7.5,7.8,7.3,20.28
Sapporo,2016-11-21,rainy,5.2,5.8,4.7,37.41
Sapporo,2016-11-22,sunny,6.0,13.0,2.1,0.0
Sapporo,2016-11-23,sunny,7.1,11.1,2.3,0.0
Sapporo,2016-11-24,sunny,7.8,12.2,4.6,0.0
Sapporo,2016-11-25,cloudy,6.5,7.9,5.8,0.0
Sapporo,2016-11-26,sunny,6.9,12.8,3.0,0.0
Sapporo,2016-11-27,sunny,6.1,11.6,2.7,0.0
Sapporo,2016-11-28,sunny,6.6,12.7,6.0,0.0
Sapporo,2016-11-29,rainy,7.0,8.2,5.7,9.9
Sapporo,2016-11-30,sunny,5.3,9.0,3.6,0.0
Sapporo,2016-12-01,cloudy,6.6,9.9,4.6,0.0
Sapporo,2016-12-02,sunny,4.7,11.1,0.6,0.0
Sapporo,2016-12-03,sunny,7.4,13.4,4.8,0.0
Sapporo,2016-12-04,sunny,4.1,9.2,2.3,0.0
Sapporo,2016-12-05,sunny,3.7,9.5,1.3,0.0
Sapporo,2016-12-06,sunny,5.8,11.6,2.0,0.0
Sapporo,2016-12-07,sunny,5.3,10.0,0.7,0.0
Sapporo,2016-12-08,sunny,4.6,7.5,0.5,0.0
Sapporo,2016-12-09,sunny,3.9,8.0,-0.4,0.0
Sapporo,2016-12-10,sunny,4.0,9.2,0.6,0.0
Sapporo,2016-12-11,sunny,2.2,6.9,-1.1,0.0
Sapporo,2016-12-12,sunny,3.9,7.7,2.3,0.0
Sapporo,2016-12-13,sunny,5.7,12.7,3.5,0.0
Sapporo,2016-12-14,sunny,5.0,9.9,4.7,0.0
Sapporo,2016-12-15,sunny,3.2,6.2,1.7,0.0
Sapporo,2016-12-16,cloudy,1.9,2.7,0.2,0.0
Sapporo,2016-12-17,sunny,2.8,7.9,-0.1,0.0
Sapporo,2016-12-18,rainy,0.4,0.8,0.3,21.84
Sapporo,2016-12-19,sunny,2.9,6.5,1.2,0.0
Sapporo,2016-12-20,sunny,2.4,8.1,-1.1,0.0
Sapporo,2016-12-21,rainy,1.1,2.2,0.2,7.55
Sapporo,2016-12-22,rainy,0.7,2.9,-0.3,17.7
Sapporo,2016-12-23,sunny,0.1,5.4,-2.1,0.0
Sapporo,2016-12-24,cloudy,2.6,4.9,0.7,0.0
Sapporo,2016-12-25,sunny,2.6,9.3,-1.4,0.0
Sapporo,2016-12-26,sunny,1.4,5.6,-2.4,0.0
Sapporo,2016-12-27,sunny,0.8,6.5,-3.1,0.0
Sapporo,2016-12-28,sunny,-1.0,3.8,-6.4,0.0
Sapporo,2016-12-29,sunny,-0.9,6.1,-6.6,0.0
Sapporo,2016-12-30,sunny,0.3,5.3,-2.1,0.0
Sapporo,2016-12-31,sunny,-1.3,3.7,-4.7,0.0
Sapporo,2017-01-01,snowy,-0.1,0.9,-0.3,19.47
Sapporo,2017-01-02,snowy,-2.6,-1.7,-5.6,10.24
Sapporo,2017-01-03,snowy,-2.6,-0.6,-2.8,12.08
Sapporo,2017-01-04,sunny,0.2,4.9,-1.6,0.0
Sapporo,2017-01-05,sunny,1.2,6.1,-1.4,0.0
Sapporo,2017-01-06,snowy,-1.1,1.3,-1.9,10.39
Sapporo,2017-01-07,snowy,-2.7,-0.9,-3.4,35.7
Sapporo,2017-01-08,snowy,-2.4,-0.8,-2.6,11.97
Sapporo,2017-01-09,rainy,0.8,2.6,0.4,33.7
Sapporo,2017-01-10,snowy,-0.5,2.0,-0.6,12.42
Sapporo,2017-01-11,snowy,-3.2,-0.8,-5.5,14.43
Sapporo,2017-01-12,sunny,0.8,6.5,-2.7,0.0
Sapporo,2017-01-13,sunny,-0.0,4.7,-4.4,0.0
Sapporo,2017-01-14,sunny,-0.5,3.5,-4.0,0.0
Sapporo,2017-01-15,snowy,-2.5,-1.1,-5.3,13.76
Sapporo,2017-01-16,sunny,-2.3,4.2,-4.7,0.0
Sapporo,2017-01-17,sunny,-1.7,2.3,-3.5,0.0
Sapporo,2017-01-18,sunny,-2.2,2.4,-5.7,0.0
Sapporo,2017-01-19,sunny,-1.9,3.1,-5.8,0.0
Sapporo,2017-01-20,cloudy,-3.3,-0.4,-5.6,0.0
Sapporo,2017-01-21,sunny,-1.8,3.5,-5.7,0.0
Sapporo,2017-01-22,snowy,-1.5,0.1,-3.0,20.72
Sapporo,2017-01-23,snowy,-4.5,-2.5,-7.4,21.86
Sapporo,2017-01-24,snowy,-1.0,0.2,-1.2,30.03
Sapporo,2017-01-25,snowy,-4.6,-3.6,-5.2,18.05
Sapporo,2017-01-26,sunny,-1.8,2.8,-4.0,0.0
Sapporo,2017-01-27,snowy,-3.7,-2.6,-6.1,28.4
Sapporo,2017-01-28,snowy,-1.6,0.5,-3.8,26.99
Sapporo,2017-01-29,cloudy,-2.2,-1.0,-4.6,0.0
Sapporo,2017-01-30,sunny,-2.6,2.5,-4.0,0.0
Sapporo,2017-01-31,cloudy,-1.2,0.2,-3.5,0.0
Sapporo,2017-02-01,sunny,-1.9,2.0,-4.2,0.0
Sapporo,2017-02-02,sunny,-2.1,3.8,-4.8,0.0
Sapporo,2017-02-03,sunny,-1.8,2.3,-5.0,0.0
Sapporo,2017-02-04,snowy,-4.4,-3.4,-4.5,29.08
Sapporo,2017-02-05,sunny,-3.9,1.9,-6.8,0.0
Sapporo,2017-02-06,sunny,-4.2,1.3,-6.7,0.0
Sapporo,2017-02-07,sunny,-4.6,-0.1,-9.3,0.0
Sapporo,2017-02-08,sunny,-2.3,2.4,-4.9,0.0
Sapporo,2017-02-09,sunny,-1.6,3.8,-4.7,0.0
Sapporo,2017-02-10,sunny,-2.5,3.3,-6.9,0.0
Sapporo,2017-02-11,sunny,-2.9,1.6,-6.3,0.0
Sapporo,2017-02-12,snowy,-3.3,-1.7,-3.9,23.24
Sapporo,2017-02-13,snowy,-2.4,-1.2,-4.1,12.51
Sapporo,2017-02-14,snowy,-3.1,-2.8,-3.4,24.03
Sapporo,2017-02-15,sunny,-2.2,2.8,-5.3,0.0
Sapporo,2017-02-16,sunny,-3.5,2.4,-6.8,0.0
Sapporo,2017-02-17,cloudy,-3.3,-0.0,-4.1,0.0
Sapporo,2017-02-18,cloudy,-0.7,3.0,-3.1,0.0
Sapporo,2017-02-19,snowy,-2.7,-2.5,-4.6,13.41
Sapporo,2017-02-20,snowy,-1.9,-0.5,-4.8,13.09
Sapporo,2017-02-21,sunny,-2.3,3.2,-6.1,0.0
Sapporo,2017-02-22,snowy,-2.4,-1.3,-5.0,19.59
Sapporo,2017-02-23,snowy,-2.8,-1.1,-3.1,17.5
Sapporo,2017-02-24,snowy,-3.7,-2.8,-3.8,26.56
Sapporo,2017-02-25,snowy,-3.0,-1.5,-3.4,21.36
Sapporo,2017-02-26,snowy,-1.6,-0.1,-2.8,9.1
Sapporo,2017-02-27,sunny,-1.4,2.0,-3.3,0.0
Sapporo,2017-02-28,sunny,-0.6,5.1,-2.1,0.0
Sapporo,2017-03-01,sunny,0.1,5.6,-2.9,0.0
Sapporo,2017-03-02,cloudy,-0.7,1.7,-3.5,0.0
Sapporo,2017-03-03,sunny,0.3,5.2,-3.4,0.0
Sapporo,2017-03-04,sunny,-1.9,3.6,-4.9,0.0
Sapporo,2017-03-05,sunny,-0.8,5.0,-3.2,0.0
Sapporo,2017-03-06,snowy,-1.5,2.0,-3.5,18.29
Sapporo,2017-03-07,sunny,-1.2,3.6,-3.6,0.0
Sapporo,2017-03-08,cloudy,0.5,2.5,-2.1,0.0
Sapporo,2017-03-09,sunny,-0.9,5.8,-4.6,0.0
Sapporo,2017-03-10,sunny,1.0,6.0,-1.2,0.0
Sapporo,2017-03-11,rainy,0.3,1.9,-0.3,40.28
Sapporo,2017-03-12,rainy,1.1,1.4,-1.2,12.45
Sapporo,2017-03-13,rainy,0.7,1.7,-1.1,15.39
Sapporo,2017-03-14,sunny,1.2,6.2,-1.9,0.0
Sapporo,2017-03-15,sunny,2.0,7.2,0.0,0.0
Sapporo,2017-03-16,sunny,0.6,6.0,-0.6,0.0
Sapporo,2017-03-17,snowy,-1.9,-0.2,-3.9,14.23
Sapporo,2017-03-18,sunny,0.6,6.9,-2.0,0.0
Sapporo,2017-03-19,sunny,1.4,6.0,-2.3,0.0
Sapporo,2017-03-20,sunny,1.1,5.6,-3.4,0.0
Sapporo,2017-03-21,cloudy,0.4,3.5,-2.3,0.0
Sapporo,2017-03-22,sunny,3.2,7.1,1.1,0.0
Sapporo,2017-03-23,sunny,2.7,7.0,-0.1,0.0
Sapporo,2017-03-24,rainy,2.9,4.1,1.7,33.29
Sapporo,2017-03-25,rainy,0.9,1.6,0.2,25.79
Sapporo,2017-03-26,sunny,3.6,8.3,-0.2,0.0
Sapporo,2017-03-27,sunny,3.0,8.0,-1.5,0.0
Sapporo,2017-03-28,cloudy,3.0,4.4,-0.4,0.0
Sapporo,2017-03-29,rainy,4.4,5.6,3.2,10.33
Sapporo,2017-03-30,cloudy,4.9,6.8,2.6,0.0
Sapporo,2017-03-31,rainy,2.0,2.6,0.8,49.67
Sapporo,2017-04-01,sunny,5.3,10.5,0.2,0.0
Sapporo,2017-04-02,sunny,2.9,7.4,-0.9,0.0
Sapporo,2017-04-03,cloudy,3.9,5.3,1.5,0.0
Sapporo,2017-04-04,cloudy,5.8,6.4,3.4,0.0
Sapporo,2017-04-05,sunny,4.6,8.8,2.9,0.0
Sapporo,2017-04-06,sunny,5.3,10.8,3.1,0.0
Sapporo,2017-04-07,sunny,6.1,9.5,3.4,0.0
Sapporo,2017-04-08,rainy,5.6,5.9,4.4,11.17
Sapporo,2017-04-09,sunny,5.9,10.0,2.9,0.0
Sapporo,2017-04-10,sunny,6.1,8.5,2.9,0.0
Sapporo,2017-04-11,sunny,6.4,11.4,2.3,0.0
Sapporo,2017-04-12,cloudy,4.8,7.4,3.4,0.0
Sapporo,2017-04-13,rainy,3.9,5.6,3.3,13.97
Sapporo,2017-04-14,sunny,6.8,12.6,3.6,0.0
Sapporo,2017-04-15,cloudy,7.5,8.8,5.3,0.0
Sapporo,2017-04-16,rainy,5.2,6.6,4.5,18.73
Sapporo,2017-04-17,sunny,5.3,9.5,4.0,0.0
Sapporo,2017-04-18,sunny,7.8,13.1,5.7,0.0
Sapporo,2017-04-19,cloudy,6.5,8.1,3.3,0.0
Sapporo,2017-04-20,sunny,8.3,13.7,5.3,0.0
Sapporo,2017-04-21,sunny,8.3,12.4,4.4,0.0
Sapporo,2017-04-22,rainy,7.5,8.6,6.9,20.97
Sapporo,2017-04-23,sunny,8.6,12.8,5.4,0.0
Sapporo,2017-04-24,sunny,6.7,13.1,3.5,0.0
Sapporo,2017-04-25,cloudy,7.8,9.4,4.0,0.0
Sapporo,2017-04-26,sunny,10.1,15.3,7.3,0.0
Sapporo,2017-04-27,sunny,8.7,15.6,7.0,0.0
Sapporo,2017-04-28,rainy,9.2,9.6,6.2,14.91
Sapporo,2017-04-29,sunny,10.7,15.3,7.0,0.0
Sapporo,2017-04-30,sunny,10.2,15.6,6.5,0.0
Sapporo,2017-05-01,rainy,7.5,8.8,6.0,12.47
Sapporo,2017-05-02,rainy,9.7,9.7,8.4,25.58
Sapporo,2017-05-03,sunny,10.9,15.7,7.0,0.0
Sapporo,2017-05-04,sunny,10.4,15.8,8.2,0.0
Sapporo,2017-05-05,sunny,11.4,17.4,9.1,0.0
Sapporo,2017-05-06,sunny,11.0,16.1,8.5,0.0
Sapporo,2017-05-07,cloudy,10.3,13.5,9.7,0.0
Sapporo,2017-05-08,sunny,11.9,17.4,10.4,0.0
Sapporo,2017-05-09,sunny,12.3,18.6,9.9,0.0
Sapporo,2017-05-10,sunny,14.2,20.0,9.5,0.0
Sapporo,2017-05-11,sunny,11.9,18.0,9.0,0.0
Sapporo,2017-05-12,cloudy,12.5,15.8,12.1,0.0
Sapporo,2017-05-13,sunny,12.4,16.9,11.7,0.0
Sapporo,2017-05-14,cloudy,14.8,15.9,11.6,0.0
Sapporo,2017-05-15,sunny,14.5,19.5,12.6,0.0
Sapporo,2017-05-16,cloudy,15.3,18.7,11.6,0.0
Sapporo,2017-05-17,sunny,13.6,19.0,11.4,0.0
Sapporo,2017-05-18,rainy,12.9,14.3,12.2,16.33
Sapporo,2017-05-19,sunny,16.1,20.3,13.0,0.0
Sapporo,2017-05-20,rainy,15.1,15.4,14.2,17.34
Sapporo,2017-05-21,sunny,17.0,22.7,11.3,0.0
Sapporo,2017-05-22,sunny,14.9,19.1,12.3,0.0
Sapporo,2017-05-23,sunny,15.5,19.6,12.5,0.0
Sapporo,2017-05-24,rainy,13.9,13.9,13.3,13.38
Sapporo,2017-05-25,rainy,13.8,14.5,13.0,9.34
Sapporo,2017-05-26,rainy,14.8,15.2,14.1,21.44
Sapporo,2017-05-27,sunny,19.4,23.2,15.9,0.0
Sapporo,2017-05-28,sunny,16.6,22.2,15.9,0.0
Sapporo,2017-05-29,sunny,16.5,21.2,13.5,0.0
Sapporo,2017-05-30,sunny,18.2,24.9,15.3,0.0
Sapporo,2017-05-31,sunny,17.4,23.1,14.6,0.0
Sapporo,2017-06-01,sunny,15.6,21.6,13.5,0.0
Sapporo,2017-06-02,sunny,20.9,24.7,15.8,0.0
Sapporo,2017-06-03,rainy,17.0,19.7,16.6,23.52
Sapporo,2017-06-04,sunny,18.4,24.5,14.3,0.0
Sapporo,2017-06-05,sunny,19.5,24.4,15.9,0.0
Sapporo,2017-06-06,sunny,20.5,25.6,17.6,0.0
Sapporo,2017-06-07,sunny,21.1,27.5,19.1,0.0
Sapporo,2017-06-08,sunny,20.5,25.4,19.4,0.0
Sapporo,2017-06-09,sunny,19.9,25.1,16.8,0.0
Sapporo,2017-06-10,sunny,18.2,21.9,12.4,0.0
Sapporo,2017-06-11,sunny,19.7,22.8,15.3,0.0
Sapporo,2017-06-12,sunny,21.0,26.8,19.3,0.0
Sapporo,2017-06-13,sunny,22.8,29.3,20.8,0.0
Sapporo,2017-06-14,sunny,19.3,24.8,16.0,0.0
Sapporo,2017-06-15,sunny,20.2,25.0,16.1,0.0
Sapporo,2017-06-16,sunny,20.9,26.0,16.6,0.0
Sapporo,2017-06-17,sunny,20.1,25.7,16.4,0.0
Sapporo,2017-06-18,sunny,21.0,27.1,17.7,0.0
Sapporo,2017-06-19,sunny,20.7,23.9,19.5,0.0
Sapporo,2017-06-20,sunny,20.7,25.5,16.5,0.0
Sapporo,2017-06-21,sunny,20.0,26.0,18.1,0.0
Sapporo,2017-06-22,sunny,17.8,23.6,15.2,0.0
Sapporo,2017-06-23,sunny,21.4,26.9,19.8,0.0
Sapporo,2017-06-24,cloudy,20.8,23.4,18.3,0.0
Sapporo,2017-06-25,sunny,22.5,27.5,18.9,0.0
Sapporo,2017-06-26,sunny,23.4,29.3,19.0,0.0
Sapporo,2017-06-27,sunny,22.4,25.6,20.4,0.0
Sapporo,2017-06-28,sunny,22.6,29.2,20.7,0.0
Sapporo,2017-06-29,rainy,20.2,21.2,19.4,5.48
Sapporo,2017-06-30,sunny,23.3,29.1,21.6,0.0
Sapporo,2017-07-01,sunny,22.8,29.3,20.0,0.0
Sapporo,2017-07-02,sunny,23.0,29.1,19.9,0.0
Sapporo,2017-07-03,sunny,24.2,30.3,20.4,0.0
Sapporo,2017-07-04,sunny,23.1,26.5,20.8,0.0
Sapporo,2017-07-05,sunny,25.4,30.0,21.0,0.0
Sapporo,2017-07-06,sunny,24.5,29.5,22.7,0.0
Sapporo,2017-07-07,sunny,24.4,30.3,22.1,0.0
Sapporo,2017-07-08,sunny,24.9,28.8,21.2,0.0
Sapporo,2017-07-09,sunny,25.0,30.0,21.4,0.0
Sapporo,2017-07-10,sunny,23.6,28.6,21.0,0.0
Sapporo,2017-07-11,sunny,24.5,29.5,22.1,0.0
Sapporo,2017-07-12,sunny,24.5,28.8,21.3,0.0
Sapporo,2017-07-13,sunny,25.3,31.1,24.4,0.0
Sapporo,2017-07-14,sunny,24.0,28.8,20.2,0.0
Sapporo,2017-07-15,sunny,25.1,29.9,23.8,0.0
Sapporo,2017-07-16,sunny,25.9,30.9,23.6,0.0
Sapporo,2017-07-17,sunny,25.3,32.1,21.1,0.0
Sapporo,2017-07-18,sunny,27.0,31.7,24.4,0.0
Sapporo,2017-07-19,cloudy,25.8,27.0,24.1,0.0
Sapporo,2017-07-20,sunny,25.9,31.2,20.7,0.0
Sapporo,2017-07-21,sunny,23.5,27.4,22.3,0.0
Sapporo,2017-07-22,sunny,26.0,32.2,23.3,0.0
Sapporo,2017-07-23,sunny,25.4,29.6,23.5,0.0
Sapporo,2017-07-24,sunny,24.8,30.0,21.9,0.0
Sapporo,2017-07-25,sunny,23.8,28.6,20.3,0.0
Sapporo,2017-07-26,sunny,25.5,30.3,20.5,0.0
Sapporo,2017-07-27,sunny,25.1,32.2,21.3,0.0
Sapporo,2017-07-28,cloudy,24.3,25.8,22.6,0.0
Sapporo,2017-07-29,sunny,22.9,29.7,19.9,0.0
Sapporo,2017-07-30,sunny,25.8,30.7,21.1,0.0
Sapporo,2017-07-31,sunny,27.0,33.0,24.6,0.0
Sapporo,2017-08-01,sunny,26.4,30.9,23.1,0.0
Sapporo,2017-08-02,sunny,25.8,29.7,22.9,0.0
Sapporo,2017-08-03,sunny,26.7,31.2,23.5,0.0
Sapporo,2017-08-04,sunny,27.3,33.3,23.4,0.0
Sapporo,2017-08-05,sunny,25.0,29.1,22.2,0.0
Sapporo,2017-08-06,sunny,26.3,31.5,24.2,0.0
Sapporo,2017-08-07,sunny,24.4,31.3,22.3,0.0
Sapporo,2017-08-08,sunny,26.0,30.5,23.7,0.0
Sapporo,2017-08-09,sunny,25.6,31.0,22.2,0.0
Sapporo,2017-08-10,rainy,23.5,24.3,23.1,33.92
Sapporo,2017-08-11,sunny,25.7,29.6,22.8,0.0
Sapporo,2017-08-12,sunny,24.0,28.6,21.7,0.0
Sapporo,2017-08-13,sunny,25.3,31.3,23.3,0.0
Sapporo,2017-08-14,sunny,24.0,28.2,23.6,0.0
Sapporo,2017-08-15,sunny,25.1,30.5,20.8,0.0
Sapporo,2017-08-16,sunny,26.0,31.4,23.4,0.0
Sapporo,2017-08-17,rainy,25.1,25.2,24.5,8.73
Sapporo,2017-08-18,sunny,25.1,28.9,21.8,0.0
Sapporo,2017-08-19,sunny,25.2,29.1,21.4,0.0
Sapporo,2017-08-20,sunny,27.1,31.8,25.1,0.0
Sapporo,2017-08-21,sunny,25.4,30.3,22.4,0.0
Sapporo,2017-08-22,sunny,25.0,30.3,20.7,0.0
Sapporo,2017-08-23,sunny,25.9,29.9,23.1,0.0
Sapporo,2017-08-24,sunny,25.5,30.8,21.5,0.0
Sapporo,2017-08-25,sunny,26.1,29.8,23.7,0.0
Sapporo,2017-08-26,sunny,23.2,27.4,20.4,0.0
Sapporo,2017-08-27,sunny,24.3,30.0,21.9,0.0
Sapporo,2017-08-28,sunny,24.6,29.7,21.0,0.0
Sapporo,2017-08-29,sunny,23.1,26.6,20.7,0.0
Sapporo,2017-08-30,sunny,23.8,26.8,22.8,0.0
Sapporo,2017-08-31,sunny,25.1,30.9,24.2,0.0
Sapporo,2017-09-01,cloudy,24.1,25.1,22.8,0.0
Sapporo,2017-09-02,sunny,26.0,32.7,22.7,0.0
Sapporo,2017-09-03,sunny,24.0,27.8,20.2,0.0
Sapporo,2017-09-04,sunny,23.3,29.7,21.5,0.0
Sapporo,2017-09-05,sunny,22.6,25.6,21.2,0.0
Sapporo,2017-09-06,sunny,23.4,29.6,20.3,0.0
Sapporo,2017-09-07,sunny,21.7,25.5,20.6,0.0
Sapporo,2017-09-08,sunny,23.6,26.9,20.8,0.0
Sapporo,2017-09-09,sunny,23.3,29.1,19.4,0.0
Sapporo,2017-09-10,sunny,23.4,28.2,20.3,0.0
Sapporo,2017-09-11,sunny,23.9,30.0,23.4,0.0
Sapporo,2017-09-12,sunny,23.3,29.5,20.7,0.0
Sapporo,2017-09-13,sunny,21.3,26.0,19.9,0.0
Sapporo,2017-09-14,sunny,23.4,29.4,20.9,0.0
Sapporo,2017-09-15,sunny,22.8,26.4,18.7,0.0
Sapporo,2017-09-16,sunny,21.9,28.3,18.2,0.0
Sapporo,2017-09-17,sunny,22.1,26.9,18.5,0.0
Sapporo,2017-09-18,sunny,23.6,29.5,21.1,0.0
Sapporo,2017-09-19,sunny,21.3,25.1,18.5,0.0
Sapporo,2017-09-20,sunny,19.8,25.0,16.7,0.0
Sapporo,2017-09-21,sunny,22.7,27.9,19.5,0.0
Sapporo,2017-09-22,sunny,22.0,28.6,19.3,0.0
Sapporo,2017-09-23,cloudy,20.8,23.3,18.1,0.0
Sapporo,2017-09-24,sunny,22.5,29.0,20.6,0.0
Sapporo,2017-09-25,cloudy,21.1,23.4,17.4,0.0
Sapporo,2017-09-26,sunny,21.2,25.9,18.5,0.0
Sapporo,2017-09-27,sunny,21.0,26.4,19.3,0.0
Sapporo,2017-09-28,sunny,22.4,26.7,18.7,0.0
Sapporo,2017-09-29,sunny,22.8,28.5,21.3,0.0
Sapporo,2017-09-30,sunny,19.7,25.5,16.9,0.0
Sapporo,2017-10-01,sunny,19.7,24.2,16.1,0.0
Sapporo,2017-10-02,sunny,21.1,25.6,18.6,0.0
Sapporo,2017-10-03,sunny,20.7,24.1,17.9,0.0
Sapporo,2017-10-04,sunny,20.4,24.6,17.5,0.0
Sapporo,2017-10-05,rainy,17.7,19.0,17.7,7.49
Sapporo,2017-10-06,sunny,18.3,22.3,16.4,0.0
Sapporo,2017-10-07,sunny,18.5,23.1,15.6,0.0
Sapporo,2017-10-08,sunny,19.2,24.2,15.4,0.0
Sapporo,2017-10-09,sunny,18.4,23.5,14.3,0.0
Sapporo,2017-10-10,rainy,17.0,17.2,16.6,23.17
Sapporo,2017-10-11,rainy,16.2,18.5,15.5,9.96
Sapporo,2017-10-12,rainy,16.7,18.8,16.3,28.58
Sapporo,2017-10-13,sunny,18.0,23.7,14.4,0.0
Sapporo,2017-10-14,sunny,16.4,22.9,14.8,0.0
Sapporo,2017-10-15,sunny,17.1,21.8,13.1,0.0
Sapporo,2017-10-16,sunny,18.4,23.9,15.7,0.0
Sapporo,2017-10-17,cloudy,17.6,20.7,14.5,0.0
Sapporo,2017-10-18,sunny,15.6,21.3,12.0,0.0
Sapporo,2017-10-19,sunny,15.9,20.6,14.1,0.0
Sapporo,2017-10-20,rainy,14.1,14.4,12.4,16.65
Sapporo,2017-10-21,rainy,14.9,17.9,14.8,17.38
Sapporo,2017-10-22,sunny,15.2,19.4,12.4,0.0
Sapporo,2017-10-23,sunny,14.8,20.0,10.7,0.0
Sapporo,2017-10-24,sunny,12.4,18.4,10.9,0.0
Sapporo,2017-10-25,sunny,15.2,20.4,12.3,0.0
Sapporo,2017-10-26,sunny,14.2,20.2,11.5,0.0
Sapporo,2017-10-27,sunny,13.7,17.4,11.1,0.0
Sapporo,2017-10-28,sunny,13.6,19.2,9.0,0.0
Sapporo,2017-10-29,sunny,14.4,19.1,11.1,0.0
Sapporo,2017-10-30,sunny,13.7,17.5,11.6,0.0
Sapporo,2017-10-31,sunny,12.4,19.6,8.9,0.0
Sapporo,2017-11-01,sunny,11.9,17.8,9.1,0.0
Sapporo,2017-11-02,sunny,12.8,17.4,9.2,0.0
Sapporo,2017-11-03,sunny,13.2,17.6,10.0,0.0
Sapporo,2017-11-04,sunny,11.7,16.4,9.1,0.0
Sapporo,2017-11-05,sunny,10.6,15.4,8.3,0.0
Sapporo,2017-11-06,sunny,12.8,17.3,9.1,0.0
Sapporo,2017-11-07,sunny,11.8,17.4,8.7,0.0
Sapporo,2017-11-08,rainy,8.6,9.0,5.1,10.26
Sapporo,2017-11-09,rainy,9.4,9.7,8.5,11.99
Sapporo,2017-11-10,sunny,11.3,17.3,10.6,0.0
Sapporo,2017-11-11,cloudy,10.2,12.4,9.0,0.0
Sapporo,2017-11-12,sunny,11.1,15.6,7.2,0.0
Sapporo,2017-11-13,sunny,11.4,16.5,7.9,0.0
Sapporo,2017-11-14,cloudy,9.2,11.1,6.8,0.0
Sapporo,2017-11-15,cloudy,11.2,13.3,10.0,0.0
Sapporo,2017-11-16,sunny,10.1,14.9,6.8,0.0
Sapporo,2017-11-17,sunny,10.8,16.1,7.5,0.0
Sapporo,2017-11-18,rainy,7.7,9.5,6.3,14.5
Sapporo,2017-11-19,sunny,10.4,13.6,6.5,0.0
Sapporo,2017-11-20,sunny,7.5,11.1,4.8,0.0
Sapporo,2017-11-21,rainy,7.1,7.2,6.0,18.94
Sapporo,2017-11-22,rainy,6.7,8.0,5.0,26.17
Sapporo,2017-11-23,sunny,8.2,12.6,6.8,0.0
Sapporo,2017-11-24,sunny,7.7,12.9,4.6,0.0
Sapporo,2017-11-25,cloudy,7.4,8.0,6.8,0.0
Sapporo,2017-11-26,rainy,3.9,5.1,1.7,25.84
Sapporo,2017-11-27,rainy,4.5,5.8,2.3,7.34
Sapporo,2017-11-28,sunny,7.4,12.4,4.5,0.0
Sapporo,2017-11-29,rainy,6.2,8.0,5.9,14.74
Sapporo,2017-11-30,rainy,4.4,7.2,3.9,19.94
Sapporo,2017-12-01,cloudy,5.8,7.7,5.7,0.0
Sapporo,2017-12-02,sunny,5.1,11.4,3.6,0.0
Sapporo,2017-12-03,rainy,6.8,9.6,5.3,13.0
Sapporo,2017-12-04,rainy,4.5,6.2,3.4,18.67
Sapporo,2017-12-05,rainy,6.4,6.4,4.8,23.64
Sapporo,2017-12-06,sunny,3.9,8.2,0.9,0.0
Sapporo,2017-12-07,sunny,6.1,9.7,3.5,0.0
Sapporo,2017-12-08,rainy,3.7,5.2,3.7,32.65
Sapporo,2017-12-09,rainy,3.8,5.8,3.0,14.61
Sapporo,2017-12-10,rainy,2.8,5.4,2.2,18.18
Sapporo,2017-12-11,sunny,3.8,10.1,2.5,0.0
Sapporo,2017-12-12,sunny,4.8,11.3,2.0,0.0
Sapporo,2017-12-13,sunny,3.8,9.5,-0.3,0.0
Sapporo,2017-12-14,sunny,2.3,8.1,-1.2,0.0
Sapporo,2017-12-15,rainy,2.4,3.4,1.0,16.34
Sapporo,2017-12-16,snowy,-1.4,1.0,-2.1,16.59
Sapporo,2017-12-17,sunny,2.0,5.6,-1.9,0.0
Sapporo,2017-12-18,sunny,3.4,8.7,-0.3,0.0
Sapporo,2017-12-19,rainy,1.8,2.4,-1.0,19.69
Sapporo,2017-12-20,sunny,1.4,5.8,-1.8,0.0
Sapporo,2017-12-21,sunny,2.0,7.0,-0.2,0.0
Sapporo,2017-12-22,sunny,2.0,5.5,-1.1,0.0
Sapporo,2017-12-23,rainy,1.2,2.5,1.1,13.86
Sapporo,2017-12-24,cloudy,1.4,3.4,-0.2,0.0
Sapporo,2017-12-25,sunny,1.6,5.9,-0.8,0.0
Sapporo,2017-12-26,cloudy,1.0,2.8,-1.3,0.0
Sapporo,2017-12-27,cloudy,-0.5,0.0,-2.0,0.0
Sapporo,2017-12-28,sunny,1.3,5.2,-2.4,0.0
Sapporo,2017-12-29,sunny,1.7,7.2,-0.4,0.0
Sapporo,2017-12-30,sunny,1.6,7.8,-0.5,0.0
Sapporo,2017-12-31,sunny,0.8,5.9,-3.5,0.0
Sapporo,2018-01-01,sunny,1.4,7.5,0.0,0.0
Sapporo,2018-01-02,cloudy,-0.4,1.2,-3.3,0.0
Sapporo,2018-01-03,rainy,0.5,2.8,-2.1,22.9
Sapporo,2018-01-04,sunny,-0.2,4.8,-5.7,0.0
Sapporo,2018-01-05,cloudy,0.7,3.0,-2.8,0.0
Sapporo,2018-01-06,sunny,0.6,6.8,-1.5,0.0
Sapporo,2018-01-07,sunny,0.2,4.0,-4.7,0.0
Sapporo,2018-01-08,sunny,-1.3,4.4,-2.4,0.0
Sapporo,2018-01-09,snowy,-3.6,-1.0,-5.0,18.5
Sapporo,2018-01-10,sunny,-2.1,5.6,-5.4,0.0
Sapporo,2018-01-11,sunny,0.2,6.3,-1.0,0.0
Sapporo,2018-01-12,cloudy,-0.0,1.2,-2.9,0.0
Sapporo,2018-01-13,snowy,-1.8,-1.2,-2.2,27.63
Sapporo,2018-01-14,sunny,-0.4,4.7,-3.7,0.0
Sapporo,2018-01-15,cloudy,-0.2,0.8,-2.0,0.0
Sapporo,2018-01-16,sunny,0.1,4.0,-3.2,0.0
Sapporo,2018-01-17,snowy,-1.2,0.5,-2.3,18.51
Sapporo,2018-01-18,snowy,-0.7,0.7,-2.3,15.53
Sapporo,2018-01-19,sunny,0.2,6.9,-2.8,0.0
Sapporo,2018-01-20,sunny,-0.7,3.5,-3.7,0.0
Sapporo,2018-01-21,cloudy,-0.4,1.9,-2.6,0.0
Sapporo,2018-01-22,sunny,-1.6,5.5,-4.2,0.0
Sapporo,2018-01-23,sunny,-1.8,1.4,-4.3,0.0
Sapporo,2018-01-24,sunny,-1.9,2.5,-4.3,0.0
Sapporo,2018-01-25,sunny,-0.9,4.2,-4.1,0.0
Sapporo,2018-01-26,cloudy,-1.0,0.5,-3.5,0.0
Sapporo,2018-01-27,sunny,-1.4,3.3,-3.9,0.0
Sapporo,2018-01-28,sunny,-2.6,4.3,-3.2,0.0
Sapporo,2018-01-29,sunny,-2.2,5.1,-4.8,0.0
Sapporo,2018-01-30,snowy,-3.3,-2.4,-5.4,9.59
Sapporo,2018-01-31,sunny,-2.0,3.6,-4.8,0.0
Sapporo,2018-02-01,sunny,-1.5,4.3,-3.0,0.0
Sapporo,2018-02-02,snowy,-4.0,-2.9,-5.3,14.86
Sapporo,2018-02-03,sunny,-2.3,2.9,-5.4,0.0
Sapporo,2018-02-04,snowy,-1.5,-0.5,-2.7,21.23
Sapporo,2018-02-05,snowy,-3.1,-0.9,-5.0,5.92
Sapporo,2018-02-06,snowy,-2.4,-2.1,-3.0,49.76
Sapporo,2018-02-07,snowy,-3.1,-1.0,-4.7,21.6
Sapporo,2018-02-08,snowy,-3.3,-2.2,-6.8,14.29
Sapporo,2018-02-09,snowy,-3.5,-1.5,-6.3,34.6
Sapporo,2018-02-10,snowy,-3.1,-1.2,-3.7,12.8
Sapporo,2018-02-11,cloudy,-0.9,1.1,-1.1,0.0
Sapporo,2018-02-12,sunny,-1.2,4.9,-5.9,0.0
Sapporo,2018-02-13,sunny,-0.1,3.9,-4.1,0.0
Sapporo,2018-02-14,sunny,-1.3,3.9,-3.7,0.0
Sapporo,2018-02-15,sunny,-1.4,4.8,-5.2,0.0
Sapporo,2018-02-16,sunny,-2.1,4.1,-7.2,0.0
Sapporo,2018-02-17,sunny,-1.4,3.8,-3.0,0.0
Sapporo,2018-02-18,cloudy,-1.2,0.8,-2.9,0.0
Sapporo,2018-02-19,sunny,-1.8,2.4,-6.0,0.0
Sapporo,2018-02-20,sunny,-0.6,5.7,-3.8,0.0
Sapporo,2018-02-21,sunny,-0.4,3.4,-2.4,0.0
Sapporo,2018-02-22,sunny,-1.6,3.4,-5.3,0.0
Sapporo,2018-02-23,cloudy,-1.5,0.6,-4.8,0.0
Sapporo,2018-02-24,sunny,-1.4,3.4,-3.9,0.0
Sapporo,2018-02-25,sunny,-3.1,1.4,-5.9,0.0
Sapporo,2018-02-26,snowy,-2.0,-1.9,-4.1,10.47
Sapporo,2018-02-27,cloudy,-1.4,0.6,-3.6,0.0
Sapporo,2018-02-28,sunny,-0.7,4.7,-3.0,0.0
Sapporo,2018-03-01,cloudy,-0.5,3.0,-3.4,0.0
Sapporo,2018-03-02,sunny,-0.5,4.2,-5.3,0.0
Sapporo,2018-03-03,sunny,-1.9,2.7,-6.4,0.0
Sapporo,2018-03-04,sunny,0.8,5.4,-2.4,0.0
Sapporo,2018-03-05,cloudy,-1.2,1.3,-4.5,0.0
Sapporo,2018-03-06,sunny,0.7,4.8,-1.1,0.0
Sapporo,2018-03-07,sunny,0.1,4.9,-0.6,0.0
Sapporo,2018-03-08,sunny,-0.1,7.7,-2.4,0.0
Sapporo,2018-03-09,sunny,-0.4,4.0,-2.8,0.0
Sapporo,2018-03-10,sunny,0.7,6.8,-4.5,0.0
Sapporo,2018-03-11,sunny,1.2,7.0,-1.6,0.0
Sapporo,2018-03-12,sunny,1.6,7.4,-0.6,0.0
Sapporo,2018-03-13,sunny,-0.4,3.6,-4.6,0.0
Sapporo,2018-03-14,cloudy,2.8,5.5,1.1,0.0
Sapporo,2018-03-15,sunny,0.7,6.4,-0.6,0.0
Sapporo,2018-03-16,snowy,-0.2,2.0,-2.0,20.08
Sapporo,2018-03-17,cloudy,-0.0,1.4,-3.0,0.0
Sapporo,2018-03-18,sunny,-0.6,4.6,-4.3,0.0
Sapporo,2018-03-19,sunny,-0.4,6.5,-1.6,0.0
Sapporo,2018-03-20,sunny,0.5,4.6,-2.4,0.0
Sapporo,2018-03-21,sunny,1.0,8.0,-1.6,0.0
Sapporo,2018-03-22,sunny,2.2,7.1,-0.1,0.0
Sapporo,2018-03-23,sunny,1.8,7.6,-2.1,0.0
Sapporo,2018-03-24,sunny,1.8,7.9,0.1,0.0
Sapporo,2018-03-25,cloudy,1.4,5.0,0.1,0.0
Sapporo,2018-03-26,sunny,1.2,5.2,1.1,0.0
Sapporo,2018-03-27,sunny,1.6,7.2,-1.1,0.0
Sapporo,2018-03-28,sunny,2.4,8.6,-0.8,0.0
Sapporo,2018-03-29,sunny,3.7,9.3,-1.2,0.0
Sapporo,2018-03-30,sunny,2.4,6.1,0.6,0.0
Sapporo,2018-03-31,sunny,2.3,7.6,0.2,0.0
Sapporo,2018-04-01,sunny,3.7,8.3,0.7,0.0
Sapporo,2018-04-02,sunny,3.9,10.3,1.5,0.0
Sapporo,2018-04-03,sunny,4.0,7.0,0.7,0.0
Sapporo,2018-04-04,sunny,4.7,9.9,-0.2,0.0
Sapporo,2018-04-05,rainy,4.4,5.2,3.9,14.51
Sapporo,2018-04-06,rainy,3.2,3.6,3.1,11.63
Sapporo,2018-04-07,sunny,4.1,8.9,0.2,0.0
Sapporo,2018-04-08,sunny,6.2,8.6,3.4,0.0
Sapporo,2018-04-09,sunny,4.7,9.0,3.3,0.0
Sapporo,2018-04-10,sunny,6.5,12.4,4.8,0.0
Sapporo,2018-04-11,sunny,6.7,10.7,4.2,0.0
Sapporo,2018-04-12,sunny,5.2,9.7,1.5,0.0
Sapporo,2018-04-13,sunny,6.3,11.3,4.0,0.0
Sapporo,2018-04-14,sunny,6.1,10.4,1.7,0.0
Sapporo,2018-04-15,sunny,6.8,11.5,3.1,0.0
Sapporo,2018-04-16,cloudy,5.6,7.9,4.0,0.0
Sapporo,2018-04-17,sunny,6.9,10.5,5.2,0.0
Sapporo,2018-04-18,cloudy,6.7,9.3,4.8,0.0
Sapporo,2018-04-19,rainy,8.2,9.3,6.4,17.87
Sapporo,2018-04-20,rainy,4.9,5.5,3.8,6.86
Sapporo,2018-04-21,rainy,5.5,6.5,5.5,16.51
Sapporo,2018-04-22,rainy,4.6,4.6,4.5,17.63
Sapporo,2018-04-23,rainy,6.1,7.1,6.1,15.95
Sapporo,2018-04-24,sunny,7.0,11.3,3.7,0.0
Sapporo,2018-04-25,sunny,9.6,15.1,5.8,0.0
Sapporo,2018-04-26,rainy,9.9,10.9,8.5,10.99
Sapporo,2018-04-27,sunny,9.8,13.7,9.4,0.0
Sapporo,2018-04-28,sunny,9.6,13.7,6.4,0.0
Sapporo,2018-04-29,cloudy,10.5,14.5,8.7,0.0
Sapporo,2018-04-30,sunny,10.0,14.8,6.7,0.0
Sapporo,2018-05-01,sunny,10.2,16.5,6.6,0.0
Sapporo,2018-05-02,sunny,11.2,16.2,8.8,0.0
Sapporo,2018-05-03,sunny,9.9,14.8,5.9,0.0
Sapporo,2018-05-04,cloudy,9.5,11.3,7.4,0.0
Sapporo,2018-05-05,sunny,13.2,17.8,10.4,0.0
Sapporo,2018-05-06,sunny,10.4,14.5,5.7,0.0
Sapporo,2018-05-07,sunny,13.1,19.1,9.0,0.0
Sapporo,2018-05-08,cloudy,13.4,15.5,10.5,0.0
Sapporo,2018-05-09,rainy,12.6,13.8,11.6,25.45
Sapporo,2018-05-10,sunny,12.7,17.4,10.3,0.0
Sapporo,2018-05-11,sunny,12.1,16.9,9.0,0.0
Sapporo,2018-05-12,sunny,14.8,21.0,12.6,0.0
Sapporo,2018-05-13,sunny,12.5,18.8,12.1,0.0
Sapporo,2018-05-14,sunny,14.6,19.3,11.4,0.0
Sapporo,2018-05-15,sunny,14.0,18.5,11.6,0.0
Sapporo,2018-05-16,sunny,12.8,17.7,8.6,0.0
Sapporo,2018-05-17,sunny,14.2,19.2,10.0,0.0
Sapporo,2018-05-18,sunny,13.9,20.0,10.8,0.0
Sapporo,2018-05-19,rainy,14.0,15.0,11.6,21.76
Sapporo,2018-05-20,rainy,14.6,15.0,14.1,8.6
Sapporo,2018-05-21,sunny,16.0,23.2,11.8,0.0
Sapporo,2018-05-22,rainy,15.1,17.6,13.1,16.79
Sapporo,2018-05-23,rainy,15.4,15.5,14.7,29.05
Sapporo,2018-05-24,rainy,14.8,15.2,13.3,20.66
Sapporo,2018-05-25,sunny,15.5,20.7,13.3,0.0
Sapporo,2018-05-26,sunny,14.7,19.6,10.1,0.0
Sapporo,2018-05-27,sunny,14.9,19.2,13.3,0.0
Sapporo,2018-05-28,sunny,16.6,21.5,14.6,0.0
Sapporo,2018-05-29,sunny,16.6,22.9,13.7,0.0
Sapporo,2018-05-30,sunny,17.4,23.4,15.1,0.0
Sapporo,2018-05-31,sunny,17.2,21.5,14.6,0.0
Sapporo,2018-06-01,sunny,17.8,23.3,14.7,0.0
Sapporo,2018-06-02,sunny,17.2,22.6,14.0,0.0
Sapporo,2018-06-03,sunny,18.0,21.5,14.2,0.0
Sapporo,2018-06-04,sunny,18.2,23.3,15.8,0.0
Sapporo,2018-06-05,sunny,18.2,23.1,15.5,0.0
Sapporo,2018-06-06,sunny,17.6,22.9,12.2,0.0
Sapporo,2018-06-07,rainy,16.3,17.4,16.2,12.17
Sapporo,2018-06-08,sunny,20.0,25.2,17.1,0.0
Sapporo,2018-06-09,rainy,17.4,18.0,16.6,19.13
Sapporo,2018-06-10,sunny,19.6,25.1,17.5,0.0
Sapporo,2018-06-11,sunny,19.1,23.3,17.8,0.0
Sapporo,2018-06-12,rainy,19.5,20.7,18.8,18.95
Sapporo,2018-06-13,sunny,20.5,26.1,17.9,0.0
Sapporo,2018-06-14,sunny,20.1,25.6,17.9,0.0
Sapporo,2018-06-15,cloudy,21.1,22.7,18.7,0.0
Sapporo,2018-06-16,sunny,21.8,27.2,16.5,0.0
Sapporo,2018-06-17,rainy,17.1,19.4,16.0,15.44
Sapporo,2018-06-18,rainy,19.9,20.0,19.6,38.23
Sapporo,2018-06-19,rainy,20.7,21.2,19.7,12.12
Sapporo,2018-06-20,rainy,19.6,21.2,18.3,24.25
Sapporo,2018-06-21,rainy,18.4,19.4,17.1,12.44
Sapporo,2018-06-22,sunny,22.2,27.9,18.8,0.0
Sapporo,2018-06-23,sunny,21.3,26.9,18.4,0.0
Sapporo,2018-06-24,sunny,23.2,27.8,19.7,0.0
Sapporo,2018-06-25,rainy,20.4,21.2,20.4,22.15
Sapporo,2018-06-26,rainy,20.2,21.7,19.8,14.99
Sapporo,2018-06-27,rainy,21.4,23.2,19.3,19.3
Sapporo,2018-06-28,rainy,20.8,21.3,18.7,27.22
Sapporo,2018-06-29,sunny,22.0,27.4,17.6,0.0
Sapporo,2018-06-30,sunny,22.3,26.3,20.3,0.0
Sapporo,2018-07-01,sunny,24.7,29.0,21.5,0.0
Sapporo,2018-07-02,sunny,23.5,28.1,19.7,0.0
Sapporo,2018-07-03,sunny,24.2,29.2,21.0,0.0
Sapporo,2018-07-04,rainy,24.2,25.0,23.4,13.77
Sapporo,2018-07-05,sunny,24.3,29.6,20.9,0.0
Sapporo,2018-07-06,sunny,23.7,29.0,18.4,0.0
Sapporo,2018-07-07,sunny,24.9,29.8,20.8,0.0
Sapporo,2018-07-08,sunny,25.0,29.3,22.1,0.0
Sapporo,2018-07-09,sunny,23.3,27.1,19.2,0.0
Sapporo,2018-07-10,sunny,25.1,27.9,21.1,0.0
Sapporo,2018-07-11,sunny,21.7,25.7,18.0,0.0
Sapporo,2018-07-12,sunny,24.8,29.8,22.6,0.0
Sapporo,2018-07-13,sunny,27.1,30.8,24.2,0.0
Sapporo,2018-07-14,sunny,23.9,29.3,20.1,0.0
Sapporo,2018-07-15,sunny,24.2,29.1,21.4,0.0
Sapporo,2018-07-16,sunny,25.5,31.5,22.9,0.0
Sapporo,2018-07-17,sunny,25.7,32.5,22.5,0.0
Sapporo,2018-07-18,sunny,23.6,27.6,20.5,0.0
Sapporo,2018-07-19,sunny,24.7,29.1,22.1,0.0
Sapporo,2018-07-20,cloudy,25.6,28.6,23.1,0.0
Sapporo,2018-07-21,sunny,25.2,29.8,22.6,0.0
Sapporo,2018-07-22,sunny,25.4,29.5,23.3,0.0
Sapporo,2018-07-23,cloudy,25.1,27.7,22.6,0.0
Sapporo,2018-07-24,sunny,26.3,29.6,23.1,0.0
Sapporo,2018-07-25,sunny,26.2,30.4,22.4,0.0
Sapporo,2018-07-26,sunny,23.7,29.0,21.0,0.0
Sapporo,2018-07-27,sunny,26.0,30.8,20.7,0.0
Sapporo,2018-07-28,sunny,26.8,30.8,23.9,0.0
Sapporo,2018-07-29,sunny,26.2,31.4,22.7,0.0
Sapporo,2018-07-30,sunny,25.7,31.2,24.4,0.0
Sapporo,2018-07-31,cloudy,24.2,26.5,21.9,0.0
Sapporo,2018-08-01,sunny,24.9,30.8,21.3,0.0
Sapporo,2018-08-02,sunny,25.5,30.7,22.6,0.0
Sapporo,2018-08-03,sunny,27.0,33.8,25.1,0.0
Sapporo,2018-08-04,cloudy,24.4,26.7,23.7,0.0
Sapporo,2018-08-05,sunny,24.5,31.3,20.5,0.0
Sapporo,2018-08-06,sunny,24.6,28.7,22.1,0.0
Sapporo,2018-08-07,sunny,26.0,31.9,24.0,0.0
Sapporo,2018-08-08,sunny,25.6,30.6,22.9,0.0
Sapporo,2018-08-09,sunny,26.3,30.6,21.2,0.0
Sapporo,2018-08-10,sunny,26.7,32.4,24.0,0.0
Sapporo,2018-08-11,sunny,26.9,30.9,23.7,0.0
Sapporo,2018-08-12,sunny,25.7,31.7,21.7,0.0
Sapporo,2018-08-13,sunny,26.1,31.0,22.6,0.0
Sapporo,2018-08-14,sunny,24.0,28.7,22.6,0.0
Sapporo,2018-08-15,sunny,25.4,30.5,24.4,0.0
Sapporo,2018-08-16,sunny,25.4,30.1,23.0,0.0
Sapporo,2018-08-17,sunny,25.2,31.6,19.5,0.0
Sapporo,2018-08-18,sunny,27.4,32.9,24.6,0.0
Sapporo,2018-08-19,sunny,26.9,32.2,24.1,0.0
Sapporo,2018-08-20,sunny,24.7,29.9,22.2,0.0
Sapporo,2018-08-21,sunny,25.6,31.1,22.2,0.0
Sapporo,2018-08-22,sunny,23.0,26.8,19.4,0.0
Sapporo,2018-08-23,sunny,22.7,27.8,22.2,0.0
Sapporo,2018-08-24,sunny,24.5,29.1,21.8,0.0
Sapporo,2018-08-25,sunny,24.7,30.0,21.4,0.0
Sapporo,2018-08-26,sunny,24.8,30.3,22.0,0.0
Sapporo,2018-08-27,sunny,24.7,28.9,22.0,0.0
Sapporo,2018-08-28,sunny,24.8,31.3,19.7,0.0
Sapporo,2018-08-29,sunny,23.9,29.0,20.7,0.0
Sapporo,2018-08-30,sunny,24.1,30.2,21.8,0.0
Sapporo,2018-08-31,sunny,24.8,30.9,20.9,0.0
Sapporo,2018-09-01,sunny,24.9,28.6,22.4,0.0
Sapporo,2018-09-02,sunny,26.1,31.3,22.6,0.0
Sapporo,2018-09-03,sunny,25.4,29.0,20.3,0.0
Sapporo,2018-09-04,sunny,24.6,29.3,21.2,0.0
Sapporo,2018-09-05,sunny,24.3,29.6,20.8,0.0
Sapporo,2018-09-06,sunny,22.8,27.9,18.2,0.0
Sapporo,2018-09-07,sunny,24.7,31.3,22.0,0.0
Sapporo,2018-09-08,sunny,23.4,28.4,18.9,0.0
Sapporo,2018-09-09,sunny,25.3,31.5,21.5,0.0
Sapporo,2018-09-10,sunny,24.3,28.8,22.6,0.0
Sapporo,2018-09-11,sunny,23.5,29.3,22.1,0.0
Sapporo,2018-09-12,sunny,24.3,29.8,22.7,0.0
Sapporo,2018-09-13,sunny,23.5,29.8,21.1,0.0
Sapporo,2018-09-14,sunny,22.4,26.5,17.7,0.0
Sapporo,2018-09-15,sunny,23.0,28.9,18.5,0.0
Sapporo,2018-09-16,sunny,23.6,28.8,21.2,0.0
Sapporo,2018-09-17,sunny,21.5,26.5,21.1,0.0
Sapporo,2018-09-18,sunny,22.8,29.3,19.3,0.0
Sapporo,2018-09-19,sunny,22.0,24.8,19.4,0.0
Sapporo,2018-09-20,rainy,20.5,22.5,17.0,16.16
Sapporo,2018-09-21,cloudy,22.3,24.1,19.9,0.0
Sapporo,2018-09-22,cloudy,20.6,23.9,19.2,0.0
Sapporo,2018-09-23,sunny,19.6,24.0,15.9,0.0
Sapporo,2018-09-24,sunny,22.2,26.6,19.9,0.0
Sapporo,2018-09-25,sunny,22.3,27.0,19.7,0.0
Sapporo,2018-09-26,sunny,24.3,28.5,21.6,0.0
Sapporo,2018-09-27,rainy,19.3,20.6,18.9,33.78
Sapporo,2018-09-28,sunny,19.6,24.2,16.5,0.0
Sapporo,2018-09-29,sunny,20.5,25.2,16.8,0.0
Sapporo,2018-09-30,sunny,19.0,25.1,15.4,0.0
Sapporo,2018-10-01,rainy,18.7,20.6,17.2,11.0
Sapporo,2018-10-02,sunny,18.5,22.4,16.0,0.0
Sapporo,2018-10-03,rainy,15.9,16.2,15.2,25.56
Sapporo,2018-10-04,sunny,18.7,22.8,15.5,0.0
Sapporo,2018-10-05,sunny,19.4,25.4,15.9,0.0
Sapporo,2018-10-06,sunny,18.6,23.3,16.2,0.0
Sapporo,2018-10-07,sunny,19.1,25.0,16.2,0.0
Sapporo,2018-10-08,cloudy,17.8,18.8,14.9,0.0
Sapporo,2018-10-09,sunny,17.5,22.3,12.6,0.0
Sapporo,2018-10-10,sunny,18.3,22.8,15.8,0.0
Sapporo,2018-10-11,sunny,18.8,21.8,17.1,0.0
Sapporo,2018-10-12,cloudy,19.7,21.9,15.9,0.0
Sapporo,2018-10-13,sunny,18.6,22.5,15.5,0.0
Sapporo,2018-10-14,sunny,18.1,23.9,14.9,0.0
Sapporo,2018-10-15,sunny,16.3,22.2,13.1,0.0
Sapporo,2018-10-16,sunny,16.9,23.0,14.6,0.0
Sapporo,2018-10-17,sunny,16.0,21.6,13.0,0.0
Sapporo,2018-10-18,sunny,15.5,21.1,13.2,0.0
Sapporo,2018-10-19,cloudy,15.3,18.6,13.0,0.0
Sapporo,2018-10-20,sunny,18.1,22.4,13.9,0.0
Sapporo,2018-10-21,sunny,16.4,22.8,12.7,0.0
Sapporo,2018-10-22,sunny,16.7,22.7,13.8,0.0
Sapporo,2018-10-23,sunny,15.1,21.5,12.0,0.0
Sapporo,2018-10-24,sunny,14.6,18.0,11.4,0.0
Sapporo,2018-10-25,rainy,12.1,12.3,10.3,29.55
Sapporo,2018-10-26,sunny,12.9,18.5,9.6,0.0
Sapporo,2018-10-27,sunny,14.9,18.7,12.1,0.0
Sapporo,2018-10-28,cloudy,14.4,16.0,12.2,0.0
Sapporo,2018-10-29,sunny,15.3,19.8,13.0,0.0
Sapporo,2018-10-30,sunny,13.1,18.5,10.2,0.0
Sapporo,2018-10-31,cloudy,12.8,14.7,10.9,0.0
Sapporo,2018-11-01,sunny,15.2,20.2,13.9,0.0
Sapporo,2018-11-02,sunny,15.4,22.4,14.4,0.0
Sapporo,2018-11-03,sunny,13.5,20.2,11.6,0.0
Sapporo,2018-11-04,sunny,14.2,19.2,11.2,0.0
Sapporo,2018-11-05,sunny,12.3,18.1,8.4,0.0
Sapporo,2018-11-06,sunny,12.2,15.9,6.8,0.0
Sapporo,2018-11-07,rainy,10.2,11.9,9.1,27.89
Sapporo,2018-11-08,sunny,13.1,17.6,10.4,0.0
Sapporo,2018-11-09,rainy,12.3,12.7,10.3,21.16
Sapporo,2018-11-10,sunny,11.6,16.1,8.1,0.0
Sapporo,2018-11-11,sunny,10.5,15.2,6.0,0.0
Sapporo,2018-11-12,sunny,10.0,14.3,5.4,0.0
Sapporo,2018-11-13,cloudy,9.4,11.4,5.7,0.0
Sapporo,2018-11-14,sunny,8.0,11.7,5.3,0.0
Sapporo,2018-11-15,rainy,7.3,7.9,6.4,25.75
Sapporo,2018-11-16,sunny,8.1,13.6,6.5,0.0
Sapporo,2018-11-17,rainy,9.8,10.3,8.1,18.97
Sapporo,2018-11-18,rainy,6.8,8.9,6.5,26.91
Sapporo,2018-11-19,rainy,5.6,6.6,5.0,21.26
Sapporo,2018-11-20,rainy,7.3,7.4,6.3,15.46
Sapporo,2018-11-21,sunny,7.6,14.2,6.0,0.0
Sapporo,2018-11-22,sunny,10.7,16.5,8.5,0.0
Sapporo,2018-11-23,sunny,8.4,12.8,4.8,0.0
Sapporo,2018-11-24,rainy,8.1,9.0,7.8,50.47
Sapporo,2018-11-25,sunny,7.7,13.0,5.9,0.0
Sapporo,2018-11-26,sunny,7.0,12.9,4.3,0.0
Sapporo,2018-11-27,sunny,8.6,13.6,4.6,0.0
Sapporo,2018-11-28,sunny,7.0,12.3,2.3,0.0
Sapporo,2018-11-29,sunny,5.8,11.0,3.1,0.0
Sapporo,2018-11-30,sunny,5.5,9.6,3.0,0.0
Sapporo,2018-12-01,sunny,5.4,10.7,2.4,0.0
Sapporo,2018-12-02,sunny,4.5,9.8,2.2,0.0
Sapporo,2018-12-03,sunny,3.5,8.1,-2.0,0.0
Sapporo,2018-12-04,rainy,4.1,4.2,3.5,13.43
Sapporo,2018-12-05,rainy,5.4,6.5,4.0,13.64
Sapporo,2018-12-06,rainy,5.6,9.0,5.0,41.45
Sapporo,2018-12-07,sunny,6.8,12.4,2.5,0.0
Sapporo,2018-12-08,sunny,5.7,11.8,2.7,0.0
Sapporo,2018-12-09,sunny,5.1,10.5,3.1,0.0
Sapporo,2018-12-10,sunny,6.0,11.8,4.2,0.0
Sapporo,2018-12-11,rainy,2.1,4.8,1.0,13.11
Sapporo,2018-12-12,rainy,1.8,2.7,-1.0,13.74
Sapporo,2018-12-13,rainy,1.3,2.9,-0.7,10.91
Sapporo,2018-12-14,rainy,1.3,2.2,-1.3,16.84
Sapporo,2018-12-15,rainy,2.2,4.0,0.7,20.63
Sapporo,2018-12-16,rainy,0.8,2.7,-0.9,24.85
Sapporo,2018-12-17,sunny,1.4,5.6,-2.2,0.0
Sapporo,2018-12-18,rainy,1.9,6.0,1.0,21.29
Sapporo,2018-12-19,sunny,2.2,8.4,-1.9,0.0
Sapporo,2018-12-20,sunny,3.4,9.3,2.6,0.0
Sapporo,2018-12-21,sunny,2.7,7.1,0.8,0.0
Sapporo,2018-12-22,sunny,4.4,9.3,1.1,0.0
Sapporo,2018-12-23,sunny,3.1,8.4,-0.1,0.0
Sapporo,2018-12-24,sunny,0.7,6.3,-2.7,0.0
Sapporo,2018-12-25,sunny,1.7,5.9,-1.9,0.0
Sapporo,2018-12-26,sunny,2.2,7.0,-2.3,0.0
Sapporo,2018-12-27,rainy,0.5,1.1,-1.3,11.21
Sapporo,2018-12-28,sunny,1.0,3.8,-2.6,0.0
Sapporo,2018-12-29,sunny,1.5,6.6,-2.2,0.0
Sapporo,2018-12-30,sunny,1.4,5.8,-2.5,0.0
Sapporo,2018-12-31,sunny,1.0,6.0,-1.8,0.0
Sapporo,2019-01-01,sunny,1.9,6.2,-1.2,0.0
Sapporo,2019-01-02,sunny,-0.4,5.6,-5.5,0.0
Sapporo,2019-01-03,sunny,0.4,5.7,-3.1,0.0
Sapporo,2019-01-04,snowy,-1.2,0.4,-1.6,51.92
Sapporo,2019-01-05,snowy,-2.2,-0.0,-3.5,26.71
Sapporo,2019-01-06,sunny,-2.0,2.4,-5.9,0.0
Sapporo,2019-01-07,sunny,-0.1,3.4,-3.6,0.0
Sapporo,2019-01-08,sunny,-0.5,4.2,-3.9,0.0
Sapporo,2019-01-09,sunny,0.2,4.2,-2.1,0.0
Sapporo,2019-01-10,snowy,-0.7,0.3,-1.8,15.41
Sapporo,2019-01-11,sunny,-0.9,4.6,-3.6,0.0
Sapporo,2019-01-12,sunny,-0.1,6.3,-3.8,0.0
Sapporo,2019-01-13,sunny,-1.5,1.9,-5.9,0.0
Sapporo,2019-01-14,sunny,0.4,4.9,-2.8,0.0
Sapporo,2019-01-15,sunny,-1.4,4.9,-3.8,0.0
Sapporo,2019-01-16,sunny,-0.8,3.6,-3.1,0.0
Sapporo,2019-01-17,sunny,-1.4,3.0,-5.4,0.0
Sapporo,2019-01-18,sunny,-0.3,5.3,-2.7,0.0
Sapporo,2019-01-19,sunny,-0.3,4.8,-3.3,0.0
Sapporo,2019-01-20,snowy,-2.6,-2.1,-3.2,14.46
Sapporo,2019-01-21,sunny,0.9,6.6,-2.0,0.0
Sapporo,2019-01-22,sunny,-0.1,4.6,-2.7,0.0
Sapporo,2019-01-23,sunny,-1.7,1.6,-2.3,0.0
Sapporo,2019-01-24,sunny,-0.2,5.4,-2.5,0.0
Sapporo,2019-01-25,sunny,-0.4,4.9,-3.5,0.0
Sapporo,2019-01-26,snowy,-3.0,-0.8,-4.2,22.2
Sapporo,2019-01-27,snowy,-1.7,0.2,-2.3,9.45
Sapporo,2019-01-28,sunny,-1.5,2.2,-6.5,0.0
Sapporo,2019-01-29,sunny,-2.5,2.8,-5.1,0.0
Sapporo,2019-01-30,sunny,-3.5,0.4,-7.0,0.0
Sapporo,2019-01-31,sunny,-1.3,3.9,-4.3,0.0
Sapporo,2019-02-01,sunny,-2.8,1.1,-5.9,0.0
Sapporo,2019-02-02,snowy,-2.8,-1.3,-3.9,13.74
Sapporo,2019-02-03,sunny,-2.0,4.5,-5.4,0.0
Sapporo,2019-02-04,snowy,-4.2,-2.4,-5.5,24.23
Sapporo,2019-02-05,snowy,-2.2,-1.1,-3.6,22.45
Sapporo,2019-02-06,snowy,-2.4,-0.4,-4.7,22.39
Sapporo,2019-02-07,snowy,-6.7,-5.5,-6.9,13.19
Sapporo,2019-02-08,snowy,-4.1,-3.9,-4.4,22.92
Sapporo,2019-02-09,snowy,-5.6,-4.8,-6.2,25.95
Sapporo,2019-02-10,snowy,-3.0,-2.3,-4.7,22.61
Sapporo,2019-02-11,sunny,-1.9,3.9,-3.8,0.0
Sapporo,2019-02-12,snowy,-2.4,-2.3,-3.7,8.86
Sapporo,2019-02-13,cloudy,0.3,3.7,-1.6,0.0
Sapporo,2019-02-14,cloudy,-1.7,-0.0,-3.3,0.0
Sapporo,2019-02-15,sunny,-1.8,5.3,-6.2,0.0
Sapporo,2019-02-16,cloudy,-0.1,3.3,-0.5,0.0
Sapporo,2019-02-17,sunny,-2.1,1.0,-6.8,0.0
Sapporo,2019-02-18,sunny,-1.6,1.2,-6.3,0.0
Sapporo,2019-02-19,sunny,-3.1,0.7,-6.7,0.0
Sapporo,2019-02-20,cloudy,-3.4,-2.6,-6.6,0.0
Sapporo,2019-02-21,sunny,-1.2,2.5,-4.1,0.0
Sapporo,2019-02-22,sunny,-0.7,5.1,-4.9,0.0
Sapporo,2019-02-23,snowy,-0.2,1.4,-0.6,13.5
Sapporo,2019-02-24,snowy,-2.5,-1.1,-2.7,19.2
Sapporo,2019-02-25,snowy,-1.0,-0.7,-1.1,29.32
Sapporo,2019-02-26,snowy,-1.1,-1.0,-1.5,19.19
Sapporo,2019-02-27,snowy,-4.3,-3.2,-4.7,11.54
Sapporo,2019-02-28,snowy,-1.9,-0.2,-4.0,13.15
Sapporo,2019-03-01,sunny,-2.8,2.3,-5.8,0.0
Sapporo,2019-03-02,sunny,-0.7,4.4,-3.8,0.0
Sapporo,2019-03-03,sunny,-0.9,4.4,-3.7,0.0
Sapporo,2019-03-04,rainy,0.3,1.7,-0.6,33.13
Sapporo,2019-03-05,snowy,-1.6,-0.3,-2.2,21.54
Sapporo,2019-03-06,sunny,-2.8,1.1,-6.5,0.0
Sapporo,2019-03-07,sunny,1.3,4.7,-4.5,0.0
Sapporo,2019-03-08,sunny,0.0,4.8,-2.5,0.0
Sapporo,2019-03-09,sunny,1.2,5.1,-2.8,0.0
Sapporo,2019-03-10,sunny,-0.7,3.3,-3.8,0.0
Sapporo,2019-03-11,snowy,-1.3,-0.9,-1.6,27.64
Sapporo,2019-03-12,sunny,0.0,6.8,-2.6,0.0
Sapporo,2019-03-13,snowy,-0.9,1.2,-1.0,41.58
Sapporo,2019-03-14,snowy,-1.3,-0.6,-1.6,26.44
Sapporo,2019-03-15,sunny,0.5,6.0,-1.0,0.0
Sapporo,2019-03-16,snowy,-2.5,-1.4,-2.9,3.82
Sapporo,2019-03-17,sunny,1.1,4.3,-0.9,0.0
Sapporo,2019-03-18,sunny,1.4,5.8,-3.7,0.0
Sapporo,2019-03-19,sunny,0.5,5.2,-1.0,0.0
Sapporo,2019-03-20,rainy,0.0,1.8,-1.5,14.84
Sapporo,2019-03-21,sunny,1.6,8.9,0.4,0.0
Sapporo,2019-03-22,sunny,2.3,6.5,0.9,0.0
Sapporo,2019-03-23,sunny,1.8,6.4,0.0,0.0
Sapporo,2019-03-24,sunny,2.3,8.6,-1.3,0.0
Sapporo,2019-03-25,sunny,3.0,6.7,-0.1,0.0
Sapporo,2019-03-26,cloudy,2.1,4.7,-0.6,0.0
Sapporo,2019-03-27,rainy,0.9,2.9,-0.6,59.86
Sapporo,2019-03-28,cloudy,1.7,3.4,1.2,0.0
Sapporo,2019-03-29,sunny,2.1,6.3,-2.1,0.0
Sapporo,2019-03-30,sunny,2.7,8.2,0.7,0.0
Sapporo,2019-03-31,sunny,2.7,6.8,0.2,0.0
Sapporo,2019-04-01,sunny,5.2,11.6,1.8,0.0
Sapporo,2019-04-02,sunny,5.7,11.9,2.1,0.0
Sapporo,2019-04-03,sunny,4.1,9.6,1.9,0.0
Sapporo,2019-04-04,sunny,4.0,11.0,0.3,0.0
Sapporo,2019-04-05,cloudy,4.7,6.4,4.4,0.0
Sapporo,2019-04-06,sunny,4.0,9.6,2.1,0.0
Sapporo,2019-04-07,sunny,5.0,11.0,1.5,0.0
Sapporo,2019-04-08,rainy,4.9,5.1,3.9,19.84
Sapporo,2019-04-09,sunny,7.4,10.9,6.0,0.0
Sapporo,2019-04-10,sunny,4.5,9.1,1.1,0.0
Sapporo,2019-04-11,sunny,4.3,10.5,2.9,0.0
Sapporo,2019-04-12,sunny,5.9,10.7,3.5,0.0
Sapporo,2019-04-13,sunny,5.6,12.4,2.5,0.0
Sapporo,2019-04-14,sunny,5.7,10.5,3.5,0.0
Sapporo,2019-04-15,sunny,6.0,11.2,2.3,0.0
Sapporo,2019-04-16,sunny,7.4,12.5,3.9,0.0
Sapporo,2019-04-17,sunny,7.3,12.3,5.6,0.0
Sapporo,2019-04-18,sunny,7.1,11.5,4.5,0.0
Sapporo,2019-04-19,rainy,7.7,8.4,6.4,35.67
Sapporo,2019-04-20,rainy,4.7,5.0,4.4,22.81
Sapporo,2019-04-21,rainy,7.6,7.6,7.5,12.73
Sapporo,2019-04-22,cloudy,8.8,11.7,7.8,0.0
Sapporo,2019-04-23,sunny,8.9,12.0,5.4,0.0
Sapporo,2019-04-24,rainy,7.5,9.8,7.5,24.65
Sapporo,2019-04-25,sunny,9.0,13.3,6.2,0.0
Sapporo,2019-04-26,rainy,7.6,9.3,6.6,13.04
Sapporo,2019-04-27,sunny,8.9,13.7,4.1,0.0
Sapporo,2019-04-28,sunny,9.0,13.9,6.8,0.0
Sapporo,2019-04-29,sunny,8.3,13.7,5.5,0.0
Sapporo,2019-04-30,sunny,8.5,16.1,4.1,0.0
Sapporo,2019-05-01,sunny,10.9,17.1,6.3,0.0
Sapporo,2019-05-02,sunny,11.5,17.8,7.2,0.0
Sapporo,2019-05-03,sunny,10.0,15.7,6.6,0.0
Sapporo,2019-05-04,sunny,10.8,13.3,8.8,0.0
Sapporo,2019-05-05,rainy,12.3,13.8,10.6,21.1
Sapporo,2019-05-06,cloudy,12.1,15.3,9.0,0.0
Sapporo,2019-05-07,cloudy,10.6,11.0,8.4,0.0
Sapporo,2019-05-08,cloudy,13.3,16.1,11.1,0.0
Sapporo,2019-05-09,sunny,11.9,18.3,9.1,0.0
Sapporo,2019-05-10,sunny,12.1,16.9,8.7,0.0
Sapporo,2019-05-11,sunny,12.0,18.1,9.8,0.0
Sapporo,2019-05-12,sunny,13.0,17.5,10.6,0.0
Sapporo,2019-05-13,sunny,12.6,18.7,9.5,0.0
Sapporo,2019-05-14,sunny,12.3,18.4,6.8,0.0
Sapporo,2019-05-15,sunny,13.3,19.1,10.3,0.0
Sapporo,2019-05-16,sunny,16.7,21.6,13.8,0.0
Sapporo,2019-05-17,sunny,14.5,18.8,13.0,0.0
Sapporo,2019-05-18,sunny,14.9,20.9,13.0,0.0
Sapporo,2019-05-19,sunny,16.8,21.1,13.8,0.0
Sapporo,2019-05-20,sunny,15.0,19.2,12.9,0.0
Sapporo,2019-05-21,cloudy,15.9,17.9,13.9,0.0
Sapporo,2019-05-22,sunny,15.9,21.6,12.1,0.0
Sapporo,2019-05-23,sunny,14.4,18.0,11.4,0.0
Sapporo,2019-05-24,sunny,15.7,21.8,13.0,0.0
Sapporo,2019-05-25,sunny,16.4,19.7,14.4,0.0
Sapporo,2019-05-26,sunny,16.5,20.8,12.0,0.0
Sapporo,2019-05-27,sunny,18.0,23.1,14.6,0.0
Sapporo,2019-05-28,sunny,16.8,21.6,12.5,0.0
Sapporo,2019-05-29,sunny,17.4,22.5,13.7,0.0
Sapporo,2019-05-30,sunny,19.3,24.8,16.8,0.0
Sapporo,2019-05-31,cloudy,18.1,20.8,16.7,0.0
Sapporo,2019-06-01,cloudy,18.6,19.3,17.2,0.0
Sapporo,2019-06-02,sunny,21.0,25.6,17.6,0.0
Sapporo,2019-06-03,rainy,18.5,18.8,17.9,29.64
Sapporo,2019-06-04,rainy,17.1,18.4,16.3,29.36
Sapporo,2019-06-05,sunny,19.0,26.3,16.7,0.0
Sapporo,2019-06-06,rainy,19.1,21.1,16.4,29.29
Sapporo,2019-06-07,sunny,17.7,22.7,15.4,0.0
Sapporo,2019-06-08,sunny,20.4,24.9,19.4,0.0
Sapporo,2019-06-09,sunny,18.3,22.9,16.3,0.0
Sapporo,2019-06-10,sunny,19.5,25.1,16.9,0.0
Sapporo,2019-06-11,sunny,18.7,22.7,14.6,0.0
Sapporo,2019-06-12,sunny,20.6,26.2,17.2,0.0
Sapporo,2019-06-13,sunny,20.4,24.3,17.1,0.0
Sapporo,2019-06-14,rainy,19.6,21.9,19.2,10.6
Sapporo,2019-06-15,rainy,16.8,18.0,15.6,19.72
Sapporo,2019-06-16,rainy,17.6,17.9,16.8,23.46
Sapporo,2019-06-17,sunny,19.6,25.4,16.8,0.0
Sapporo,2019-06-18,sunny,21.7,26.9,18.7,0.0
Sapporo,2019-06-19,sunny,22.2,27.2,19.1,0.0
Sapporo,2019-06-20,sunny,21.6,26.8,18.4,0.0
Sapporo,2019-06-21,sunny,22.3,29.0,19.1,0.0
Sapporo,2019-06-22,sunny,24.0,27.8,21.1,0.0
Sapporo,2019-06-23,sunny,24.7,29.8,22.0,0.0
Sapporo,2019-06-24,sunny,23.0,29.8,19.2,0.0
Sapporo,2019-06-25,sunny,23.7,28.8,21.2,0.0
Sapporo,2019-06-26,sunny,20.0,27.2,18.8,0.0
Sapporo,2019-06-27,sunny,22.6,28.1,19.8,0.0
Sapporo,2019-06-28,sunny,22.4,26.3,19.6,0.0
Sapporo,2019-06-29,sunny,21.0,27.0,20.6,0.0
Sapporo,2019-06-30,sunny,23.8,27.6,19.1,0.0
Sapporo,2019-07-01,sunny,22.8,27.2,20.6,0.0
Sapporo,2019-07-02,sunny,23.8,30.2,20.0,0.0
Sapporo,2019-07-03,sunny,24.6,29.1,21.5,0.0
Sapporo,2019-07-04,sunny,24.2,30.3,20.9,0.0
Sapporo,2019-07-05,sunny,24.5,28.2,22.1,0.0
Sapporo,2019-07-06,sunny,24.8,29.2,22.3,0.0
Sapporo,2019-07-07,sunny,25.2,31.5,21.3,0.0
Sapporo,2019-07-08,sunny,23.4,29.4,20.3,0.0
Sapporo,2019-07-09,sunny,22.2,28.1,19.1,0.0
Sapporo,2019-07-10,cloudy,23.1,26.0,21.5,0.0
Sapporo,2019-07-11,sunny,25.8,31.4,24.2,0.0
Sapporo,2019-07-12,rainy,23.2,24.3,20.6,7.83
Sapporo,2019-07-13,rainy,22.0,23.0,21.3,18.67
Sapporo,2019-07-14,sunny,24.9,31.3,20.6,0.0
Sapporo,2019-07-15,rainy,22.8,24.5,20.5,11.11
Sapporo,2019-07-16,rainy,23.8,24.0,21.0,14.18
Sapporo,2019-07-17,sunny,25.3,30.4,20.7,0.0
Sapporo,2019-07-18,sunny,25.1,31.6,22.2,0.0
Sapporo,2019-07-19,cloudy,25.9,29.0,23.9,0.0
Sapporo,2019-07-20,sunny,25.7,32.7,23.1,0.0
Sapporo,2019-07-21,sunny,26.2,31.5,24.7,0.0
Sapporo,2019-07-22,sunny,26.1,30.1,23.8,0.0
Sapporo,2019-07-23,sunny,26.2,31.4,22.6,0.0
Sapporo,2019-07-24,sunny,24.7,29.1,21.5,0.0
Sapporo,2019-07-25,sunny,25.2,31.7,21.9,0.0
Sapporo,2019-07-26,sunny,25.8,31.7,22.4,0.0
Sapporo,2019-07-27,sunny,26.4,31.7,24.0,0.0
Sapporo,2019-07-28,sunny,25.3,32.4,22.4,0.0
Sapporo,2019-07-29,sunny,25.7,30.1,25.1,0.0
Sapporo,2019-07-30,sunny,25.1,31.9,22.4,0.0
Sapporo,2019-07-31,sunny,27.2,33.4,24.2,0.0
Sapporo,2019-08-01,rainy,26.4,27.4,25.2,9.71
Sapporo,2019-08-02,rainy,27.7,28.1,27.7,28.16
Sapporo,2019-08-03,sunny,27.5,32.8,23.8,0.0
Sapporo,2019-08-04,sunny,26.4,31.6,22.4,0.0
Sapporo,2019-08-05,sunny,26.5,32.4,23.2,0.0
Sapporo,2019-08-06,sunny,24.8,28.3,22.3,0.0
Sapporo,2019-08-07,sunny,24.5,28.7,21.9,0.0
Sapporo,2019-08-08,sunny,25.1,30.5,21.7,0.0
Sapporo,2019-08-09,sunny,25.5,31.1,21.8,0.0
Sapporo,2019-08-10,sunny,26.1,31.0,24.7,0.0
Sapporo,2019-08-11,sunny,25.2,32.0,21.0,0.0
Sapporo,2019-08-12,sunny,25.4,30.3,22.8,0.0
Sapporo,2019-08-13,sunny,26.1,32.0,22.5,0.0
Sapporo,2019-08-14,sunny,24.9,30.5,22.8,0.0
Sapporo,2019-08-15,sunny,25.4,33.2,21.0,0.0
Sapporo,2019-08-16,sunny,25.2,30.1,20.6,0.0
Sapporo,2019-08-17,sunny,25.1,31.1,21.5,0.0
Sapporo,2019-08-18,cloudy,26.6,30.0,24.8,0.0
Sapporo,2019-08-19,sunny,25.9,30.2,24.9,0.0
Sapporo,2019-08-20,sunny,27.0,31.9,23.2,0.0
Sapporo,2019-08-21,sunny,25.4,31.2,24.1,0.0
Sapporo,2019-08-22,sunny,24.8,29.2,21.6,0.0
Sapporo,2019-08-23,sunny,25.6,31.9,23.2,0.0
Sapporo,2019-08-24,sunny,26.2,31.1,24.1,0.0
Sapporo,2019-08-25,sunny,27.0,30.6,25.9,0.0
Sapporo,2019-08-26,sunny,25.6,30.5,22.8,0.0
Sapporo,2019-08-27,sunny,26.1,31.1,23.7,0.0
Sapporo,2019-08-28,sunny,23.8,28.4,20.2,0.0
Sapporo,2019-08-29,cloudy,25.5,28.9,22.9,0.0
Sapporo,2019-08-30,sunny,23.4,26.9,21.3,0.0
Sapporo,2019-08-31,sunny,24.8,29.8,22.5,0.0
Sapporo,2019-09-01,sunny,24.8,29.5,19.8,0.0
Sapporo,2019-09-02,sunny,23.9,28.1,21.8,0.0
Sapporo,2019-09-03,sunny,24.7,29.7,23.6,0.0
Sapporo,2019-09-04,rainy,24.1,25.4,23.6,34.9
Sapporo,2019-09-05,sunny,24.9,29.5,22.0,0.0
Sapporo,2019-09-06,rainy,22.9,23.4,21.1,5.25
Sapporo,2019-09-07,rainy,24.0,26.3,23.7,19.61
Sapporo,2019-09-08,sunny,25.0,29.1,20.3,0.0
Sapporo,2019-09-09,sunny,22.2,27.4,20.2,0.0
Sapporo,2019-09-10,sunny,24.1,29.2,20.2,0.0
Sapporo,2019-09-11,rainy,20.4,23.0,18.9,9.05
Sapporo,2019-09-12,sunny,20.8,25.0,20.6,0.0
Sapporo,2019-09-13,sunny,24.0,28.9,19.2,0.0
Sapporo,2019-09-14,sunny,23.0,29.0,19.7,0.0
Sapporo,2019-09-15,sunny,22.2,26.8,19.2,0.0
Sapporo,2019-09-16,sunny,22.2,28.3,19.9,0.0
Sapporo,2019-09-17,sunny,21.0,27.5,18.7,0.0
Sapporo,2019-09-18,sunny,21.7,26.4,19.4,0.0
Sapporo,2019-09-19,sunny,23.8,29.1,20.4,0.0
Sapporo,2019-09-20,sunny,21.3,26.9,17.9,0.0
Sapporo,2019-09-21,sunny,23.2,27.6,20.1,0.0
Sapporo,2019-09-22,sunny,21.3,25.8,18.5,0.0
Sapporo,2019-09-23,sunny,21.4,26.8,18.9,0.0
Sapporo,2019-09-24,sunny,18.8,24.4,16.9,0.0
Sapporo,2019-09-25,sunny,21.0,25.7,17.8,0.0
Sapporo,2019-09-26,sunny,20.7,25.3,17.8,0.0
Sapporo,2019-09-27,cloudy,20.1,22.7,17.9,0.0
Sapporo,2019-09-28,rainy,20.2,20.2,18.7,10.31
Sapporo,2019-09-29,rainy,19.8,20.4,18.5,15.35
Sapporo,2019-09-30,rainy,19.4,20.5,17.2,17.53
Sapporo,2019-10-01,sunny,20.4,25.0,15.8,0.0
Sapporo,2019-10-02,sunny,17.9,23.5,12.6,0.0
Sapporo,2019-10-03,sunny,20.0,24.1,18.1,0.0
Sapporo,2019-10-04,cloudy,20.0,22.3,18.5,0.0
Sapporo,2019-10-05,sunny,19.3,23.1,18.6,0.0
Sapporo,2019-10-06,rainy,18.8,20.2,18.3,19.72
Sapporo,2019-10-07,rainy,19.9,22.4,17.2,21.02
Sapporo,2019-10-08,rainy,17.6,19.3,17.5,13.6
Sapporo,2019-10-09,sunny,17.0,21.4,13.3,0.0
Sapporo,2019-10-10,sunny,19.3,25.9,14.9,0.0
Sapporo,2019-10-11,sunny,18.0,21.3,15.4,0.0
Sapporo,2019-10-12,sunny,17.6,23.2,13.0,0.0
Sapporo,2019-10-13,cloudy,17.2,19.1,15.6,0.0
Sapporo,2019-10-14,sunny,17.7,22.7,14.1,0.0
Sapporo,2019-10-15,sunny,17.4,20.2,12.5,0.0
Sapporo,2019-10-16,sunny,16.9,21.8,13.0,0.0
Sapporo,2019-10-17,sunny,16.2,19.6,14.5,0.0
Sapporo,2019-10-18,sunny,16.0,21.0,13.2,0.0
Sapporo,2019-10-19,sunny,16.4,22.4,12.9,0.0
Sapporo,2019-10-20,cloudy,18.3,18.6,15.6,0.0
Sapporo,2019-10-21,sunny,16.6,22.2,14.1,0.0
Sapporo,2019-10-22,sunny,17.6,22.1,14.2,0.0
Sapporo,2019-10-23,sunny,15.2,22.1,11.6,0.0
Sapporo,2019-10-24,cloudy,14.5,15.6,12.5,0.0
Sapporo,2019-10-25,sunny,15.1,19.9,11.1,0.0
Sapporo,2019-10-26,sunny,14.9,20.4,11.4,0.0
Sapporo,2019-10-27,sunny,14.9,19.2,12.3,0.0
Sapporo,2019-10-28,sunny,15.6,20.1,13.8,0.0
Sapporo,2019-10-29,sunny,13.1,17.1,13.1,0.0
Sapporo,2019-10-30,sunny,13.0,17.7,10.9,0.0
Sapporo,2019-10-31,sunny,11.8,17.6,7.1,0.0
Sapporo,2019-11-01,sunny,13.2,18.2,11.9,0.0
Sapporo,2019-11-02,sunny,13.7,18.9,11.7,0.0
Sapporo,2019-11-03,sunny,13.3,18.3,10.5,0.0
Sapporo,2019-11-04,rainy,10.4,10.6,10.2,9.96
Sapporo,2019-11-05,sunny,12.3,16.3,8.6,0.0
Sapporo,2019-11-06,sunny,11.9,17.3,8.0,0.0
Sapporo,2019-11-07,cloudy,12.9,13.4,8.9,0.0
Sapporo,2019-11-08,sunny,13.5,17.4,13.4,0.0
Sapporo,2019-11-09,rainy,10.8,11.7,8.1,13.47
Sapporo,2019-11-10,sunny,11.9,16.8,7.0,0.0
Sapporo,2019-11-11,sunny,11.4,15.5,8.0,0.0
Sapporo,2019-11-12,sunny,11.9,16.0,9.4,0.0
Sapporo,2019-11-13,sunny,11.7,15.7,9.5,0.0
Sapporo,2019-11-14,sunny,12.2,17.3,9.7,0.0
Sapporo,2019-11-15,rainy,10.5,11.8,9.4,9.43
Sapporo,2019-11-16,sunny,8.3,12.6,6.6,0.0
Sapporo,2019-11-17,sunny,9.3,13.9,6.7,0.0
Sapporo,2019-11-18,rainy,8.3,10.0,7.3,19.19
Sapporo,2019-11-19,rainy,8.2,10.3,7.4,14.76
Sapporo,2019-11-20,rainy,8.7,9.7,7.2,27.26
Sapporo,2019-11-21,sunny,8.5,13.1,3.8,0.0
Sapporo,2019-11-22,rainy,5.5,8.0,3.9,12.41
Sapporo,2019-11-23,rainy,5.7,8.9,5.0,21.51
Sapporo,2019-11-24,cloudy,6.7,8.2,4.6,0.0
Sapporo,2019-11-25,sunny,7.0,12.7,3.7,0.0
Sapporo,2019-11-26,sunny,7.5,13.0,3.2,0.0
Sapporo,2019-11-27,cloudy,6.5,7.3,3.1,0.0
Sapporo,2019-11-28,sunny,6.0,9.8,1.8,0.0
Sapporo,2019-11-29,sunny,4.5,9.4,1.3,0.0
Sapporo,2019-11-30,sunny,7.8,13.2,6.1,0.0
Sapporo,2019-12-01,sunny,6.1,11.1,3.0,0.0
Sapporo,2019-12-02,sunny,5.2,8.9,2.6,0.0
Sapporo,2019-12-03,sunny,6.9,11.5,4.2,0.0
Sapporo,2019-12-04,rainy,5.8,6.4,5.1,29.15
Sapporo,2019-12-05,cloudy,5.5,7.2,2.9,0.0
Sapporo,2019-12-06,rainy,3.4,4.3,3.4,39.59
Sapporo,2019-12-07,sunny,4.2,9.1,0.7,0.0
Sapporo,2019-12-08,sunny,5.7,11.0,4.2,0.0
Sapporo,2019-12-09,sunny,4.4,6.6,1.5,0.0
Sapporo,2019-12-10,sunny,5.8,11.4,3.7,0.0
Sapporo,2019-12-11,sunny,3.9,8.7,2.5,0.0
Sapporo,2019-12-12,sunny,4.5,8.3,0.4,0.0
Sapporo,2019-12-13,rainy,4.2,4.6,3.1,8.02
Sapporo,2019-12-14,rainy,3.0,5.7,2.7,28.38
Sapporo,2019-12-15,sunny,2.2,7.2,-1.1,0.0
Sapporo,2019-12-16,sunny,4.2,8.8,2.8,0.0
Sapporo,2019-12-17,rainy,3.4,4.3,0.7,18.24
Sapporo,2019-12-18,rainy,1.4,2.3,0.6,12.06
Sapporo,2019-12-19,rainy,1.0,1.1,-1.6,23.2
Sapporo,2019-12-20,rainy,0.9,1.2,-0.5,5.46
Sapporo,2019-12-21,sunny,0.0,6.7,-2.9,0.0
Sapporo,2019-12-22,sunny,0.8,5.5,-3.0,0.0
Sapporo,2019-12-23,snowy,-0.3,-0.0,-1.4,24.22
Sapporo,2019-12-24,rainy,1.2,2.3,0.7,16.91
Sapporo,2019-12-25,snowy,-0.8,-0.3,-2.1,11.28
Sapporo,2019-12-26,rainy,2.9,4.4,2.7,20.12
Sapporo,2019-12-27,rainy,1.4,3.7,1.0,18.02
Sapporo,2019-12-28,snowy,-0.7,1.2,-1.2,17.18
Sapporo,2019-12-29,rainy,1.0,3.6,0.4,22.13
Sapporo,2019-12-30,sunny,1.5,6.2,-1.9,0.0
Sapporo,2019-12-31,sunny,2.4,7.7,1.1,0.0
Sapporo,2020-01-01,sunny,-0.3,5.8,-0.8,0.0
Sapporo,2020-01-02,snowy,-2.5,-1.4,-4.0,10.07
Sapporo,2020-01-03,sunny,-0.3,4.8,-4.9,0.0
Sapporo,2020-01-04,sunny,0.2,4.6,-4.7,0.0
Sapporo,2020-01-05,sunny,-0.4,5.5,-2.8,0.0
Sapporo,2020-01-06,cloudy,0.7,3.5,0.2,0.0
Sapporo,2020-01-07,sunny,-1.0,5.2,-3.3,0.0
Sapporo,2020-01-08,sunny,0.3,6.7,-2.6,0.0
Sapporo,2020-01-09,sunny,-1.9,2.2,-5.1,0.0
Sapporo,2020-01-10,sunny,-1.4,4.5,-3.4,0.0
Sapporo,2020-01-11,sunny,0.4,5.3,-4.1,0.0
Sapporo,2020-01-12,cloudy,0.2,1.7,-3.2,0.0
Sapporo,2020-01-13,sunny,0.0,3.5,-2.1,0.0
Sapporo,2020-01-14,cloudy,-0.8,0.7,-1.8,0.0
Sapporo,2020-01-15,snowy,-2.1,-2.1,-3.5,29.06
Sapporo,2020-01-16,snowy,-1.4,-0.7,-2.8,14.06
Sapporo,2020-01-17,sunny,-0.4,2.8,-4.5,0.0
Sapporo,2020-01-18,cloudy,-1.2,-1.2,-5.1,0.0
Sapporo,2020-01-19,sunny,-1.7,4.6,-6.2,0.0
Sapporo,2020-01-20,sunny,-1.5,4.5,-6.3,0.0
Sapporo,2020-01-21,sunny,-2.2,2.7,-4.1,0.0
Sapporo,2020-01-22,snowy,-2.5,-2.2,-3.5,18.91
Sapporo,2020-01-23,sunny,-1.9,4.6,-5.7,0.0
Sapporo,2020-01-24,sunny,-2.6,4.7,-5.9,0.0
Sapporo,2020-01-25,snowy,-1.6,1.5,-3.8,13.46
Sapporo,2020-01-26,snowy,-3.8,-3.4,-5.6,24.11
Sapporo,2020-01-27,snowy,-3.9,-1.5,-4.3,17.45
Sapporo,2020-01-28,snowy,-2.3,-1.8,-2.4,9.56
Sapporo,2020-01-29,snowy,-1.4,-0.0,-2.4,24.96
Sapporo,2020-01-30,sunny,-0.3,5.0,-5.1,0.0
Sapporo,2020-01-31,sunny,0.2,5.1,-2.4,0.0
Sapporo,2020-02-01,snowy,-1.3,-0.6,-1.5,12.02
Sapporo,2020-02-02,snowy,-1.2,0.8,-1.9,17.76
Sapporo,2020-02-03,snowy,-3.5,0.5,-4.5,8.14
Sapporo,2020-02-04,cloudy,-1.7,1.2,-3.6,0.0
Sapporo,2020-02-05,sunny,-3.5,0.5,-4.9,0.0
Sapporo,2020-02-06,sunny,-3.5,2.8,-6.3,0.0
Sapporo,2020-02-07,sunny,-1.0,6.3,-5.1,0.0
Sapporo,2020-02-08,snowy,-3.9,-1.5,-5.1,35.23
Sapporo,2020-02-09,sunny,-1.2,2.9,-5.1,0.0
Sapporo,2020-02-10,snowy,-2.6,-1.0,-4.7,25.55
Sapporo,2020-02-11,cloudy,-1.4,-0.1,-3.2,0.0
Sapporo,2020-02-12,sunny,-1.5,3.9,-5.3,0.0
Sapporo,2020-02-13,sunny,-1.1,5.8,-5.1,0.0
Sapporo,2020-02-14,sunny,-1.9,2.3,-4.3,0.0
Sapporo,2020-02-15,sunny,-1.8,3.7,-5.5,0.0
Sapporo,2020-02-16,sunny,-1.9,2.9,-4.7,0.0
Sapporo,2020-02-17,sunny,-2.6,1.4,-4.8,0.0
Sapporo,2020-02-18,sunny,0.3,6.0,-2.9,0.0
Sapporo,2020-02-19,sunny,-0.0,4.7,-3.0,0.0
Sapporo,2020-02-20,snowy,-5.4,-5.4,-6.0,17.1
Sapporo,2020-02-21,snowy,-4.5,-4.1,-4.8,11.76
Sapporo,2020-02-22,snowy,-2.9,-2.1,-3.7,22.89
Sapporo,2020-02-23,snowy,-1.5,-1.4,-1.5,41.42
Sapporo,2020-02-24,sunny,-1.7,3.3,-4.0,0.0
Sapporo,2020-02-25,sunny,-1.9,4.2,-4.8,0.0
Sapporo,2020-02-26,sunny,-2.5,3.5,-4.7,0.0
Sapporo,2020-02-27,cloudy,-0.9,0.8,-4.6,0.0
Sapporo,2020-02-28,sunny,-0.5,3.6,-3.9,0.0
Sapporo,2020-02-29,snowy,-0.9,-0.8,-1.0,12.65
Sapporo,2020-03-01,rainy,0.5,0.8,-0.9,16.93
Sapporo,2020-03-02,snowy,-3.7,-2.3,-4.4,13.8
Sapporo,2020-03-03,sunny,-2.0,2.6,-3.5,0.0
Sapporo,2020-03-04,snowy,-2.0,-0.7,-3.3,25.39
Sapporo,2020-03-05,sunny,-1.1,3.4,-4.0,0.0
Sapporo,2020-03-06,snowy,-4.6,-2.9,-6.1,14.73
Sapporo,2020-03-07,snowy,-2.9,-0.6,-3.2,24.86
Sapporo,2020-03-08,snowy,-2.7,-2.4,-5.0,21.53
Sapporo,2020-03-09,snowy,-1.5,-1.4,-2.0,16.22
Sapporo,2020-03-10,rainy,0.1,1.8,-0.2,25.09
Sapporo,2020-03-11,rainy,0.3,2.7,-0.3,20.01
Sapporo,2020-03-12,rainy,1.1,2.8,-1.7,13.74
Sapporo,2020-03-13,cloudy,0.3,2.3,-0.5,0.0
Sapporo,2020-03-14,sunny,1.0,5.8,-1.1,0.0
Sapporo,2020-03-15,sunny,2.2,7.7,-2.5,0.0
Sapporo,2020-03-16,rainy,0.8,1.5,0.3,11.75
Sapporo,2020-03-17,rainy,2.0,2.6,-0.7,23.9
Sapporo,2020-03-18,sunny,1.5,7.6,0.1,0.0
Sapporo,2020-03-19,sunny,0.5,6.3,-3.5,0.0
Sapporo,2020-03-20,sunny,0.4,4.4,-2.5,0.0
Sapporo,2020-03-21,sunny,2.1,7.0,0.1,0.0
Sapporo,2020-03-22,sunny,2.0,7.4,-1.5,0.0
Sapporo,2020-03-23,sunny,0.4,6.3,-3.3,0.0
Sapporo,2020-03-24,sunny,0.2,6.4,-4.0,0.0
Sapporo,2020-03-25,sunny,3.1,7.9,2.0,0.0
Sapporo,2020-03-26,snowy,-0.8,-0.5,-2.0,18.12
Sapporo,2020-03-27,sunny,1.4,8.3,-3.3,0.0
Sapporo,2020-03-28,sunny,2.3,6.4,-0.7,0.0
Sapporo,2020-03-29,sunny,3.0,8.0,1.8,0.0
Sapporo,2020-03-30,rainy,0.3,1.9,-2.0,7.62
Sapporo,2020-03-31,sunny,3.6,9.0,1.6,0.0
Sapporo,2020-04-01,sunny,4.1,8.7,0.9,0.0
Sapporo,2020-04-02,rainy,3.5,5.7,2.7,5.02
Sapporo,2020-04-03,sunny,5.1,10.8,3.1,0.0
Sapporo,2020-04-04,cloudy,6.1,7.0,4.7,0.0
Sapporo,2020-04-05,rainy,4.2,4.8,2.5,22.04
Sapporo,2020-04-06,sunny,6.3,12.0,3.0,0.0
Sapporo,2020-04-07,sunny,6.2,12.8,4.1,0.0
Sapporo,2020-04-08,sunny,7.1,12.4,3.2,0.0
Sapporo,2020-04-09,sunny,4.5,9.1,1.8,0.0
Sapporo,2020-04-10,sunny,5.6,10.0,3.7,0.0
Sapporo,2020-04-11,sunny,4.7,9.9,1.3,0.0
Sapporo,2020-04-12,cloudy,5.8,7.7,3.0,0.0
Sapporo,2020-04-13,sunny,4.6,8.2,2.3,0.0
Sapporo,2020-04-14,rainy,4.6,6.3,2.3,10.82
Sapporo,2020-04-15,cloudy,5.9,9.2,2.3,0.0
Sapporo,2020-04-16,sunny,5.6,10.1,0.6,0.0
Sapporo,2020-04-17,sunny,6.0,9.4,3.2,0.0
Sapporo,2020-04-18,cloudy,6.3,7.9,5.1,0.0
Sapporo,2020-04-19,sunny,6.1,10.0,5.2,0.0
Sapporo,2020-04-20,cloudy,6.4,6.5,3.3,0.0
Sapporo,2020-04-21,sunny,7.9,12.4,4.0,0.0
Sapporo,2020-04-22,sunny,8.1,14.0,4.1,0.0
Sapporo,2020-04-23,sunny,10.6,15.1,8.3,0.0
Sapporo,2020-04-24,sunny,10.7,15.7,8.9,0.0
Sapporo,2020-04-25,sunny,9.4,15.2,6.8,0.0
Sapporo,2020-04-26,sunny,11.0,15.1,8.6,0.0
Sapporo,2020-04-27,cloudy,8.1,10.2,7.6,0.0
Sapporo,2020-04-28,rainy,8.2,9.8,7.0,14.27
Sapporo,2020-04-29,rainy,8.6,8.8,6.5,12.21
Sapporo,2020-04-30,sunny,10.8,15.9,7.4,0.0
Sapporo,2020-05-01,cloudy,10.2,11.9,6.3,0.0
Sapporo,2020-05-02,rainy,8.5,9.0,8.1,18.11
Sapporo,2020-05-03,sunny,11.6,15.3,8.8,0.0
Sapporo,2020-05-04,sunny,13.0,19.4,10.1,0.0
Sapporo,2020-05-05,sunny,13.6,19.8,11.2,0.0
Sapporo,2020-05-06,sunny,11.9,17.1,7.7,0.0
Sapporo,2020-05-07,sunny,12.5,17.5,8.5,0.0
Sapporo,2020-05-08,sunny,12.7,17.5,10.8,0.0
Sapporo,2020-05-09,sunny,13.0,17.3,12.1,0.0
Sapporo,2020-05-10,sunny,13.5,17.8,11.0,0.0
Sapporo,2020-05-11,sunny,13.9,18.8,11.2,0.0
Sapporo,2020-05-12,sunny,13.6,17.9,9.7,0.0
Sapporo,2020-05-13,sunny,12.1,15.3,8.7,0.0
Sapporo,2020-05-14,sunny,13.2,18.2,11.6,0.0
Sapporo,2020-05-15,sunny,13.9,18.5,12.9,0.0
Sapporo,2020-05-16,sunny,13.3,19.6,8.5,0.0
Sapporo,2020-05-17,sunny,14.5,21.9,11.5,0.0
Sapporo,2020-05-18,cloudy,13.8,16.2,11.7,0.0
Sapporo,2020-05-19,sunny,13.5,18.2,10.4,0.0
Sapporo,2020-05-20,sunny,14.1,19.8,11.5,0.0
Sapporo,2020-05-21,rainy,12.8,14.3,11.4,8.04
Sapporo,2020-05-22,rainy,15.7,15.9,13.6,33.37
Sapporo,2020-05-23,rainy,15.4,17.2,14.9,14.79
Sapporo,2020-05-24,rainy,16.7,17.7,16.0,12.26
Sapporo,2020-05-25,rainy,14.3,16.3,14.3,17.33
Sapporo,2020-05-26,sunny,14.7,20.0,12.0,0.0
Sapporo,2020-05-27,rainy,13.0,13.1,12.4,10.86
Sapporo,2020-05-28,rainy,15.6,17.0,13.4,9.07
Sapporo,2020-05-29,sunny,16.2,21.5,14.9,0.0
Sapporo,2020-05-30,sunny,17.6,22.6,15.3,0.0
Sapporo,2020-05-31,sunny,17.8,22.0,14.9,0.0
Sapporo,2020-06-01,sunny,18.1,21.7,16.9,0.0
Sapporo,2020-06-02,sunny,19.0,26.3,14.5,0.0
Sapporo,2020-06-03,sunny,18.5,24.4,17.9,0.0
Sapporo,2020-06-04,sunny,19.4,24.1,15.6,0.0
Sapporo,2020-06-05,sunny,20.9,25.9,16.4,0.0
Sapporo,2020-06-06,sunny,21.4,26.1,19.7,0.0
Sapporo,2020-06-07,sunny,21.2,26.3,17.1,0.0
Sapporo,2020-06-08,sunny,18.9,24.7,14.1,0.0
Sapporo,2020-06-09,sunny,20.0,25.8,16.3,0.0
Sapporo,2020-06-10,sunny,18.2,21.0,14.9,0.0
Sapporo,2020-06-11,sunny,19.5,25.9,16.9,0.0
Sapporo,2020-06-12,sunny,18.2,22.9,14.6,0.0
Sapporo,2020-06-13,sunny,20.5,24.7,17.9,0.0
Sapporo,2020-06-14,sunny,20.3,25.8,17.0,0.0
Sapporo,2020-06-15,sunny,20.2,25.0,17.0,0.0
Sapporo,2020-06-16,cloudy,21.7,23.8,19.3,0.0
Sapporo,2020-06-17,sunny,21.6,27.3,19.9,0.0
Sapporo,2020-06-18,sunny,21.5,26.2,17.6,0.0
Sapporo,2020-06-19,sunny,22.7,27.1,19.9,0.0
Sapporo,2020-06-20,sunny,23.1,27.8,19.4,0.0
Sapporo,2020-06-21,rainy,21.0,21.1,18.5,31.84
Sapporo,2020-06-22,sunny,21.9,27.3,16.2,0.0
Sapporo,2020-06-23,sunny,21.8,27.7,18.5,0.0
Sapporo,2020-06-24,sunny,22.4,27.7,18.3,0.0
Sapporo,2020-06-25,sunny,23.7,29.1,20.0,0.0
Sapporo,2020-06-26,sunny,23.1,27.1,19.6,0.0
Sapporo,2020-06-27,sunny,23.9,30.0,19.8,0.0
Sapporo,2020-06-28,sunny,21.6,25.3,19.1,0.0
Sapporo,2020-06-29,sunny,22.9,28.8,20.4,0.0
Sapporo,2020-06-30,sunny,23.6,28.2,18.3,0.0
Sapporo,2020-07-01,sunny,23.7,28.5,21.5,0.0
Sapporo,2020-07-02,sunny,23.4,29.6,20.5,0.0
Sapporo,2020-07-03,sunny,24.2,27.5,22.9,0.0
Sapporo,2020-07-04,sunny,23.0,28.3,20.1,0.0
Sapporo,2020-07-05,sunny,23.3,30.5,22.0,0.0
Sapporo,2020-07-06,sunny,24.2,30.7,21.2,0.0
Sapporo,2020-07-07,sunny,25.5,30.1,23.5,0.0
Sapporo,2020-07-08,sunny,23.6,26.8,19.7,0.0
Sapporo,2020-07-09,sunny,24.2,27.5,21.7,0.0
Sapporo,2020-07-10,sunny,24.8,30.5,21.7,0.0
Sapporo,2020-07-11,sunny,24.0,28.4,21.0,0.0
Sapporo,2020-07-12,sunny,24.7,28.4,21.5,0.0
Sapporo,2020-07-13,sunny,25.3,30.5,23.3,0.0
Sapporo,2020-07-14,sunny,25.3,30.5,23.2,0.0
Sapporo,2020-07-15,sunny,23.8,30.3,20.0,0.0
Sapporo,2020-07-16,sunny,24.6,31.9,21.9,0.0
Sapporo,2020-07-17,sunny,23.5,28.9,19.2,0.0
Sapporo,2020-07-18,sunny,23.8,28.9,21.6,0.0
Sapporo,2020-07-19,cloudy,25.9,28.3,21.5,0.0
Sapporo,2020-07-20,sunny,23.4,28.7,20.1,0.0
Sapporo,2020-07-21,sunny,23.4,27.2,20.5,0.0
Sapporo,2020-07-22,sunny,27.8,32.4,24.0,0.0
Sapporo,2020-07-23,sunny,26.7,34.0,24.3,0.0
Sapporo,2020-07-24,sunny,25.9,31.9,21.1,0.0
Sapporo,2020-07-25,sunny,26.1,29.9,23.9,0.0
Sapporo,2020-07-26,cloudy,25.1,26.7,22.8,0.0
Sapporo,2020-07-27,sunny,26.4,31.8,24.1,0.0
Sapporo,2020-07-28,sunny,26.7,31.0,24.4,0.0
Sapporo,2020-07-29,sunny,26.0,32.7,22.6,0.0
Sapporo,2020-07-30,sunny,26.3,30.5,23.6,0.0
Sapporo,2020-07-31,sunny,26.1,33.6,21.0,0.0
Sapporo,2020-08-01,sunny,25.8,29.7,22.8,0.0
Sapporo,2020-08-02,sunny,26.5,31.4,24.5,0.0
Sapporo,2020-08-03,sunny,25.6,31.7,23.1,0.0
Sapporo,2020-08-04,sunny,26.4,30.8,23.1,0.0
Sapporo,2020-08-05,sunny,26.2,30.0,22.3,0.0
Sapporo,2020-08-06,sunny,24.5,31.0,21.6,0.0
Sapporo,2020-08-07,sunny,25.4,30.0,23.1,0.0
Sapporo,2020-08-08,sunny,25.5,30.1,22.7,0.0
Sapporo,2020-08-09,sunny,24.7,30.3,21.9,0.0
Sapporo,2020-08-10,sunny,26.0,31.7,22.7,0.0
Sapporo,2020-08-11,cloudy,25.9,27.1,24.2,0.0
Sapporo,2020-08-12,cloudy,26.0,26.1,23.1,0.0
Sapporo,2020-08-13,sunny,25.3,30.4,24.9,0.0
Sapporo,2020-08-14,sunny,25.1,28.9,21.4,0.0
Sapporo,2020-08-15,sunny,25.1,28.5,22.1,0.0
Sapporo,2020-08-16,cloudy,26.5,28.6,25.0,0.0
Sapporo,2020-08-17,sunny,26.5,29.8,23.4,0.0
Sapporo,2020-08-18,sunny,26.9,31.4,24.8,0.0
Sapporo,2020-08-19,cloudy,25.9,27.4,23.9,0.0
Sapporo,2020-08-20,sunny,25.8,29.2,23.8,0.0
Sapporo,2020-08-21,cloudy,25.6,27.4,23.5,0.0
Sapporo,2020-08-22,sunny,23.2,27.7,18.9,0.0
Sapporo,2020-08-23,sunny,24.6,29.5,20.1,0.0
Sapporo,2020-08-24,sunny,24.6,28.1,21.8,0.0
Sapporo,2020-08-25,sunny,23.5,29.4,19.8,0.0
Sapporo,2020-08-26,sunny,23.3,27.5,20.9,0.0
Sapporo,2020-08-27,sunny,25.9,32.1,23.6,0.0
Sapporo,2020-08-28,sunny,24.4,29.2,21.6,0.0
Sapporo,2020-08-29,sunny,24.2,29.5,19.5,0.0
Sapporo,2020-08-30,sunny,24.6,28.5,22.2,0.0
Sapporo,2020-08-31,sunny,23.8,28.7,20.7,0.0
Sapporo,2020-09-01,sunny,25.3,29.2,21.7,0.0
Sapporo,2020-09-02,sunny,23.7,28.9,19.5,0.0
Sapporo,2020-09-03,sunny,24.5,31.7,20.7,0.0
Sapporo,2020-09-04,sunny,24.7,32.2,21.3,0.0
Sapporo,2020-09-05,sunny,22.1,27.0,18.5,0.0
Sapporo,2020-09-06,sunny,24.7,28.5,21.6,0.0
Sapporo,2020-09-07,sunny,22.0,28.1,16.8,0.0
Sapporo,2020-09-08,sunny,23.9,28.4,21.1,0.0
Sapporo,2020-09-09,sunny,24.5,28.3,20.9,0.0
Sapporo,2020-09-10,sunny,24.2,29.7,19.9,0.0
Sapporo,2020-09-11,sunny,25.1,30.1,22.3,0.0
Sapporo,2020-09-12,sunny,23.1,27.7,21.0,0.0
Sapporo,2020-09-13,sunny,24.0,29.9,19.7,0.0
Sapporo,2020-09-14,sunny,24.0,27.4,22.3,0.0
Sapporo,2020-09-15,sunny,22.0,27.9,18.9,0.0
Sapporo,2020-09-16,rainy,23.4,24.5,22.6,35.13
Sapporo,2020-09-17,sunny,24.9,31.1,21.9,0.0
Sapporo,2020-09-18,sunny,22.3,27.3,20.1,0.0
Sapporo,2020-09-19,sunny,20.8,26.1,18.3,0.0
Sapporo,2020-09-20,sunny,20.9,25.7,18.7,0.0
Sapporo,2020-09-21,sunny,22.2,28.7,19.2,0.0
Sapporo,2020-09-22,sunny,22.8,25.9,17.9,0.0
Sapporo,2020-09-23,sunny,21.6,27.9,18.8,0.0
Sapporo,2020-09-24,sunny,20.5,24.4,18.5,0.0
Sapporo,2020-09-25,sunny,18.8,25.2,17.5,0.0
Sapporo,2020-09-26,sunny,20.0,24.3,15.3,0.0
Sapporo,2020-09-27,sunny,19.5,25.4,16.4,0.0
Sapporo,2020-09-28,sunny,20.8,25.4,17.8,0.0
Sapporo,2020-09-29,sunny,21.4,26.8,17.4,0.0
Sapporo,2020-09-30,sunny,20.9,25.5,17.3,0.0
Sapporo,2020-10-01,sunny,20.2,26.1,17.0,0.0
Sapporo,2020-10-02,sunny,19.3,23.6,16.8,0.0
Sapporo,2020-10-03,sunny,20.5,25.1,17.1,0.0
Sapporo,2020-10-04,sunny,19.2,25.0,15.8,0.0
Sapporo,2020-10-05,sunny,17.6,22.7,12.9,0.0
Sapporo,2020-10-06,sunny,18.3,22.9,15.2,0.0
Sapporo,2020-10-07,sunny,18.9,23.0,17.5,0.0
Sapporo,2020-10-08,sunny,18.1,22.6,15.0,0.0
Sapporo,2020-10-09,sunny,19.3,25.4,15.3,0.0
Sapporo,2020-10-10,cloudy,19.2,19.5,19.0,0.0
Sapporo,2020-10-11,sunny,18.7,23.2,16.0,0.0
Sapporo,2020-10-12,sunny,19.7,25.5,16.0,0.0
Sapporo,2020-10-13,sunny,17.6,23.3,12.7,0.0
Sapporo,2020-10-14,sunny,16.6,20.7,13.5,0.0
Sapporo,2020-10-15,rainy,15.9,18.8,15.9,18.81
Sapporo,2020-10-16,rainy,17.3,19.2,16.4,33.23
Sapporo,2020-10-17,cloudy,18.8,22.2,16.7,0.0
Sapporo,2020-10-18,sunny,16.4,21.1,13.5,0.0
Sapporo,2020-10-19,sunny,18.8,21.8,16.2,0.0
Sapporo,2020-10-20,sunny,15.6,21.0,12.9,0.0
Sapporo,2020-10-21,sunny,15.9,22.5,11.9,0.0
Sapporo,2020-10-22,cloudy,16.3,17.2,14.1,0.0
Sapporo,2020-10-23,sunny,14.7,18.6,11.1,0.0
Sapporo,2020-10-24,sunny,14.7,19.5,12.7,0.0
Sapporo,2020-10-25,sunny,13.4,17.9,10.6,0.0
Sapporo,2020-10-26,sunny,15.5,21.0,13.2,0.0
Sapporo,2020-10-27,sunny,14.4,20.0,11.6,0.0
Sapporo,2020-10-28,sunny,14.8,19.4,11.2,0.0
Sapporo,2020-10-29,sunny,15.9,20.6,12.9,0.0
Sapporo,2020-10-30,sunny,14.0,18.7,10.8,0.0
Sapporo,2020-10-31,sunny,13.1,19.4,9.8,0.0
Sapporo,2020-11-01,sunny,14.1,18.4,13.1,0.0
Sapporo,2020-11-02,sunny,11.1,15.7,8.3,0.0
Sapporo,2020-11-03,sunny,12.1,15.4,8.6,0.0
Sapporo,2020-11-04,sunny,13.9,19.5,11.0,0.0
Sapporo,2020-11-05,sunny,14.8,19.9,12.0,0.0
Sapporo,2020-11-06,rainy,12.2,12.7,11.9,16.43
Sapporo,2020-11-07,sunny,10.4,16.3,7.5,0.0
Sapporo,2020-11-08,sunny,13.5,18.5,11.2,0.0
Sapporo,2020-11-09,sunny,11.2,16.5,9.6,0.0
Sapporo,2020-11-10,sunny,11.3,15.6,7.5,0.0
Sapporo,2020-11-11,cloudy,11.6,13.2,8.9,0.0
Sapporo,2020-11-12,sunny,9.9,14.2,6.0,0.0
Sapporo,2020-11-13,sunny,10.4,15.6,6.4,0.0
Sapporo,2020-11-14,cloudy,8.7,10.7,6.6,0.0
Sapporo,2020-11-15,sunny,10.5,15.4,5.4,0.0
Sapporo,2020-11-16,sunny,10.1,14.1,6.2,0.0
Sapporo,2020-11-17,sunny,8.8,12.6,5.8,0.0
Sapporo,2020-11-18,sunny,9.2,13.8,6.6,0.0
Sapporo,2020-11-19,sunny,7.3,11.6,4.5,0.0
Sapporo,2020-11-20,sunny,7.6,12.1,5.4,0.0
Sapporo,2020-11-21,sunny,9.2,14.4,8.0,0.0
Sapporo,2020-11-22,sunny,7.3,11.9,2.7,0.0
Sapporo,2020-11-23,sunny,7.6,10.9,3.8,0.0
Sapporo,2020-11-24,cloudy,7.3,8.7,4.6,0.0
Sapporo,2020-11-25,sunny,7.7,13.1,4.9,0.0
Sapporo,2020-11-26,sunny,7.4,12.0,5.7,0.0
Sapporo,2020-11-27,rainy,4.6,4.7,2.8,20.11
Sapporo,2020-11-28,sunny,5.4,10.0,2.7,0.0
Sapporo,2020-11-29,rainy,4.9,5.3,3.6,8.9
Sapporo,2020-11-30,rainy,4.9,7.1,2.2,13.46
Sapporo,2020-12-01,rainy,3.7,5.5,3.5,14.79
Sapporo,2020-12-02,sunny,4.7,9.4,2.8,0.0
Sapporo,2020-12-03,sunny,5.3,10.0,2.9,0.0
Sapporo,2020-12-04,cloudy,5.3,7.8,3.5,0.0
Sapporo,2020-12-05,sunny,6.0,10.9,4.7,0.0
Sapporo,2020-12-06,sunny,4.1,10.2,2.4,0.0
Sapporo,2020-12-07,sunny,4.8,10.0,1.2,0.0
Sapporo,2020-12-08,sunny,4.3,9.8,0.9,0.0
Sapporo,2020-12-09,sunny,1.7,6.8,-0.6,0.0
Sapporo,2020-12-10,sunny,3.6,8.2,0.7,0.0
Sapporo,2020-12-11,cloudy,4.0,5.4,1.8,0.0
Sapporo,2020-12-12,rainy,5.2,6.1,3.8,12.39
Sapporo,2020-12-13,sunny,4.9,10.7,2.3,0.0
Sapporo,2020-12-14,sunny,4.3,10.3,0.7,0.0
Sapporo,2020-12-15,sunny,1.6,7.5,-1.7,0.0
Sapporo,2020-12-16,sunny,1.2,4.7,-0.0,0.0
Sapporo,2020-12-17,sunny,3.4,8.7,0.2,0.0
Sapporo,2020-12-18,sunny,4.0,9.7,-0.5,0.0
Sapporo,2020-12-19,sunny,3.0,7.1,0.5,0.0
Sapporo,2020-12-20,sunny,0.9,5.0,-2.6,0.0
Sapporo,2020-12-21,snowy,-2.1,-0.3,-2.4,7.35
Sapporo,2020-12-22,rainy,1.8,4.0,1.3,34.6
Sapporo,2020-12-23,rainy,1.6,2.0,0.6,43.65
Sapporo,2020-12-24,cloudy,2.0,2.9,1.2,0.0
Sapporo,2020-12-25,sunny,2.6,7.9,0.4,0.0
Sapporo,2020-12-26,sunny,5.3,10.7,2.4,0.0
Sapporo,2020-12-27,sunny,2.4,7.3,-0.9,0.0
Sapporo,2020-12-28,sunny,0.7,5.3,-2.3,0.0
Sapporo,2020-12-29,sunny,-0.2,5.0,-2.6,0.0
Sapporo,2020-12-30,sunny,0.7,6.3,-2.6,0.0
Sapporo,2020-12-31,rainy,0.2,0.4,-0.4,20.36
Sapporo,2021-01-01,cloudy,1.5,3.1,-0.5,0.0
Sapporo,2021-01-02,sunny,-0.3,4.1,-2.7,0.0
Sapporo,2021-01-03,sunny,1.0,5.3,-2.8,0.0
Sapporo,2021-01-04,snowy,-1.1,1.0,-3.8,27.85
Sapporo,2021-01-05,snowy,-2.5,-1.3,-4.8,23.7
Sapporo,2021-01-06,sunny,0.3,6.5,-2.5,0.0
Sapporo,2021-01-07,cloudy,-0.6,0.5,-2.5,0.0
Sapporo,2021-01-08,sunny,-1.6,1.7,-3.6,0.0
Sapporo,2021-01-09,sunny,-1.0,2.6,-5.2,0.0
Sapporo,2021-01-10,sunny,-0.4,4.8,-2.9,0.0
Sapporo,2021-01-11,cloudy,-1.4,1.9,-3.6,0.0
Sapporo,2021-01-12,snowy,-2.4,-1.4,-3.0,32.3
Sapporo,2021-01-13,snowy,-2.5,-1.8,-3.8,14.6
Sapporo,2021-01-14,sunny,-0.1,7.3,-3.7,0.0
Sapporo,2021-01-15,sunny,-1.7,3.1,-4.9,0.0
Sapporo,2021-01-16,snowy,-1.9,-1.8,-3.4,36.78
Sapporo,2021-01-17,sunny,-1.0,3.8,-5.9,0.0
Sapporo,2021-01-18,cloudy,-0.3,2.7,-2.7,0.0
Sapporo,2021-01-19,snowy,-2.6,-1.1,-2.9,12.46
Sapporo,2021-01-20,snowy,-3.2,-1.2,-4.7,9.43
Sapporo,2021-01-21,sunny,-1.8,2.0,-5.2,0.0
Sapporo,2021-01-22,cloudy,-1.3,1.9,-2.2,0.0
Sapporo,2021-01-23,cloudy,-1.0,0.1,-2.2,0.0
Sapporo,2021-01-24,cloudy,-0.8,2.1,-3.1,0.0
Sapporo,2021-01-25,snowy,-2.2,-0.5,-4.0,23.09
Sapporo,2021-01-26,snowy,-3.5,-3.0,-4.3,11.77
Sapporo,2021-01-27,cloudy,-2.2,0.9,-4.7,0.0
Sapporo,2021-01-28,sunny,-4.2,0.3,-7.3,0.0
Sapporo,2021-01-29,snowy,-7.5,-6.7,-9.6,18.91
Sapporo,2021-01-30,sunny,-5.1,0.7,-7.9,0.0
Sapporo,2021-01-31,cloudy,-1.0,1.3,-1.9,0.0
Sapporo,2021-02-01,snowy,-0.6,-0.3,-1.7,13.7
Sapporo,2021-02-02,snowy,-0.3,0.5,-2.4,16.3
Sapporo,2021-02-03,cloudy,-2.5,-1.7,-4.8,0.0
Sapporo,2021-02-04,cloudy,-2.0,0.1,-4.2,0.0
Sapporo,2021-02-05,sunny,-1.3,4.8,-5.1,0.0
Sapporo,2021-02-06,cloudy,-1.5,1.3,-1.9,0.0
Sapporo,2021-02-07,sunny,-2.6,2.4,-6.3,0.0
Sapporo,2021-02-08,sunny,-1.6,3.5,-4.6,0.0
Sapporo,2021-02-09,sunny,-2.8,1.8,-6.1,0.0
Sapporo,2021-02-10,sunny,-2.1,2.0,-5.8,0.0
Sapporo,2021-02-11,sunny,-1.3,4.1,-5.5,0.0
Sapporo,2021-02-12,sunny,-1.9,2.8,-4.9,0.0
Sapporo,2021-02-13,sunny,-2.8,1.4,-6.6,0.0
Sapporo,2021-02-14,sunny,-1.9,3.5,-6.1,0.0
Sapporo,2021-02-15,cloudy,-3.7,-2.5,-5.3,0.0
Sapporo,2021-02-16,sunny,-2.4,2.9,-4.1,0.0
Sapporo,2021-02-17,cloudy,-0.9,2.2,-5.0,0.0
Sapporo,2021-02-18,sunny,-1.0,4.6,-4.5,0.0
Sapporo,2021-02-19,cloudy,-0.8,-0.5,-2.4,0.0
Sapporo,2021-02-20,sunny,-2.0,2.5,-3.8,0.0
Sapporo,2021-02-21,snowy,-3.0,-1.2,-4.6,22.31
Sapporo,2021-02-22,cloudy,-2.6,-1.0,-5.1,0.0
Sapporo,2021-02-23,sunny,-0.0,4.2,-2.5,0.0
Sapporo,2021-02-24,cloudy,-0.7,0.6,-3.6,0.0
Sapporo,2021-02-25,sunny,-1.6,3.0,-4.8,0.0
Sapporo,2021-02-26,sunny,-1.2,5.4,-3.9,0.0
Sapporo,2021-02-27,sunny,0.0,5.6,-0.7,0.0
Sapporo,2021-02-28,snowy,-1.8,-1.7,-2.4,17.56
Sapporo,2021-03-01,sunny,-3.0,1.3,-6.6,0.0
Sapporo,2021-03-02,sunny,-1.1,3.6,-5.7,0.0
Sapporo,2021-03-03,sunny,-1.3,3.6,-1.7,0.0
Sapporo,2021-03-04,sunny,-0.2,5.8,-2.1,0.0
Sapporo,2021-03-05,sunny,-0.2,5.1,-1.2,0.0
Sapporo,2021-03-06,sunny,-0.0,5.1,-3.6,0.0
Sapporo,2021-03-07,rainy,0.2,1.6,0.0,8.77
Sapporo,2021-03-08,snowy,-1.9,-1.5,-4.0,8.02
Sapporo,2021-03-09,sunny,-1.9,2.1,-4.6,0.0
Sapporo,2021-03-10,sunny,-0.4,5.7,-2.0,0.0
Sapporo,2021-03-11,sunny,0.8,8.0,-1.2,0.0
Sapporo,2021-03-12,sunny,1.3,5.3,-2.8,0.0
Sapporo,2021-03-13,snowy,-1.8,0.2,-2.9,23.73
Sapporo,2021-03-14,sunny,0.7,5.5,-4.4,0.0
Sapporo,2021-03-15,rainy,2.5,4.0,1.5,17.46
Sapporo,2021-03-16,rainy,1.0,1.2,-0.6,17.36
Sapporo,2021-03-17,snowy,-0.4,-0.1,-0.8,39.28
Sapporo,2021-03-18,sunny,1.3,5.3,-2.1,0.0
Sapporo,2021-03-19,sunny,0.8,5.3,-1.2,0.0
Sapporo,2021-03-20,cloudy,1.5,4.3,0.2,0.0
Sapporo,2021-03-21,sunny,2.5,5.5,-0.0,0.0
Sapporo,2021-03-22,sunny,3.0,7.5,1.0,0.0
Sapporo,2021-03-23,rainy,1.6,1.7,-1.0,19.08
Sapporo,2021-03-24,rainy,2.4,4.4,1.6,41.82
Sapporo,2021-03-25,rainy,1.2,1.6,-1.1,18.07
Sapporo,2021-03-26,sunny,2.6,8.7,-1.5,0.0
Sapporo,2021-03-27,cloudy,2.6,4.9,2.0,0.0
Sapporo,2021-03-28,sunny,1.4,7.9,-1.5,0.0
Sapporo,2021-03-29,sunny,3.4,8.2,1.3,0.0
Sapporo,2021-03-30,rainy,2.2,2.6,-1.0,9.01
Sapporo,2021-03-31,rainy,4.7,5.4,4.5,12.8
Sapporo,2021-04-01,sunny,3.4,7.6,1.0,0.0
Sapporo,2021-04-02,sunny,1.3,6.0,-2.3,0.0
Sapporo,2021-04-03,rainy,3.0,4.2,1.8,13.29
Sapporo,2021-04-04,sunny,4.2,9.0,1.3,0.0
Sapporo,2021-04-05,sunny,2.5,6.5,-1.1,0.0
Sapporo,2021-04-06,rainy,3.1,4.0,3.0,28.32
Sapporo,2021-04-07,cloudy,4.1,7.1,2.9,0.0
Sapporo,2021-04-08,rainy,1.4,3.4,-0.3,30.38
Sapporo,2021-04-09,rainy,2.8,3.9,0.9,32.23
Sapporo,2021-04-10,rainy,2.0,2.9,1.9,6.6
Sapporo,2021-04-11,sunny,5.9,11.0,2.1,0.0
Sapporo,2021-04-12,sunny,4.9,10.6,3.4,0.0
Sapporo,2021-04-13,cloudy,5.9,7.2,3.0,0.0
Sapporo,2021-04-14,sunny,5.5,11.2,2.9,0.0
Sapporo,2021-04-15,cloudy,5.8,7.7,2.6,0.0
Sapporo,2021-04-16,sunny,5.4,9.9,1.8,0.0
Sapporo,2021-04-17,sunny,6.7,9.6,4.2,0.0
Sapporo,2021-04-18,sunny,6.4,12.7,4.0,0.0
Sapporo,2021-04-19,sunny,7.6,12.5,2.7,0.0
Sapporo,2021-04-20,sunny,7.2,12.3,3.5,0.0
Sapporo,2021-04-21,sunny,7.7,12.1,5.2,0.0
Sapporo,2021-04-22,sunny,8.6,14.0,6.9,0.0
Sapporo,2021-04-23,sunny,9.6,16.0,8.0,0.0
Sapporo,2021-04-24,cloudy,8.7,10.1,5.7,0.0
Sapporo,2021-04-25,sunny,11.2,15.4,7.5,0.0
Sapporo,2021-04-26,rainy,8.6,8.9,7.0,16.58
Sapporo,2021-04-27,rainy,9.1,10.3,8.8,28.25
Sapporo,2021-04-28,sunny,9.1,15.1,6.5,0.0
Sapporo,2021-04-29,sunny,11.5,16.4,7.7,0.0
Sapporo,2021-04-30,sunny,11.6,15.2,10.2,0.0
Sapporo,2021-05-01,sunny,9.7,15.7,6.4,0.0
Sapporo,2021-05-02,sunny,10.9,17.6,7.3,0.0
Sapporo,2021-05-03,sunny,10.7,16.0,6.6,0.0
Sapporo,2021-05-04,rainy,11.3,14.8,10.3,23.42
Sapporo,2021-05-05,sunny,12.0,18.7,8.1,0.0
Sapporo,2021-05-06,sunny,10.9,16.4,7.8,0.0
Sapporo,2021-05-07,sunny,13.1,17.9,11.5,0.0
Sapporo,2021-05-08,sunny,12.5,18.3,9.9,0.0
Sapporo,2021-05-09,sunny,13.8,17.8,10.2,0.0
Sapporo,2021-05-10,sunny,13.1,18.8,10.3,0.0
Sapporo,2021-05-11,rainy,11.0,11.3,9.3,22.96
Sapporo,2021-05-12,rainy,11.0,12.3,10.7,7.79
Sapporo,2021-05-13,sunny,13.9,19.3,11.6,0.0
Sapporo,2021-05-14,sunny,14.8,21.8,12.8,0.0
Sapporo,2021-05-15,sunny,14.0,19.3,10.1,0.0
Sapporo,2021-05-16,sunny,13.8,19.1,12.0,0.0
Sapporo,2021-05-17,sunny,14.8,19.4,11.9,0.0
Sapporo,2021-05-18,sunny,14.5,19.8,11.7,0.0
Sapporo,2021-05-19,rainy,12.7,14.1,11.4,37.85
Sapporo,2021-05-20,sunny,14.0,18.1,11.0,0.0
Sapporo,2021-05-21,sunny,14.9,18.5,13.0,0.0
Sapporo,2021-05-22,sunny,16.5,22.6,13.8,0.0
Sapporo,2021-05-23,sunny,17.1,22.7,15.2,0.0
Sapporo,2021-05-24,sunny,15.0,19.4,11.4,0.0
Sapporo,2021-05-25,sunny,16.4,21.0,14.0,0.0
Sapporo,2021-05-26,sunny,15.9,21.6,12.8,0.0
Sapporo,2021-05-27,sunny,16.9,20.2,15.4,0.0
Sapporo,2021-05-28,sunny,15.5,19.9,12.5,0.0
Sapporo,2021-05-29,sunny,14.9,21.2,12.3,0.0
Sapporo,2021-05-30,sunny,16.8,22.3,12.5,0.0
Sapporo,2021-05-31,sunny,15.9,20.9,12.2,0.0
Sapporo,2021-06-01,cloudy,17.8,21.7,17.6,0.0
Sapporo,2021-06-02,sunny,18.3,22.8,15.7,0.0
Sapporo,2021-06-03,sunny,16.1,21.1,15.0,0.0
Sapporo,2021-06-04,rainy,17.2,18.7,16.4,19.14
Sapporo,2021-06-05,sunny,17.7,23.1,17.2,0.0
Sapporo,2021-06-06,sunny,17.1,21.5,13.7,0.0
Sapporo,2021-06-07,sunny,19.6,23.7,16.3,0.0
Sapporo,2021-06-08,sunny,17.8,23.3,13.7,0.0
Sapporo,2021-06-09,sunny,18.4,22.4,15.8,0.0
Sapporo,2021-06-10,sunny,18.1,23.1,15.2,0.0
Sapporo,2021-06-11,sunny,18.1,23.9,15.8,0.0
Sapporo,2021-06-12,rainy,18.4,19.3,18.2,8.76
Sapporo,2021-06-13,rainy,18.1,21.0,16.6,16.64
Sapporo,2021-06-14,rainy,15.5,15.9,13.8,23.5
Sapporo,2021-06-15,sunny,21.3,25.7,17.9,0.0
Sapporo,2021-06-16,sunny,19.4,24.2,17.1,0.0
Sapporo,2021-06-17,sunny,19.6,23.2,17.4,0.0
Sapporo,2021-06-18,sunny,22.0,27.0,17.3,0.0
Sapporo,2021-06-19,sunny,21.2,26.8,18.6,0.0
Sapporo,2021-06-20,sunny,22.0,26.0,21.3,0.0
Sapporo,2021-06-21,sunny,23.8,28.3,19.5,0.0
Sapporo,2021-06-22,sunny,22.8,28.0,17.4,0.0
Sapporo,2021-06-23,sunny,22.4,26.2,20.5,0.0
Sapporo,2021-06-24,sunny,21.6,27.4,19.9,0.0
Sapporo,2021-06-25,sunny,22.9,27.9,18.9,0.0
Sapporo,2021-06-26,sunny,22.4,27.4,17.5,0.0
Sapporo,2021-06-27,sunny,21.7,25.7,18.6,0.0
Sapporo,2021-06-28,sunny,25.3,28.7,24.0,0.0
Sapporo,2021-06-29,sunny,23.0,28.9,20.4,0.0
Sapporo,2021-06-30,sunny,23.3,28.8,20.6,0.0
Sapporo,2021-07-01,cloudy,23.5,26.5,21.2,0.0
Sapporo,2021-07-02,sunny,22.8,29.3,20.4,0.0
Sapporo,2021-07-03,sunny,22.6,29.2,18.0,0.0
Sapporo,2021-07-04,sunny,22.7,29.7,19.0,0.0
Sapporo,2021-07-05,rainy,23.6,24.7,23.5,29.38
Sapporo,2021-07-06,sunny,24.3,28.6,20.7,0.0
Sapporo,2021-07-07,cloudy,24.8,25.4,22.8,0.0
Sapporo,2021-07-08,sunny,25.8,30.7,23.4,0.0
Sapporo,2021-07-09,sunny,23.9,28.6,16.8,0.0
Sapporo,2021-07-10,sunny,23.2,27.8,17.8,0.0
Sapporo,2021-07-11,sunny,25.1,29.4,22.4,0.0
Sapporo,2021-07-12,sunny,27.4,33.0,25.1,0.0
Sapporo,2021-07-13,sunny,25.1,31.0,22.6,0.0
Sapporo,2021-07-14,sunny,23.9,29.7,22.0,0.0
Sapporo,2021-07-15,sunny,23.5,29.8,20.8,0.0
Sapporo,2021-07-16,sunny,25.1,29.9,22.5,0.0
Sapporo,2021-07-17,sunny,24.6,29.3,21.7,0.0
Sapporo,2021-07-18,sunny,23.7,28.1,19.3,0.0
Sapporo,2021-07-19,sunny,24.5,29.7,22.7,0.0
Sapporo,2021-07-20,sunny,26.1,32.5,23.7,0.0
Sapporo,2021-07-21,sunny,25.8,31.2,24.8,0.0
Sapporo,2021-07-22,rainy,24.1,24.9,22.9,28.73
Sapporo,2021-07-23,sunny,24.3,29.6,22.3,0.0
Sapporo,2021-07-24,sunny,24.3,29.4,20.1,0.0
Sapporo,2021-07-25,sunny,25.7,29.9,22.3,0.0
Sapporo,2021-07-26,sunny,26.4,30.5,22.9,0.0
Sapporo,2021-07-27,sunny,26.9,33.2,26.7,0.0
Sapporo,2021-07-28,sunny,27.3,32.3,25.5,0.0
Sapporo,2021-07-29,sunny,26.1,30.2,22.3,0.0
Sapporo,2021-07-30,cloudy,26.3,29.2,25.7,0.0
Sapporo,2021-07-31,sunny,25.4,30.0,21.7,0.0
Sapporo,2021-08-01,sunny,25.9,29.3,22.4,0.0
Sapporo,2021-08-02,sunny,25.4,30.0,24.4,0.0
Sapporo,2021-08-03,sunny,25.6,31.5,21.0,0.0
Sapporo,2021-08-04,sunny,25.6,30.5,24.3,0.0
Sapporo,2021-08-05,sunny,25.8,31.4,23.5,0.0
Sapporo,2021-08-06,sunny,25.0,27.9,21.7,0.0
Sapporo,2021-08-07,sunny,25.0,30.1,22.9,0.0
Sapporo,2021-08-08,sunny,26.6,30.3,25.9,0.0
Sapporo,2021-08-09,sunny,26.0,30.5,24.5,0.0
Sapporo,2021-08-10,sunny,26.4,32.3,23.3,0.0
Sapporo,2021-08-11,cloudy,26.8,29.4,23.4,0.0
Sapporo,2021-08-12,sunny,26.8,31.0,24.0,0.0
Sapporo,2021-08-13,sunny,24.5,29.3,21.7,0.0
Sapporo,2021-08-14,sunny,26.9,31.7,23.9,0.0
Sapporo,2021-08-15,sunny,28.6,35.0,26.2,0.0
Sapporo,2021-08-16,rainy,25.0,27.7,23.3,21.21
Sapporo,2021-08-17,rainy,23.6,24.5,22.2,13.09
Sapporo,2021-08-18,sunny,25.5,28.6,23.2,0.0
Sapporo,2021-08-19,sunny,25.2,29.4,22.7,0.0
Sapporo,2021-08-20,sunny,26.6,30.9,21.9,0.0
Sapporo,2021-08-21,rainy,23.9,23.9,22.3,19.07
Sapporo,2021-08-22,rainy,23.6,24.4,22.4,13.85
Sapporo,2021-08-23,sunny,24.3,29.0,20.4,0.0
Sapporo,2021-08-24,sunny,26.3,31.7,23.3,0.0
Sapporo,2021-08-25,sunny,23.7,28.2,20.8,0.0
Sapporo,2021-08-26,cloudy,25.1,27.2,24.3,0.0
Sapporo,2021-08-27,rainy,22.7,23.0,21.7,13.71
Sapporo,2021-08-28,rainy,22.5,22.9,20.4,30.69
Sapporo,2021-08-29,rainy,23.4,25.5,23.1,29.46
Sapporo,2021-08-30,rainy,23.9,25.2,22.4,14.0
Sapporo,2021-08-31,sunny,25.2,31.9,23.6,0.0
Sapporo,2021-09-01,sunny,24.3,28.8,20.6,0.0
Sapporo,2021-09-02,sunny,23.6,31.0,17.5,0.0
Sapporo,2021-09-03,sunny,25.6,30.9,22.5,0.0
Sapporo,2021-09-04,rainy,24.2,25.9,22.9,17.33
Sapporo,2021-09-05,cloudy,25.1,28.2,21.7,0.0
Sapporo,2021-09-06,sunny,23.7,28.6,22.5,0.0
Sapporo,2021-09-07,sunny,22.4,26.7,19.4,0.0
Sapporo,2021-09-08,sunny,24.8,29.5,21.5,0.0
Sapporo,2021-09-09,sunny,23.5,27.5,20.0,0.0
Sapporo,2021-09-10,sunny,24.3,30.4,22.3,0.0
Sapporo,2021-09-11,sunny,23.9,28.6,19.8,0.0
Sapporo,2021-09-12,sunny,24.4,29.4,20.1,0.0
Sapporo,2021-09-13,sunny,24.5,29.2,22.3,0.0
Sapporo,2021-09-14,sunny,23.9,28.8,19.6,0.0
Sapporo,2021-09-15,sunny,23.4,29.9,19.1,0.0
Sapporo,2021-09-16,sunny,21.5,28.7,20.1,0.0
Sapporo,2021-09-17,sunny,24.1,29.5,21.2,0.0
Sapporo,2021-09-18,cloudy,22.6,25.4,21.0,0.0
Sapporo,2021-09-19,sunny,20.6,25.5,18.4,0.0
Sapporo,2021-09-20,sunny,19.9,26.1,16.0,0.0
Sapporo,2021-09-21,sunny,22.3,27.2,20.0,0.0
Sapporo,2021-09-22,sunny,21.7,25.0,16.5,0.0
Sapporo,2021-09-23,sunny,20.5,26.9,17.7,0.0
Sapporo,2021-09-24,sunny,22.7,28.3,19.9,0.0
Sapporo,2021-09-25,cloudy,22.0,23.9,21.1,0.0
Sapporo,2021-09-26,sunny,21.2,26.3,18.6,0.0
Sapporo,2021-09-27,rainy,16.9,17.5,14.9,25.71
Sapporo,2021-09-28,sunny,21.4,25.9,18.8,0.0
Sapporo,2021-09-29,sunny,21.9,27.3,18.4,0.0
Sapporo,2021-09-30,sunny,20.1,26.5,17.2,0.0
Sapporo,2021-10-01,sunny,19.4,23.7,15.4,0.0
Sapporo,2021-10-02,sunny,21.7,27.8,19.3,0.0
Sapporo,2021-10-03,sunny,22.9,27.7,20.1,0.0
Sapporo,2021-10-04,sunny,20.0,24.6,16.9,0.0
Sapporo,2021-10-05,sunny,19.6,23.4,16.3,0.0
Sapporo,2021-10-06,sunny,19.1,24.4,17.0,0.0
Sapporo,2021-10-07,sunny,18.5,21.0,15.9,0.0
Sapporo,2021-10-08,sunny,18.1,24.1,14.9,0.0
Sapporo,2021-10-09,sunny,18.2,23.5,15.2,0.0
Sapporo,2021-10-10,sunny,16.8,23.0,15.6,0.0
Sapporo,2021-10-11,sunny,17.0,20.5,15.9,0.0
Sapporo,2021-10-12,rainy,17.3,17.7,15.5,33.39
Sapporo,2021-10-13,rainy,16.7,16.9,15.4,8.99
Sapporo,2021-10-14,rainy,17.7,19.2,16.0,19.42
Sapporo,2021-10-15,sunny,17.8,23.6,16.4,0.0
Sapporo,2021-10-16,sunny,18.8,22.0,17.4,0.0
Sapporo,2021-10-17,sunny,17.2,22.6,11.9,0.0
Sapporo,2021-10-18,sunny,13.7,17.9,11.3,0.0
Sapporo,2021-10-19,sunny,14.9,21.2,11.9,0.0
Sapporo,2021-10-20,sunny,16.7,22.3,12.8,0.0
Sapporo,2021-10-21,sunny,14.7,18.7,10.3,0.0
Sapporo,2021-10-22,sunny,17.0,22.5,13.5,0.0
Sapporo,2021-10-23,sunny,16.9,22.9,15.7,0.0
Sapporo,2021-10-24,sunny,15.4,19.5,13.3,0.0
Sapporo,2021-10-25,cloudy,15.3,18.7,12.9,0.0
Sapporo,2021-10-26,rainy,9.8,10.4,8.7,11.52
Sapporo,2021-10-27,rainy,11.7,12.5,11.3,10.21
Sapporo,2021-10-28,rainy,11.4,12.5,8.2,37.42
Sapporo,2021-10-29,sunny,13.3,15.7,10.6,0.0
Sapporo,2021-10-30,sunny,13.9,18.1,9.7,0.0
Sapporo,2021-10-31,rainy,12.6,12.6,10.5,14.23
Sapporo,2021-11-01,sunny,11.6,15.2,8.5,0.0
Sapporo,2021-11-02,sunny,13.9,17.2,10.6,0.0
Sapporo,2021-11-03,sunny,13.7,18.3,11.2,0.0
Sapporo,2021-11-04,sunny,12.3,16.8,10.2,0.0
Sapporo,2021-11-05,rainy,9.2,11.0,7.7,15.41
Sapporo,2021-11-06,sunny,10.6,15.4,6.5,0.0
Sapporo,2021-11-07,sunny,13.9,18.8,10.1,0.0
Sapporo,2021-11-08,sunny,12.1,16.1,7.8,0.0
Sapporo,2021-11-09,sunny,11.5,17.0,8.1,0.0
Sapporo,2021-11-10,sunny,11.3,16.0,9.3,0.0
Sapporo,2021-11-11,sunny,11.5,14.0,8.3,0.0
Sapporo,2021-11-12,cloudy,13.0,15.1,13.0,0.0
Sapporo,2021-11-13,sunny,12.1,17.0,8.3,0.0
Sapporo,2021-11-14,sunny,10.1,15.8,7.3,0.0
Sapporo,2021-11-15,sunny,10.9,15.7,8.3,0.0
Sapporo,2021-11-16,sunny,9.8,15.1,6.7,0.0
Sapporo,2021-11-17,sunny,9.1,12.5,4.9,0.0
Sapporo,2021-11-18,sunny,8.3,14.8,5.0,0.0
Sapporo,2021-11-19,sunny,9.5,14.4,6.1,0.0
Sapporo,2021-11-20,cloudy,8.4,11.7,5.6,0.0
Sapporo,2021-11-21,sunny,9.4,14.7,6.0,0.0
Sapporo,2021-11-22,sunny,7.5,11.9,2.3,0.0
Sapporo,2021-11-23,sunny,8.1,13.8,6.3,0.0
Sapporo,2021-11-24,sunny,6.9,11.1,5.0,0.0
Sapporo,2021-11-25,sunny,7.5,11.3,5.3,0.0
Sapporo,2021-11-26,sunny,6.7,8.6,3.1,0.0
Sapporo,2021-11-27,sunny,6.4,11.2,4.7,0.0
Sapporo,2021-11-28,sunny,4.7,10.0,1.2,0.0
Sapporo,2021-11-29,rainy,6.5,7.2,5.4,15.59
Sapporo,2021-11-30,rainy,4.0,4.0,3.6,48.01
Sapporo,2021-12-01,rainy,5.8,6.6,4.3,22.4
Sapporo,2021-12-02,sunny,6.0,10.7,3.3,0.0
Sapporo,2021-12-03,sunny,3.4,9.3,-0.9,0.0
Sapporo,2021-12-04,rainy,3.0,5.5,2.1,18.09
Sapporo,2021-12-05,rainy,5.0,5.3,3.5,22.89
Sapporo,2021-12-06,sunny,5.4,10.0,3.2,0.0
Sapporo,2021-12-07,sunny,6.3,9.4,4.3,0.0
Sapporo,2021-12-08,sunny,4.0,10.2,2.9,0.0
Sapporo,2021-12-09,sunny,4.4,9.5,2.9,0.0
Sapporo,2021-12-10,sunny,4.5,7.5,0.4,0.0
Sapporo,2021-12-11,rainy,3.1,4.9,2.3,6.4
Sapporo,2021-12-12,rainy,2.8,5.4,1.2,18.67
Sapporo,2021-12-13,rainy,1.3,1.4,-0.4,19.65
Sapporo,2021-12-14,sunny,2.9,5.8,0.8,0.0
Sapporo,2021-12-15,rainy,2.6,3.5,1.4,29.04
Sapporo,2021-12-16,rainy,3.1,4.7,2.4,27.11
Sapporo,2021-12-17,snowy,-0.9,1.5,-3.1,6.66
Sapporo,2021-12-18,rainy,0.2,1.9,0.1,17.34
Sapporo,2021-12-19,rainy,0.9,1.5,0.2,16.43
Sapporo,2021-12-20,rainy,2.8,2.8,0.1,20.94
Sapporo,2021-12-21,cloudy,3.2,4.6,0.7,0.0
Sapporo,2021-12-22,cloudy,3.2,5.0,2.4,0.0
Sapporo,2021-12-23,sunny,3.9,8.0,1.3,0.0
Sapporo,2021-12-24,sunny,0.2,4.5,-2.4,0.0
Sapporo,2021-12-25,sunny,1.1,4.2,-1.2,0.0
Sapporo,2021-12-26,sunny,0.9,5.1,-2.2,0.0
Sapporo,2021-12-27,sunny,0.6,5.8,-1.9,0.0
Sapporo,2021-12-28,sunny,0.6,6.2,-2.1,0.0
Sapporo,2021-12-29,sunny,0.4,5.8,-2.0,0.0
Sapporo,2021-12-30,snowy,-0.8,0.4,-1.4,24.44
Sapporo,2021-12-31,sunny,-0.2,5.2,-1.9,0.0
Sapporo,2022-01-01,sunny,1.1,5.4,-1.5,0.0
Sapporo,2022-01-02,sunny,1.9,8.2,-2.3,0.0
Sapporo,2022-01-03,sunny,-1.0,4.0,-4.5,0.0
Sapporo,2022-01-04,sunny,-0.1,8.8,-1.2,0.0
Sapporo,2022-01-05,snowy,-3.7,-2.0,-5.3,20.47
Sapporo,2022-01-06,snowy,-1.9,-0.4,-4.5,27.11
Sapporo,2022-01-07,snowy,-3.9,-3.1,-5.2,14.51
Sapporo,2022-01-08,sunny,-1.9,3.7,-4.3,0.0
Sapporo,2022-01-09,sunny,-1.1,4.1,-4.6,0.0
Sapporo,2022-01-10,sunny,-1.8,4.3,-3.6,0.0
Sapporo,2022-01-11,sunny,-1.9,3.9,-6.5,0.0
Sapporo,2022-01-12,sunny,0.9,3.9,-3.4,0.0
Sapporo,2022-01-13,sunny,-2.6,4.1,-6.6,0.0
Sapporo,2022-01-14,sunny,0.5,4.3,-2.7,0.0
Sapporo,2022-01-15,snowy,-1.5,1.5,-1.8,9.32
Sapporo,2022-01-16,sunny,-0.9,2.8,-2.6,0.0
Sapporo,2022-01-17,sunny,-1.1,3.8,-3.4,0.0
Sapporo,2022-01-18,sunny,-1.0,3.6,-3.2,0.0
Sapporo,2022-01-19,snowy,-2.5,-1.8,-2.6,23.56
Sapporo,2022-01-20,sunny,0.4,5.8,-2.8,0.0
Sapporo,2022-01-21,snowy,-3.1,-2.9,-5.5,15.16
Sapporo,2022-01-22,sunny,0.0,5.6,-4.6,0.0
Sapporo,2022-01-23,sunny,-0.8,4.7,-3.3,0.0
Sapporo,2022-01-24,cloudy,-0.8,3.0,-3.1,0.0
Sapporo,2022-01-25,sunny,-2.6,2.0,-4.5,0.0
Sapporo,2022-01-26,sunny,-1.6,2.9,-5.6,0.0
Sapporo,2022-01-27,sunny,-2.3,2.0,-5.9,0.0
Sapporo,2022-01-28,cloudy,-0.8,0.3,-2.3,0.0
Sapporo,2022-01-29,sunny,-1.0,4.8,-3.7,0.0
Sapporo,2022-01-30,cloudy,-2.4,-1.5,-2.9,0.0
Sapporo,2022-01-31,sunny,-2.3,2.4,-6.7,0.0
Sapporo,2022-02-01,sunny,-4.1,0.2,-6.7,0.0
Sapporo,2022-02-02,snowy,-4.2,-3.6,-5.4,26.11
Sapporo,2022-02-03,sunny,-1.5,5.1,-4.6,0.0
Sapporo,2022-02-04,sunny,-2.2,2.7,-6.7,0.0
Sapporo,2022-02-05,sunny,-1.6,2.3,-5.3,0.0
Sapporo,2022-02-06,snowy,-4.0,-4.0,-4.4,26.18
Sapporo,2022-02-07,snowy,-4.0,-1.8,-6.3,7.53
Sapporo,2022-02-08,snowy,-4.6,-4.2,-7.0,13.59
Sapporo,2022-02-09,sunny,-3.9,2.1,-5.4,0.0
Sapporo,2022-02-10,sunny,-2.5,1.3,-5.3,0.0
Sapporo,2022-02-11,sunny,-1.7,4.1,-4.7,0.0
Sapporo,2022-02-12,sunny,-2.6,0.7,-6.7,0.0
Sapporo,2022-02-13,sunny,-1.5,3.0,-4.2,0.0
Sapporo,2022-02-14,snowy,-1.0,-0.1,-2.1,15.6
Sapporo,2022-02-15,snowy,-4.5,-4.2,-6.1,8.96
Sapporo,2022-02-16,sunny,-3.0,4.1,-7.1,0.0
Sapporo,2022-02-17,sunny,-2.1,5.1,-4.8,0.0
Sapporo,2022-02-18,snowy,-3.5,-1.4,-4.7,30.62
Sapporo,2022-02-19,sunny,-1.6,3.8,-4.9,0.0
Sapporo,2022-02-20,sunny,-3.4,1.8,-8.3,0.0
Sapporo,2022-02-21,sunny,-2.3,2.2,-5.7,0.0
Sapporo,2022-02-22,cloudy,-1.2,1.6,-2.8,0.0
Sapporo,2022-02-23,snowy,-2.1,-1.9,-2.3,25.59
Sapporo,2022-02-24,sunny,-1.7,3.4,-4.5,0.0
Sapporo,2022-02-25,sunny,-1.7,3.6,-5.2,0.0
Sapporo,2022-02-26,cloudy,0.1,2.5,-2.3,0.0
Sapporo,2022-02-27,rainy,0.0,1.6,-0.0,25.68
Sapporo,2022-02-28,sunny,0.6,5.2,-1.7,0.0
Sapporo,2022-03-01,cloudy,0.7,2.2,-1.9,0.0
Sapporo,2022-03-02,sunny,0.1,5.9,-4.6,0.0
Sapporo,2022-03-03,snowy,-1.2,-0.8,-2.5,40.24
Sapporo,2022-03-04,sunny,-0.0,5.4,-3.1,0.0
Sapporo,2022-03-05,snowy,-1.7,0.2,-4.7,19.38
Sapporo,2022-03-06,snowy,-1.5,-0.2,-3.6,16.09
Sapporo,2022-03-07,snowy,-2.2,-0.9,-3.1,23.18
Sapporo,2022-03-08,snowy,-1.2,0.5,-1.2,18.88
Sapporo,2022-03-09,snowy,-3.1,-2.9,-3.5,19.26
Sapporo,2022-03-10,cloudy,0.9,1.2,0.9,0.0
Sapporo,2022-03-11,sunny,0.5,5.1,-1.2,0.0
Sapporo,2022-03-12,sunny,-0.6,3.7,-4.5,0.0
Sapporo,2022-03-13,sunny,-0.6,4.8,-3.5,0.0
Sapporo,2022-03-14,sunny,1.0,6.2,-2.3,0.0
Sapporo,2022-03-15,cloudy,1.5,1.8,-2.6,0.0
Sapporo,2022-03-16,snowy,-0.6,0.1,-0.8,16.07
Sapporo,2022-03-17,sunny,-0.3,4.5,-3.7,0.0
Sapporo,2022-03-18,sunny,-0.1,2.9,-2.4,0.0
Sapporo,2022-03-19,sunny,0.7,7.3,-3.0,0.0
Sapporo,2022-03-20,sunny,1.1,6.8,-0.5,0.0
Sapporo,2022-03-21,rainy,0.7,4.0,-0.4,6.53
Sapporo,2022-03-22,snowy,-0.3,0.5,-1.7,30.33
Sapporo,2022-03-23,rainy,1.8,3.1,-0.8,14.49
Sapporo,2022-03-24,sunny,2.7,7.5,0.2,0.0
Sapporo,2022-03-25,sunny,3.2,6.8,0.5,0.0
Sapporo,2022-03-26,sunny,2.6,7.3,0.5,0.0
Sapporo,2022-03-27,sunny,5.0,10.3,1.4,0.0
Sapporo,2022-03-28,sunny,0.4,6.6,-3.3,0.0
Sapporo,2022-03-29,sunny,1.5,7.9,-3.1,0.0
Sapporo,2022-03-30,sunny,1.6,8.7,0.7,0.0
Sapporo,2022-03-31,sunny,0.8,6.4,-1.9,0.0
Sapporo,2022-04-01,sunny,3.2,6.3,-0.2,0.0
Sapporo,2022-04-02,sunny,4.1,7.5,1.5,0.0
Sapporo,2022-04-03,sunny,6.5,10.3,3.4,0.0
Sapporo,2022-04-04,sunny,3.9,8.4,1.2,0.0
Sapporo,2022-04-05,sunny,4.4,9.7,0.9,0.0
Sapporo,2022-04-06,sunny,4.0,9.7,1.0,0.0
Sapporo,2022-04-07,sunny,7.0,12.2,2.9,0.0
Sapporo,2022-04-08,sunny,7.1,12.6,2.8,0.0
Sapporo,2022-04-09,sunny,8.0,14.3,3.1,0.0
Sapporo,2022-04-10,sunny,7.1,12.7,3.3,0.0
Sapporo,2022-04-11,sunny,4.3,8.3,-0.5,0.0
Sapporo,2022-04-12,sunny,4.4,9.8,-0.5,0.0
Sapporo,2022-04-13,sunny,4.4,9.4,1.8,0.0
Sapporo,2022-04-14,sunny,5.0,11.5,0.7,0.0
Sapporo,2022-04-15,sunny,6.8,10.5,3.2,0.0
Sapporo,2022-04-16,sunny,7.4,12.4,4.8,0.0
Sapporo,2022-04-17,sunny,7.2,11.3,4.6,0.0
Sapporo,2022-04-18,sunny,7.7,13.9,5.8,0.0
Sapporo,2022-04-19,sunny,10.0,16.4,7.2,0.0
Sapporo,2022-04-20,sunny,8.5,14.0,6.8,0.0
Sapporo,2022-04-21,sunny,9.3,14.7,5.3,0.0
Sapporo,2022-04-22,sunny,8.6,12.4,6.1,0.0
Sapporo,2022-04-23,sunny,8.9,13.1,5.5,0.0
Sapporo,2022-04-24,cloudy,7.7,9.4,3.7,0.0
Sapporo,2022-04-25,sunny,8.3,14.9,4.4,0.0
Sapporo,2022-04-26,rainy,8.9,10.0,7.1,19.55
Sapporo,2022-04-27,rainy,9.7,11.2,8.7,32.91
Sapporo,2022-04-28,rainy,8.1,9.8,5.4,15.8
Sapporo,2022-04-29,sunny,7.7,11.3,4.2,0.0
Sapporo,2022-04-30,sunny,10.7,15.1,8.6,0.0
Sapporo,2022-05-01,sunny,10.2,14.9,8.2,0.0
Sapporo,2022-05-02,sunny,10.7,15.0,7.1,0.0
Sapporo,2022-05-03,sunny,10.9,15.3,7.5,0.0
Sapporo,2022-05-04,sunny,11.5,17.9,8.9,0.0
Sapporo,2022-05-05,sunny,9.5,14.1,6.1,0.0
Sapporo,2022-05-06,sunny,9.3,15.6,5.7,0.0
Sapporo,2022-05-07,sunny,11.4,16.7,9.7,0.0
Sapporo,2022-05-08,rainy,11.2,11.3,10.7,15.77
Sapporo,2022-05-09,rainy,12.7,13.6,11.5,28.46
Sapporo,2022-05-10,rainy,8.0,8.7,6.5,13.74
Sapporo,2022-05-11,rainy,10.3,11.2,9.5,22.61
Sapporo,2022-05-12,rainy,9.6,10.6,9.1,18.77
Sapporo,2022-05-13,sunny,11.6,18.9,9.5,0.0
Sapporo,2022-05-14,cloudy,13.9,15.9,13.9,0.0
Sapporo,2022-05-15,sunny,14.3,18.5,10.3,0.0
Sapporo,2022-05-16,rainy,13.2,14.4,11.8,19.33
Sapporo,2022-05-17,rainy,10.4,11.2,9.8,35.7
Sapporo,2022-05-18,sunny,14.5,17.2,11.6,0.0
Sapporo,2022-05-19,sunny,15.0,19.1,12.1,0.0
Sapporo,2022-05-20,sunny,14.7,18.6,12.3,0.0
Sapporo,2022-05-21,sunny,15.1,20.0,12.5,0.0
Sapporo,2022-05-22,cloudy,14.5,17.0,13.4,0.0
Sapporo,2022-05-23,sunny,15.5,19.9,13.4,0.0
Sapporo,2022-05-24,sunny,17.2,22.7,14.0,0.0
Sapporo,2022-05-25,sunny,16.5,21.4,13.5,0.0
Sapporo,2022-05-26,sunny,16.8,21.3,15.7,0.0
Sapporo,2022-05-27,sunny,15.1,19.3,11.3,0.0
Sapporo,2022-05-28,sunny,14.9,19.9,11.4,0.0
Sapporo,2022-05-29,sunny,18.6,24.4,14.7,0.0
Sapporo,2022-05-30,sunny,19.0,22.6,16.5,0.0
Sapporo,2022-05-31,sunny,16.4,18.7,13.8,0.0
Sapporo,2022-06-01,sunny,17.7,21.4,13.7,0.0
Sapporo,2022-06-02,rainy,20.0,20.2,18.8,22.29
Sapporo,2022-06-03,rainy,16.2,17.3,16.0,17.72
Sapporo,2022-06-04,rainy,15.6,17.1,15.1,19.44
Sapporo,2022-06-05,sunny,17.2,21.3,15.2,0.0
Sapporo,2022-06-06,sunny,18.5,23.0,16.4,0.0
Sapporo,2022-06-07,sunny,20.2,23.9,16.9,0.0
Sapporo,2022-06-08,rainy,18.7,18.8,18.2,14.92
Sapporo,2022-06-09,rainy,16.9,19.6,16.4,15.94
Sapporo,2022-06-10,sunny,17.3,21.2,12.5,0.0
Sapporo,2022-06-11,sunny,19.8,26.1,16.3,0.0
Sapporo,2022-06-12,sunny,19.4,25.8,16.6,0.0
Sapporo,2022-06-13,sunny,18.6,23.1,14.8,0.0
Sapporo,2022-06-14,sunny,18.4,23.2,15.2,0.0
Sapporo,2022-06-15,sunny,19.5,25.6,17.2,0.0
Sapporo,2022-06-16,sunny,21.3,28.7,18.7,0.0
Sapporo,2022-06-17,sunny,20.1,26.3,17.8,0.0
Sapporo,2022-06-18,sunny,20.8,24.8,18.3,0.0
Sapporo,2022-06-19,sunny,21.6,26.4,19.8,0.0
Sapporo,2022-06-20,sunny,22.2,27.4,19.3,0.0
Sapporo,2022-06-21,sunny,21.1,25.2,19.2,0.0
Sapporo,2022-06-22,sunny,21.7,26.8,19.4,0.0
Sapporo,2022-06-23,sunny,25.1,30.9,22.6,0.0
Sapporo,2022-06-24,sunny,22.7,30.2,21.1,0.0
Sapporo,2022-06-25,sunny,22.1,25.4,17.4,0.0
Sapporo,2022-06-26,sunny,20.6,25.0,16.4,0.0
Sapporo,2022-06-27,sunny,21.0,26.7,18.4,0.0
Sapporo,2022-06-28,sunny,23.2,28.2,18.3,0.0
Sapporo,2022-06-29,sunny,21.0,26.8,16.1,0.0
Sapporo,2022-06-30,sunny,22.2,28.4,17.3,0.0
Sapporo,2022-07-01,sunny,23.6,27.8,20.8,0.0
Sapporo,2022-07-02,sunny,22.0,25.3,19.7,0.0
Sapporo,2022-07-03,sunny,23.8,28.4,20.4,0.0
Sapporo,2022-07-04,sunny,24.4,30.2,21.3,0.0
Sapporo,2022-07-05,sunny,23.9,29.3,18.5,0.0
Sapporo,2022-07-06,sunny,22.7,27.3,20.0,0.0
Sapporo,2022-07-07,sunny,24.1,27.9,19.8,0.0
Sapporo,2022-07-08,sunny,23.3,28.2,17.8,0.0
Sapporo,2022-07-09,sunny,23.8,28.8,21.4,0.0
Sapporo,2022-07-10,sunny,23.9,28.0,20.2,0.0
Sapporo,2022-07-11,sunny,22.8,27.8,19.4,0.0
Sapporo,2022-07-12,sunny,24.2,29.1,21.7,0.0
Sapporo,2022-07-13,rainy,22.0,23.7,21.7,8.64
Sapporo,2022-07-14,rainy,23.7,25.7,23.6,25.52
Sapporo,2022-07-15,sunny,24.8,29.1,22.5,0.0
Sapporo,2022-07-16,sunny,23.8,30.9,21.5,0.0
Sapporo,2022-07-17,sunny,23.0,28.0,19.5,0.0
Sapporo,2022-07-18,sunny,23.2,28.2,20.5,0.0
Sapporo,2022-07-19,sunny,24.9,32.2,19.0,0.0
Sapporo,2022-07-20,sunny,25.2,30.8,21.4,0.0
Sapporo,2022-07-21,sunny,24.3,29.2,19.6,0.0
Sapporo,2022-07-22,rainy,25.3,25.8,22.3,12.06
Sapporo,2022-07-23,rainy,23.5,23.7,22.1,17.08
Sapporo,2022-07-24,sunny,24.3,30.0,20.2,0.0
Sapporo,2022-07-25,sunny,25.7,32.4,22.9,0.0
Sapporo,2022-07-26,sunny,25.8,31.3,23.1,0.0
Sapporo,2022-07-27,sunny,26.0,32.1,22.3,0.0
Sapporo,2022-07-28,sunny,27.4,32.3,25.3,0.0
Sapporo,2022-07-29,sunny,25.6,30.6,21.4,0.0
Sapporo,2022-07-30,sunny,25.9,30.6,23.6,0.0
Sapporo,2022-07-31,sunny,25.3,31.1,23.2,0.0
Sapporo,2022-08-01,sunny,25.1,30.7,21.3,0.0
Sapporo,2022-08-02,sunny,26.1,31.6,24.3,0.0
Sapporo,2022-08-03,sunny,26.5,31.9,26.0,0.0
Sapporo,2022-08-04,rainy,26.2,26.8,25.9,15.85
Sapporo,2022-08-05,rainy,25.2,25.5,23.7,19.34
Sapporo,2022-08-06,rainy,22.4,25.1,20.4,22.63
Sapporo,2022-08-07,rainy,25.5,27.5,22.4,41.65
Sapporo,2022-08-08,sunny,25.5,29.8,22.2,0.0
Sapporo,2022-08-09,sunny,24.4,31.9,21.7,0.0
Sapporo,2022-08-10,sunny,26.9,33.1,23.7,0.0
Sapporo,2022-08-11,sunny,27.6,32.2,24.1,0.0
Sapporo,2022-08-12,sunny,25.5,31.9,23.9,0.0
Sapporo,2022-08-13,sunny,23.9,28.4,20.6,0.0
Sapporo,2022-08-14,cloudy,24.3,26.4,20.5,0.0
Sapporo,2022-08-15,sunny,24.5,28.8,21.1,0.0
Sapporo,2022-08-16,sunny,25.0,28.1,23.3,0.0
Sapporo,2022-08-17,cloudy,27.4,30.2,22.5,0.0
Sapporo,2022-08-18,sunny,27.2,33.2,25.1,0.0
Sapporo,2022-08-19,sunny,25.0,30.5,21.1,0.0
Sapporo,2022-08-20,sunny,27.2,32.5,24.6,0.0
Sapporo,2022-08-21,sunny,25.8,31.0,23.1,0.0
Sapporo,2022-08-22,sunny,26.6,32.5,22.7,0.0
Sapporo,2022-08-23,sunny,27.1,31.4,23.9,0.0
Sapporo,2022-08-24,sunny,25.4,31.7,21.8,0.0
Sapporo,2022-08-25,sunny,26.6,31.2,23.6,0.0
Sapporo,2022-08-26,sunny,27.0,32.7,26.7,0.0
Sapporo,2022-08-27,sunny,26.7,32.9,24.8,0.0
Sapporo,2022-08-28,sunny,23.4,28.3,20.3,0.0
Sapporo,2022-08-29,sunny,23.6,30.6,20.7,0.0
Sapporo,2022-08-30,rainy,25.4,28.4,24.4,14.4
Sapporo,2022-08-31,sunny,25.1,27.6,22.0,0.0
Sapporo,2022-09-01,sunny,25.7,30.9,22.3,0.0
Sapporo,2022-09-02,sunny,25.2,29.2,21.1,0.0
Sapporo,2022-09-03,sunny,22.9,28.1,19.0,0.0
Sapporo,2022-09-04,sunny,22.5,27.7,20.8,0.0
Sapporo,2022-09-05,sunny,24.9,30.1,24.0,0.0
Sapporo,2022-09-06,sunny,23.8,28.8,21.9,0.0
Sapporo,2022-09-07,sunny,24.1,30.8,20.7,0.0
Sapporo,2022-09-08,sunny,22.8,27.3,19.9,0.0
Sapporo,2022-09-09,rainy,20.3,22.5,18.8,24.49
Sapporo,2022-09-10,rainy,22.4,24.0,21.6,18.69
Sapporo,2022-09-11,sunny,23.3,28.0,20.3,0.0
Sapporo,2022-09-12,sunny,21.8,26.9,20.8,0.0
Sapporo,2022-09-13,cloudy,23.9,25.1,23.3,0.0
Sapporo,2022-09-14,sunny,24.7,30.4,20.2,0.0
Sapporo,2022-09-15,rainy,21.7,21.7,20.9,28.75
Sapporo,2022-09-16,sunny,20.9,26.0,17.2,0.0
Sapporo,2022-09-17,sunny,22.8,27.9,20.0,0.0
Sapporo,2022-09-18,sunny,22.2,26.7,19.2,0.0
Sapporo,2022-09-19,sunny,21.3,24.2,18.1,0.0
Sapporo,2022-09-20,rainy,17.8,19.3,17.2,22.26
Sapporo,2022-09-21,sunny,20.2,24.7,17.7,0.0
Sapporo,2022-09-22,sunny,21.3,26.0,20.0,0.0
Sapporo,2022-09-23,sunny,23.0,27.4,20.5,0.0
Sapporo,2022-09-24,rainy,19.8,22.3,19.7,19.9
Sapporo,2022-09-25,rainy,21.7,23.3,19.7,32.65
Sapporo,2022-09-26,rainy,19.9,20.3,19.0,36.57
Sapporo,2022-09-27,rainy,20.7,22.6,19.5,17.96
Sapporo,2022-09-28,cloudy,18.7,21.8,17.3,0.0
Sapporo,2022-09-29,sunny,21.0,27.1,18.7,0.0
Sapporo,2022-09-30,sunny,20.7,27.1,16.7,0.0
Sapporo,2022-10-01,sunny,20.0,25.7,17.0,0.0
Sapporo,2022-10-02,rainy,19.0,20.7,18.3,24.0
Sapporo,2022-10-03,sunny,17.8,21.3,15.2,0.0
Sapporo,2022-10-04,cloudy,18.3,22.0,16.4,0.0
Sapporo,2022-10-05,sunny,19.3,25.8,17.2,0.0
Sapporo,2022-10-06,sunny,17.7,23.0,14.6,0.0
Sapporo,2022-10-07,sunny,17.3,24.5,15.1,0.0
Sapporo,2022-10-08,sunny,18.5,23.2,14.1,0.0
Sapporo,2022-10-09,sunny,18.3,23.7,14.2,0.0
Sapporo,2022-10-10,cloudy,17.1,19.4,14.8,0.0
Sapporo,2022-10-11,sunny,17.7,21.5,13.7,0.0
Sapporo,2022-10-12,sunny,18.1,21.5,16.4,0.0
Sapporo,2022-10-13,sunny,17.6,24.2,14.7,0.0
Sapporo,2022-10-14,sunny,18.2,23.7,15.7,0.0
Sapporo,2022-10-15,cloudy,17.9,21.3,16.0,0.0
Sapporo,2022-10-16,sunny,17.5,23.7,13.7,0.0
Sapporo,2022-10-17,sunny,16.8,20.1,13.5,0.0
Sapporo,2022-10-18,sunny,16.7,20.4,12.8,0.0
Sapporo,2022-10-19,sunny,18.1,22.6,17.1,0.0
Sapporo,2022-10-20,sunny,18.1,25.0,14.9,0.0
Sapporo,2022-10-21,sunny,15.8,20.4,11.6,0.0
Sapporo,2022-10-22,sunny,15.8,20.1,13.6,0.0
Sapporo,2022-10-23,cloudy,14.9,17.2,14.1,0.0
Sapporo,2022-10-24,sunny,13.7,17.2,10.4,0.0
Sapporo,2022-10-25,sunny,15.0,18.6,13.6,0.0
Sapporo,2022-10-26,cloudy,14.7,16.4,13.2,0.0
Sapporo,2022-10-27,sunny,15.7,18.8,11.8,0.0
Sapporo,2022-10-28,sunny,14.3,19.3,10.3,0.0
Sapporo,2022-10-29,sunny,13.5,18.6,10.6,0.0
Sapporo,2022-10-30,sunny,12.6,17.3,10.7,0.0
Sapporo,2022-10-31,rainy,11.6,12.6,10.6,9.32
Sapporo,2022-11-01,rainy,11.0,11.7,10.2,21.1
Sapporo,2022-11-02,cloudy,12.3,14.2,11.4,0.0
Sapporo,2022-11-03,sunny,12.7,18.5,10.0,0.0
Sapporo,2022-11-04,cloudy,11.6,13.5,10.5,0.0
Sapporo,2022-11-05,cloudy,12.1,13.4,9.6,0.0
Sapporo,2022-11-06,sunny,10.1,16.0,4.9,0.0
Sapporo,2022-11-07,sunny,9.4,14.6,8.3,0.0
Sapporo,2022-11-08,sunny,10.3,15.1,7.3,0.0
Sapporo,2022-11-09,rainy,10.1,11.9,8.5,30.68
Sapporo,2022-11-10,rainy,11.5,13.2,11.2,14.15
Sapporo,2022-11-11,sunny,11.2,15.0,9.4,0.0
Sapporo,2022-11-12,cloudy,10.3,11.7,8.0,0.0
Sapporo,2022-11-13,sunny,9.4,15.0,7.4,0.0
Sapporo,2022-11-14,rainy,8.5,9.9,7.3,22.29
Sapporo,2022-11-15,rainy,7.3,9.6,7.2,15.36
Sapporo,2022-11-16,rainy,10.2,10.6,7.6,28.23
Sapporo,2022-11-17,sunny,8.5,14.2,5.0,0.0
Sapporo,2022-11-18,sunny,10.5,15.6,6.3,0.0
Sapporo,2022-11-19,sunny,8.5,15.2,6.2,0.0
Sapporo,2022-11-20,sunny,9.9,15.2,4.9,0.0
Sapporo,2022-11-21,sunny,8.1,11.1,7.3,0.0
Sapporo,2022-11-22,sunny,6.9,10.6,3.2,0.0
Sapporo,2022-11-23,sunny,6.7,10.6,3.6,0.0
Sapporo,2022-11-24,sunny,8.2,12.4,5.0,0.0
Sapporo,2022-11-25,cloudy,7.3,7.3,4.6,0.0
Sapporo,2022-11-26,rainy,7.2,7.3,5.4,12.44
Sapporo,2022-11-27,sunny,7.1,11.7,4.4,0.0
Sapporo,2022-11-28,rainy,6.2,7.2,3.9,23.92
Sapporo,2022-11-29,sunny,6.4,12.0,2.7,0.0
Sapporo,2022-11-30,cloudy,8.3,10.7,6.4,0.0
Sapporo,2022-12-01,sunny,8.4,15.8,5.7,0.0
Sapporo,2022-12-02,sunny,6.6,11.5,3.4,0.0
Sapporo,2022-12-03,sunny,5.5,11.5,1.6,0.0
Sapporo,2022-12-04,rainy,3.9,6.6,3.7,18.19
Sapporo,2022-12-05,sunny,5.4,10.5,2.1,0.0
Sapporo,2022-12-06,sunny,6.9,12.2,3.4,0.0
Sapporo,2022-12-07,rainy,3.4,4.6,1.9,48.47
Sapporo,2022-12-08,rainy,4.0,4.1,3.4,37.21
Sapporo,2022-12-09,rainy,3.7,5.4,2.2,24.51
Sapporo,2022-12-10,sunny,3.8,8.3,1.4,0.0
Sapporo,2022-12-11,sunny,3.2,8.2,-0.4,0.0
Sapporo,2022-12-12,rainy,4.3,4.9,3.6,14.08
Sapporo,2022-12-13,rainy,2.7,3.4,0.7,12.76
Sapporo,2022-12-14,cloudy,1.9,2.1,0.2,0.0
Sapporo,2022-12-15,cloudy,2.7,4.2,0.2,0.0
Sapporo,2022-12-16,sunny,1.2,5.8,-0.6,0.0
Sapporo,2022-12-17,sunny,3.3,8.3,0.5,0.0
Sapporo,2022-12-18,cloudy,1.3,2.0,-0.5,0.0
Sapporo,2022-12-19,rainy,1.4,2.6,1.0,12.78
Sapporo,2022-12-20,sunny,2.0,7.3,-2.5,0.0
Sapporo,2022-12-21,sunny,1.8,7.6,-2.1,0.0
Sapporo,2022-12-22,rainy,2.2,3.2,2.2,9.94
Sapporo,2022-12-23,rainy,1.6,2.7,0.3,18.17
Sapporo,2022-12-24,snowy,-1.5,-1.0,-2.2,26.26
Sapporo,2022-12-25,snowy,-1.3,-0.5,-2.6,37.63
Sapporo,2022-12-26,rainy,0.0,1.8,-0.4,5.93
Sapporo,2022-12-27,sunny,0.1,6.2,-1.2,0.0
Sapporo,2022-12-28,sunny,1.0,6.8,-2.1,0.0
Sapporo,2022-12-29,sunny,1.5,6.9,-0.7,0.0
Sapporo,2022-12-30,sunny,1.3,4.4,-0.5,0.0
Sapporo,2022-12-31,sunny,1.7,5.4,-1.9,0.0
Sapporo,2023-01-01,sunny,0.2,5.4,-3.2,0.0
Sapporo,2023-01-02,sunny,-1.4,5.0,-4.0,0.0
Sapporo,2023-01-03,sunny,1.2,5.9,-1.9,0.0
Sapporo,2023-01-04,cloudy,-0.2,4.0,-2.5,0.0
Sapporo,2023-01-05,sunny,0.9,6.0,-0.6,0.0
Sapporo,2023-01-06,cloudy,-0.9,-0.5,-3.0,0.0
Sapporo,2023-01-07,sunny,-0.3,6.4,-3.1,0.0
Sapporo,2023-01-08,sunny,-1.3,4.3,-2.9,0.0
Sapporo,2023-01-09,sunny,-1.0,4.2,-4.0,0.0
Sapporo,2023-01-10,sunny,-0.2,4.6,-3.0,0.0
Sapporo,2023-01-11,snowy,-2.6,-2.5,-3.3,20.74
Sapporo,2023-01-12,cloudy,-2.7,-1.6,-5.0,0.0
Sapporo,2023-01-13,sunny,-1.8,2.9,-5.2,0.0
Sapporo,2023-01-14,sunny,-0.5,6.9,-2.3,0.0
Sapporo,2023-01-15,cloudy,-1.5,-0.2,-3.6,0.0
Sapporo,2023-01-16,snowy,-2.2,-2.1,-3.2,15.15
Sapporo,2023-01-17,snowy,-3.0,-1.8,-4.6,54.41
Sapporo,2023-01-18,sunny,-3.0,3.3,-6.7,0.0
Sapporo,2023-01-19,snowy,-2.4,-1.0,-2.8,15.93
Sapporo,2023-01-20,snowy,-3.3,-2.4,-4.3,14.69
Sapporo,2023-01-21,snowy,-5.0,-4.9,-7.4,45.88
Sapporo,2023-01-22,snowy,-2.4,-1.8,-3.1,13.28
Sapporo,2023-01-23,snowy,-3.1,-1.3,-5.3,13.77
Sapporo,2023-01-24,sunny,-2.2,2.6,-4.7,0.0
Sapporo,2023-01-25,sunny,-3.8,0.3,-5.8,0.0
Sapporo,2023-01-26,sunny,-1.7,2.9,-4.8,0.0
Sapporo,2023-01-27,sunny,-2.2,1.6,-6.2,0.0
Sapporo,2023-01-28,sunny,-2.7,0.8,-5.6,0.0
Sapporo,2023-01-29,cloudy,-2.5,-1.1,-3.6,0.0
Sapporo,2023-01-30,sunny,-2.5,2.5,-7.2,0.0
Sapporo,2023-01-31,sunny,-1.7,2.9,-5.5,0.0
Sapporo,2023-02-01,snowy,-3.4,-3.2,-4.9,8.19
Sapporo,2023-02-02,sunny,-2.8,2.7,-5.9,0.0
Sapporo,2023-02-03,snowy,-5.8,-4.0,-6.9,16.09
Sapporo,2023-02-04,snowy,-4.1,-2.9,-5.3,28.46
Sapporo,2023-02-05,snowy,-3.6,-2.4,-3.8,21.75
Sapporo,2023-02-06,snowy,-2.5,-1.6,-4.2,12.23
Sapporo,2023-02-07,snowy,-2.5,-0.8,-4.4,10.55
Sapporo,2023-02-08,sunny,-2.0,1.6,-6.7,0.0
Sapporo,2023-02-09,sunny,-2.5,1.3,-4.4,0.0
Sapporo,2023-02-10,sunny,-2.5,2.0,-5.1,0.0
Sapporo,2023-02-11,sunny,-1.9,3.1,-6.2,0.0
Sapporo,2023-02-12,sunny,-0.3,5.4,-3.3,0.0
Sapporo,2023-02-13,snowy,-1.3,0.1,-1.6,8.05
Sapporo,2023-02-14,snowy,-3.4,-3.1,-4.6,18.56
Sapporo,2023-02-15,snowy,-1.0,0.4,-2.0,28.32
Sapporo,2023-02-16,snowy,-3.2,-0.4,-5.1,8.47
Sapporo,2023-02-17,sunny,-1.4,2.6,-4.5,0.0
Sapporo,2023-02-18,sunny,-2.9,2.7,-5.4,0.0
Sapporo,2023-02-19,snowy,-3.1,-1.6,-4.3,16.07
Sapporo,2023-02-20,snowy,-5.8,-3.6,-6.7,18.2
Sapporo,2023-02-21,snowy,-4.3,-2.8,-6.3,13.19
Sapporo,2023-02-22,snowy,-2.8,-0.7,-4.5,16.6
Sapporo,2023-02-23,snowy,-3.4,-1.9,-4.4,20.03
Sapporo,2023-02-24,cloudy,-2.0,-0.4,-3.5,0.0
Sapporo,2023-02-25,sunny,0.7,7.8,-3.7,0.0
Sapporo,2023-02-26,snowy,-2.1,-0.2,-2.6,18.41
Sapporo,2023-02-27,cloudy,-0.8,2.0,-2.3,0.0
Sapporo,2023-02-28,snowy,-0.6,0.1,-1.9,24.83
Sapporo,2023-03-01,sunny,-0.6,5.9,-4.6,0.0
Sapporo,2023-03-02,sunny,-0.4,3.2,-2.1,0.0
Sapporo,2023-03-03,sunny,-0.9,3.4,-4.6,0.0
Sapporo,2023-03-04,sunny,-1.3,2.3,-4.9,0.0
Sapporo,2023-03-05,sunny,0.5,4.7,-1.6,0.0
Sapporo,2023-03-06,sunny,1.5,6.8,-1.4,0.0
Sapporo,2023-03-07,sunny,0.7,5.2,-2.9,0.0
Sapporo,2023-03-08,snowy,-1.5,0.0,-3.0,22.26
Sapporo,2023-03-09,sunny,-0.3,4.0,-1.5,0.0
Sapporo,2023-03-10,snowy,-1.7,-0.2,-2.1,32.93
Sapporo,2023-03-11,snowy,-3.3,-3.2,-4.4,24.46
Sapporo,2023-03-12,snowy,-3.2,-2.1,-5.3,22.47
Sapporo,2023-03-13,sunny,-2.0,4.0,-5.0,0.0
Sapporo,2023-03-14,sunny,-0.1,3.9,-2.3,0.0
Sapporo,2023-03-15,sunny,0.3,5.4,-3.2,0.0
Sapporo,2023-03-16,sunny,2.3,7.2,-1.1,0.0
Sapporo,2023-03-17,sunny,3.3,8.9,-1.7,0.0
Sapporo,2023-03-18,sunny,1.7,6.5,0.2,0.0
Sapporo,2023-03-19,sunny,1.4,5.1,-1.7,0.0
Sapporo,2023-03-20,sunny,1.1,6.1,-2.0,0.0
Sapporo,2023-03-21,sunny,0.7,5.5,-2.9,0.0
Sapporo,2023-03-22,sunny,-0.2,5.3,-3.4,0.0
Sapporo,2023-03-23,sunny,3.4,8.8,-1.9,0.0
Sapporo,2023-03-24,sunny,2.0,7.7,0.8,0.0
Sapporo,2023-03-25,sunny,0.5,4.3,-2.7,0.0
Sapporo,2023-03-26,sunny,2.0,6.2,-2.3,0.0
Sapporo,2023-03-27,sunny,2.8,7.8,2.1,0.0
Sapporo,2023-03-28,cloudy,3.1,3.3,0.7,0.0
Sapporo,2023-03-29,sunny,2.8,7.8,-0.9,0.0
Sapporo,2023-03-30,sunny,3.1,8.4,-0.5,0.0
Sapporo,2023-03-31,rainy,2.0,3.6,1.7,16.66
Sapporo,2023-04-01,rainy,0.5,0.5,-0.2,9.79
Sapporo,2023-04-02,rainy,2.6,2.6,1.7,21.46
Sapporo,2023-04-03,sunny,1.4,6.9,-0.1,0.0
Sapporo,2023-04-04,sunny,2.4,7.8,-0.9,0.0
Sapporo,2023-04-05,sunny,4.1,9.9,1.3,0.0
Sapporo,2023-04-06,sunny,4.8,10.9,2.9,0.0
Sapporo,2023-04-07,sunny,5.8,11.8,2.3,0.0
Sapporo,2023-04-08,sunny,4.8,10.6,1.5,0.0
Sapporo,2023-04-09,cloudy,2.8,4.3,0.4,0.0
Sapporo,2023-04-10,sunny,4.8,10.3,0.3,0.0
Sapporo,2023-04-11,sunny,6.7,12.5,5.5,0.0
Sapporo,2023-04-12,sunny,5.1,10.8,2.9,0.0
Sapporo,2023-04-13,sunny,5.8,12.0,4.1,0.0
Sapporo,2023-04-14,cloudy,6.6,7.1,2.5,0.0
Sapporo,2023-04-15,sunny,5.8,10.4,3.8,0.0
Sapporo,2023-04-16,rainy,6.8,7.5,6.2,15.36
Sapporo,2023-04-17,rainy,5.9,6.2,5.4,12.04
Sapporo,2023-04-18,rainy,5.9,6.1,4.7,24.67
Sapporo,2023-04-19,rainy,8.1,8.2,7.3,9.78
Sapporo,2023-04-20,sunny,7.8,11.4,6.1,0.0
Sapporo,2023-04-21,sunny,10.3,14.9,7.6,0.0
Sapporo,2023-04-22,sunny,8.4,14.0,5.9,0.0
Sapporo,2023-04-23,sunny,8.2,13.8,5.1,0.0
Sapporo,2023-04-24,sunny,9.3,13.1,5.3,0.0
Sapporo,2023-04-25,sunny,9.2,14.8,4.6,0.0
Sapporo,2023-04-26,sunny,10.1,13.6,6.8,0.0
Sapporo,2023-04-27,sunny,9.2,15.1,5.7,0.0
Sapporo,2023-04-28,sunny,9.4,15.8,7.6,0.0
Sapporo,2023-04-29,cloudy,11.6,13.3,9.0,0.0
Sapporo,2023-04-30,sunny,9.9,15.0,6.9,0.0
Sapporo,2023-05-01,sunny,10.9,14.8,9.0,0.0
Sapporo,2023-05-02,sunny,10.1,15.7,6.4,0.0
Sapporo,2023-05-03,rainy,9.9,11.9,7.9,18.32
Sapporo,2023-05-04,rainy,8.2,9.7,7.0,29.19
Sapporo,2023-05-05,sunny,10.4,13.8,9.3,0.0
Sapporo,2023-05-06,cloudy,10.8,11.5,9.1,0.0
Sapporo,2023-05-07,sunny,12.1,17.2,9.2,0.0
Sapporo,2023-05-08,rainy,10.6,10.9,9.0,42.73
Sapporo,2023-05-09,rainy,9.2,9.6,7.6,14.56
Sapporo,2023-05-10,rainy,9.0,10.4,7.0,48.21
Sapporo,2023-05-11,rainy,11.4,13.5,10.7,30.12
Sapporo,2023-05-12,sunny,13.2,16.3,11.8,0.0
Sapporo,2023-05-13,sunny,13.4,18.5,11.2,0.0
Sapporo,2023-05-14,rainy,13.9,14.8,13.7,18.2
Sapporo,2023-05-15,cloudy,15.4,19.0,14.0,0.0
Sapporo,2023-05-16,sunny,16.2,21.7,13.6,0.0
Sapporo,2023-05-17,sunny,14.1,19.5,10.7,0.0
Sapporo,2023-05-18,sunny,14.2,18.8,10.7,0.0
Sapporo,2023-05-19,sunny,14.7,20.9,10.1,0.0
Sapporo,2023-05-20,rainy,11.8,12.2,10.9,8.16
Sapporo,2023-05-21,sunny,14.8,20.9,9.7,0.0
Sapporo,2023-05-22,sunny,13.1,16.4,10.4,0.0
Sapporo,2023-05-23,sunny,14.7,19.5,11.9,0.0
Sapporo,2023-05-24,sunny,15.7,21.2,13.8,0.0
Sapporo,2023-05-25,sunny,16.0,21.4,12.6,0.0
Sapporo,2023-05-26,sunny,15.2,21.2,10.5,0.0
Sapporo,2023-05-27,sunny,15.2,20.2,8.7,0.0
Sapporo,2023-05-28,sunny,16.4,20.7,13.7,0.0
Sapporo,2023-05-29,sunny,16.2,22.5,14.7,0.0
Sapporo,2023-05-30,sunny,17.8,23.5,16.5,0.0
Sapporo,2023-05-31,sunny,17.0,23.3,14.2,0.0
Sapporo,2023-06-01,sunny,19.2,24.6,15.5,0.0
Sapporo,2023-06-02,sunny,19.1,25.9,14.1,0.0
Sapporo,2023-06-03,sunny,19.2,23.6,17.8,0.0
Sapporo,2023-06-04,sunny,19.6,24.2,18.4,0.0
Sapporo,2023-06-05,sunny,18.9,23.4,16.6,0.0
Sapporo,2023-06-06,rainy,19.9,20.0,18.7,21.17
Sapporo,2023-06-07,rainy,18.4,19.5,18.1,27.69
Sapporo,2023-06-08,sunny,18.2,21.7,14.3,0.0
Sapporo,2023-06-09,sunny,18.4,23.6,17.7,0.0
Sapporo,2023-06-10,sunny,18.3,24.0,14.6,0.0
Sapporo,2023-06-11,sunny,20.4,24.8,17.7,0.0
Sapporo,2023-06-12,rainy,20.8,21.2,19.1,20.16
Sapporo,2023-06-13,sunny,20.8,25.1,18.3,0.0
Sapporo,2023-06-14,sunny,19.9,25.0,19.1,0.0
Sapporo,2023-06-15,rainy,19.1,20.9,18.9,11.18
Sapporo,2023-06-16,sunny,20.9,26.4,18.6,0.0
Sapporo,2023-06-17,sunny,22.0,26.9,18.4,0.0
Sapporo,2023-06-18,sunny,20.3,23.9,16.4,0.0
Sapporo,2023-06-19,sunny,21.6,26.8,17.6,0.0
Sapporo,2023-06-20,sunny,20.9,24.3,19.0,0.0
Sapporo,2023-06-21,sunny,21.2,25.7,19.2,0.0
Sapporo,2023-06-22,sunny,22.3,27.5,17.8,0.0
Sapporo,2023-06-23,rainy,22.2,23.8,20.8,8.56
Sapporo,2023-06-24,sunny,23.8,29.6,20.1,0.0
Sapporo,2023-06-25,cloudy,24.3,26.8,21.5,0.0
Sapporo,2023-06-26,sunny,22.3,27.6,20.0,0.0
Sapporo,2023-06-27,sunny,23.6,27.3,21.2,0.0
Sapporo,2023-06-28,sunny,23.9,28.2,21.3,0.0
Sapporo,2023-06-29,sunny,22.2,27.4,18.5,0.0
Sapporo,2023-06-30,sunny,21.4,25.8,17.5,0.0
Sapporo,2023-07-01,sunny,23.1,28.0,19.5,0.0
Sapporo,2023-07-02,sunny,23.3,28.6,20.7,0.0
Sapporo,2023-07-03,sunny,23.2,28.4,20.6,0.0
Sapporo,2023-07-04,sunny,23.7,28.6,21.5,0.0
Sapporo,2023-07-05,sunny,25.7,31.6,20.2,0.0
Sapporo,2023-07-06,sunny,21.9,26.6,18.6,0.0
Sapporo,2023-07-07,cloudy,23.6,25.3,21.8,0.0
Sapporo,2023-07-08,sunny,23.9,27.8,19.6,0.0
Sapporo,2023-07-09,sunny,24.4,28.9,22.0,0.0
Sapporo,2023-07-10,sunny,25.1,29.0,23.3,0.0
Sapporo,2023-07-11,sunny,26.6,31.7,23.6,0.0
Sapporo,2023-07-12,sunny,27.1,32.3,23.4,0.0
Sapporo,2023-07-13,sunny,25.5,29.7,23.1,0.0
Sapporo,2023-07-14,sunny,23.0,25.7,17.9,0.0
Sapporo,2023-07-15,sunny,24.4,29.4,22.7,0.0
Sapporo,2023-07-16,sunny,26.0,28.2,22.4,0.0
Sapporo,2023-07-17,sunny,26.6,32.4,22.5,0.0
Sapporo,2023-07-18,sunny,23.5,28.9,20.3,0.0
Sapporo,2023-07-19,sunny,24.0,28.9,22.6,0.0
Sapporo,2023-07-20,sunny,25.0,29.5,20.8,0.0
Sapporo,2023-07-21,sunny,25.7,31.0,21.4,0.0
Sapporo,2023-07-22,sunny,26.9,31.5,22.9,0.0
Sapporo,2023-07-23,sunny,26.6,32.8,25.1,0.0
Sapporo,2023-07-24,sunny,26.5,30.4,24.0,0.0
Sapporo,2023-07-25,sunny,26.9,30.6,24.4,0.0
Sapporo,2023-07-26,sunny,25.2,29.5,23.5,0.0
Sapporo,2023-07-27,sunny,27.9,32.3,24.3,0.0
Sapporo,2023-07-28,sunny,27.3,31.9,25.9,0.0
Sapporo,2023-07-29,sunny,26.0,29.4,23.6,0.0
Sapporo,2023-07-30,sunny,26.2,30.3,22.2,0.0
Sapporo,2023-07-31,sunny,25.6,30.7,22.2,0.0
Sapporo,2023-08-01,rainy,27.5,30.8,24.8,21.28
Sapporo,2023-08-02,sunny,26.8,33.9,23.1,0.0
Sapporo,2023-08-03,sunny,26.1,30.9,25.6,0.0
Sapporo,2023-08-04,sunny,25.6,29.8,22.7,0.0
Sapporo,2023-08-05,sunny,24.9,29.1,22.1,0.0
Sapporo,2023-08-06,rainy,24.9,26.9,22.5,13.72
Sapporo,2023-08-07,rainy,24.0,24.1,23.7,19.47
Sapporo,2023-08-08,sunny,25.7,31.8,21.5,0.0
Sapporo,2023-08-09,sunny,24.5,28.7,21.0,0.0
Sapporo,2023-08-10,sunny,24.2,27.5,21.3,0.0
Sapporo,2023-08-11,sunny,26.1,32.1,22.4,0.0
Sapporo,2023-08-12,rainy,26.0,26.7,22.8,20.43
Sapporo,2023-08-13,rainy,24.9,25.7,24.0,15.13
Sapporo,2023-08-14,sunny,25.2,30.6,21.2,0.0
Sapporo,2023-08-15,sunny,25.9,30.2,21.6,0.0
Sapporo,2023-08-16,sunny,25.8,29.9,22.4,0.0
Sapporo,2023-08-17,sunny,26.8,32.9,25.3,0.0
Sapporo,2023-08-18,sunny,26.1,31.9,23.3,0.0
Sapporo,2023-08-19,sunny,25.9,29.7,23.2,0.0
Sapporo,2023-08-20,sunny,26.6,30.2,22.9,0.0
Sapporo,2023-08-21,sunny,27.3,32.0,24.1,0.0
Sapporo,2023-08-22,sunny,25.4,30.7,21.9,0.0
Sapporo,2023-08-23,cloudy,24.5,26.1,24.5,0.0
Sapporo,2023-08-24,sunny,26.0,31.4,23.4,0.0
Sapporo,2023-08-25,sunny,25.5,30.4,21.8,0.0
Sapporo,2023-08-26,sunny,23.4,30.0,20.6,0.0
Sapporo,2023-08-27,sunny,24.0,29.4,19.8,0.0
Sapporo,2023-08-28,sunny,25.4,31.8,21.6,0.0
Sapporo,2023-08-29,sunny,26.5,31.9,23.7,0.0
Sapporo,2023-08-30,sunny,26.6,32.3,24.8,0.0
Sapporo,2023-08-31,sunny,25.5,29.2,21.2,0.0
Sapporo,2023-09-01,sunny,24.7,30.9,21.4,0.0
Sapporo,2023-09-02,sunny,26.2,30.3,23.7,0.0
Sapporo,2023-09-03,sunny,23.0,26.6,18.5,0.0
Sapporo,2023-09-04,sunny,22.8,26.6,19.7,0.0
Sapporo,2023-09-05,rainy,23.0,24.3,21.5,21.61
Sapporo,2023-09-06,cloudy,25.4,28.0,23.7,0.0
Sapporo,2023-09-07,sunny,24.5,28.6,21.7,0.0
Sapporo,2023-09-08,sunny,23.7,28.5,21.2,0.0
Sapporo,2023-09-09,sunny,23.3,29.4,19.3,0.0
Sapporo,2023-09-10,cloudy,22.8,25.7,22.2,0.0
Sapporo,2023-09-11,sunny,21.9,26.5,18.4,0.0
Sapporo,2023-09-12,cloudy,22.5,23.9,20.7,0.0
Sapporo,2023-09-13,sunny,21.9,27.2,19.3,0.0
Sapporo,2023-09-14,sunny,22.6,27.5,21.4,0.0
Sapporo,2023-09-15,rainy,19.0,19.7,17.8,14.63
Sapporo,2023-09-16,sunny,22.9,28.6,20.8,0.0
Sapporo,2023-09-17,sunny,24.0,30.1,19.3,0.0
Sapporo,2023-09-18,sunny,22.8,28.2,20.9,0.0
Sapporo,2023-09-19,rainy,22.7,24.0,21.0,28.2
Sapporo,2023-09-20,sunny,21.6,28.0,18.9,0.0
Sapporo,2023-09-21,sunny,22.8,28.9,18.3,0.0
Sapporo,2023-09-22,sunny,23.0,29.2,19.6,0.0
Sapporo,2023-09-23,cloudy,21.6,24.9,19.9,0.0
Sapporo,2023-09-24,sunny,22.0,26.5,20.4,0.0
Sapporo,2023-09-25,sunny,21.5,26.3,18.5,0.0
Sapporo,2023-09-26,sunny,21.9,28.1,20.0,0.0
Sapporo,2023-09-27,sunny,21.2,25.3,18.6,0.0
Sapporo,2023-09-28,sunny,21.2,25.8,18.4,0.0
Sapporo,2023-09-29,sunny,18.9,23.2,15.6,0.0
Sapporo,2023-09-30,sunny,19.7,24.2,17.3,0.0
Sapporo,2023-10-01,sunny,21.0,25.2,16.8,0.0
Sapporo,2023-10-02,sunny,19.8,25.0,18.0,0.0
Sapporo,2023-10-03,sunny,18.9,25.3,15.1,0.0
Sapporo,2023-10-04,sunny,19.9,23.7,17.4,0.0
Sapporo,2023-10-05,sunny,19.0,23.7,14.6,0.0
Sapporo,2023-10-06,sunny,20.1,27.0,18.1,0.0
Sapporo,2023-10-07,sunny,18.7,23.2,15.2,0.0
Sapporo,2023-10-08,sunny,17.8,22.4,13.4,0.0
Sapporo,2023-10-09,sunny,18.8,22.7,15.3,0.0
Sapporo,2023-10-10,sunny,17.5,22.1,14.3,0.0
Sapporo,2023-10-11,sunny,18.3,24.6,15.5,0.0
Sapporo,2023-10-12,sunny,19.0,23.7,16.9,0.0
Sapporo,2023-10-13,sunny,18.9,23.2,14.0,0.0
Sapporo,2023-10-14,sunny,16.4,21.9,12.4,0.0
Sapporo,2023-10-15,cloudy,17.0,19.8,12.9,0.0
Sapporo,2023-10-16,rainy,15.5,18.4,15.5,16.56
Sapporo,2023-10-17,rainy,14.2,15.1,14.0,28.13
Sapporo,2023-10-18,sunny,15.8,20.5,12.3,0.0
Sapporo,2023-10-19,sunny,15.9,21.1,11.7,0.0
Sapporo,2023-10-20,sunny,16.4,22.9,15.4,0.0
Sapporo,2023-10-21,rainy,17.0,17.8,16.9,15.4
Sapporo,2023-10-22,sunny,15.1,20.7,11.8,0.0
Sapporo,2023-10-23,sunny,15.1,19.2,11.6,0.0
Sapporo,2023-10-24,sunny,15.0,20.3,11.8,0.0
Sapporo,2023-10-25,rainy,14.2,14.8,13.8,24.8
Sapporo,2023-10-26,rainy,14.0,15.7,13.1,8.62
Sapporo,2023-10-27,sunny,14.2,18.0,10.1,0.0
Sapporo,2023-10-28,sunny,13.9,20.1,11.9,0.0
Sapporo,2023-10-29,rainy,12.5,14.5,12.0,15.87
Sapporo,2023-10-30,rainy,13.2,14.4,13.1,10.13
Sapporo,2023-10-31,rainy,13.9,15.5,13.4,20.65
Sapporo,2023-11-01,rainy,11.6,11.8,10.2,30.88
Sapporo,2023-11-02,rainy,12.2,14.8,11.1,24.95
Sapporo,2023-11-03,rainy,12.7,12.8,12.4,11.26
Sapporo,2023-11-04,rainy,12.0,12.5,11.5,18.78
Sapporo,2023-11-05,rainy,10.9,12.2,8.6,11.2
Sapporo,2023-11-06,sunny,10.5,14.0,8.2,0.0
Sapporo,2023-11-07,rainy,9.7,11.6,7.8,8.72
Sapporo,2023-11-08,sunny,10.0,15.8,7.5,0.0
Sapporo,2023-11-09,rainy,12.2,13.1,10.8,17.58
Sapporo,2023-11-10,rainy,12.8,15.2,12.3,16.0
Sapporo,2023-11-11,sunny,12.0,18.2,10.8,0.0
Sapporo,2023-11-12,sunny,12.2,18.8,8.2,0.0
Sapporo,2023-11-13,sunny,10.9,15.1,9.0,0.0
Sapporo,2023-11-14,sunny,10.0,12.2,7.2,0.0
Sapporo,2023-11-15,sunny,9.8,14.6,5.7,0.0
Sapporo,2023-11-16,sunny,8.3,14.0,3.9,0.0
Sapporo,2023-11-17,sunny,10.8,16.4,6.3,0.0
Sapporo,2023-11-18,sunny,10.2,16.2,7.7,0.0
Sapporo,2023-11-19,sunny,8.1,11.7,4.7,0.0
Sapporo,2023-11-20,sunny,9.7,14.1,8.0,0.0
Sapporo,2023-11-21,sunny,10.0,15.2,5.7,0.0
Sapporo,2023-11-22,cloudy,9.8,13.5,5.6,0.0
Sapporo,2023-11-23,sunny,8.7,13.7,7.2,0.0
Sapporo,2023-11-24,rainy,6.2,6.5,4.8,21.36
Sapporo,2023-11-25,rainy,6.7,7.9,5.4,23.99
Sapporo,2023-11-26,rainy,5.9,7.0,3.9,7.0
Sapporo,2023-11-27,rainy,7.2,7.3,6.1,17.93
Sapporo,2023-11-28,sunny,7.8,12.3,5.6,0.0
Sapporo,2023-11-29,sunny,5.7,12.0,2.3,0.0
Sapporo,2023-11-30,cloudy,4.3,6.8,1.4,0.0
Sapporo,2023-12-01,sunny,5.1,10.4,2.0,0.0
Sapporo,2023-12-02,rainy,5.4,6.7,4.8,3.65
Sapporo,2023-12-03,rainy,5.4,6.3,3.9,10.4
Sapporo,2023-12-04,rainy,4.3,5.6,3.3,8.99
Sapporo,2023-12-05,sunny,5.7,10.8,1.6,0.0
Sapporo,2023-12-06,sunny,5.5,12.2,1.8,0.0
Sapporo,2023-12-07,sunny,4.8,9.2,1.5,0.0
Sapporo,2023-12-08,sunny,6.1,9.9,3.5,0.0
Sapporo,2023-12-09,rainy,3.3,3.6,3.1,24.52
Sapporo,2023-12-10,rainy,2.8,4.1,1.5,18.49
Sapporo,2023-12-11,rainy,2.3,3.9,1.0,13.66
Sapporo,2023-12-12,sunny,4.2,8.9,-0.6,0.0
Sapporo,2023-12-13,sunny,2.5,7.3,-0.5,0.0
Sapporo,2023-12-14,rainy,2.0,2.0,1.6,11.94
Sapporo,2023-12-15,snowy,-0.3,1.4,-0.9,10.59
Sapporo,2023-12-16,rainy,1.9,3.1,1.6,19.58
Sapporo,2023-12-17,rainy,0.7,1.4,-1.6,27.02
Sapporo,2023-12-18,rainy,3.1,5.4,3.1,15.52
Sapporo,2023-12-19,cloudy,3.8,4.3,2.2,0.0
Sapporo,2023-12-20,sunny,3.4,7.1,1.7,0.0
Sapporo,2023-12-21,cloudy,2.1,4.9,1.8,0.0
Sapporo,2023-12-22,cloudy,2.1,3.5,1.1,0.0
Sapporo,2023-12-23,cloudy,2.3,3.5,-0.3,0.0
Sapporo,2023-12-24,sunny,3.4,7.1,1.2,0.0
Sapporo,2023-12-25,rainy,1.8,3.8,1.7,40.2
Sapporo,2023-12-26,rainy,0.1,0.1,-0.5,13.04
Sapporo,2023-12-27,rainy,0.8,2.4,-1.5,10.62
Sapporo,2023-12-28,snowy,-3.5,-3.3,-5.1,8.08
Sapporo,2023-12-29,sunny,-1.0,3.7,-4.2,0.0
Sapporo,2023-12-30,sunny,-0.5,5.4,-3.2,0.0
Sapporo,2023-12-31,cloudy,-0.1,1.9,-0.9,0.0
Sapporo,2024-01-01,sunny,1.1,5.4,-0.8,0.0
Sapporo,2024-01-02,sunny,0.5,6.1,-2.0,0.0
Sapporo,2024-01-03,sunny,0.2,6.2,-2.8,0.0
Sapporo,2024-01-04,sunny,0.4,4.8,-3.9,0.0
Sapporo,2024-01-05,snowy,-0.1,1.1,-1.1,16.7
Sapporo,2024-01-06,snowy,-1.4,-0.6,-3.6,19.06
Sapporo,2024-01-07,sunny,-0.3,5.1,-4.5,0.0
Sapporo,2024-01-08,sunny,-1.3,3.6,-3.1,0.0
Sapporo,2024-01-09,snowy,-1.5,-0.2,-1.5,19.0
Sapporo,2024-01-10,sunny,0.1,4.7,-2.1,0.0
Sapporo,2024-01-11,sunny,0.0,5.1,-2.5,0.0
Sapporo,2024-01-12,sunny,0.6,5.6,-2.1,0.0
Sapporo,2024-01-13,snowy,-1.7,-0.2,-2.3,12.6
Sapporo,2024-01-14,snowy,-1.3,-0.8,-2.4,13.38
Sapporo,2024-01-15,snowy,-4.4,-3.4,-6.4,14.12
Sapporo,2024-01-16,snowy,-3.7,-2.6,-5.1,24.59
Sapporo,2024-01-17,snowy,-1.7,-1.2,-2.4,15.51
Sapporo,2024-01-18,sunny,-1.2,3.9,-2.0,0.0
Sapporo,2024-01-19,sunny,-2.4,3.7,-5.7,0.0
Sapporo,2024-01-20,sunny,-0.5,4.2,-2.5,0.0
Sapporo,2024-01-21,sunny,-1.0,3.7,-5.7,0.0
Sapporo,2024-01-22,sunny,-1.1,3.6,-3.1,0.0
Sapporo,2024-01-23,sunny,-1.1,4.6,-5.2,0.0
Sapporo,2024-01-24,sunny,-2.2,1.1,-4.3,0.0
Sapporo,2024-01-25,cloudy,-0.7,1.5,-2.7,0.0
Sapporo,2024-01-26,sunny,-1.1,4.4,-4.2,0.0
Sapporo,2024-01-27,sunny,-1.9,4.1,-3.6,0.0
Sapporo,2024-01-28,cloudy,-1.9,-0.6,-6.1,0.0
Sapporo,2024-01-29,sunny,-2.3,4.2,-5.9,0.0
Sapporo,2024-01-30,sunny,-0.4,4.3,-2.4,0.0
Sapporo,2024-01-31,cloudy,-2.4,-1.2,-4.1,0.0
Sapporo,2024-02-01,sunny,-2.8,1.6,-5.2,0.0
Sapporo,2024-02-02,sunny,-1.0,1.7,-5.6,0.0
Sapporo,2024-02-03,sunny,-1.1,4.6,-3.4,0.0
Sapporo,2024-02-04,snowy,-0.9,-0.5,-2.7,23.21
Sapporo,2024-02-05,snowy,-3.9,-2.9,-4.5,30.59
Sapporo,2024-02-06,snowy,-0.6,1.3,-1.4,8.04
Sapporo,2024-02-07,snowy,-4.7,-3.2,-7.4,19.51
Sapporo,2024-02-08,snowy,-3.0,-0.0,-3.6,17.03
Sapporo,2024-02-09,snowy,-3.8,-2.4,-5.6,51.02
Sapporo,2024-02-10,sunny,-1.9,4.3,-5.9,0.0
Sapporo,2024-02-11,cloudy,-2.1,-0.7,-4.6,0.0
Sapporo,2024-02-12,snowy,-4.2,-3.7,-6.2,25.61
Sapporo,2024-02-13,sunny,-1.5,3.0,-4.1,0.0
Sapporo,2024-02-14,rainy,0.4,1.7,0.1,19.33
Sapporo,2024-02-15,snowy,-1.4,1.5,-2.4,6.23
Sapporo,2024-02-16,snowy,-1.1,-0.7,-2.7,30.51
Sapporo,2024-02-17,snowy,-2.4,-1.7,-2.5,21.85
Sapporo,2024-02-18,snowy,-6.6,-6.6,-7.7,11.47
Sapporo,2024-02-19,sunny,-2.1,3.4,-5.5,0.0
Sapporo,2024-02-20,cloudy,-1.3,1.3,-2.0,0.0
Sapporo,2024-02-21,rainy,0.5,1.9,-1.8,13.65
Sapporo,2024-02-22,snowy,-2.9,-0.4,-4.4,31.24
Sapporo,2024-02-23,cloudy,-0.7,1.8,-2.7,0.0
Sapporo,2024-02-24,cloudy,0.5,1.6,-0.6,0.0
Sapporo,2024-02-25,snowy,-2.6,-2.5,-4.4,9.87
Sapporo,2024-02-26,snowy,-1.5,0.4,-1.7,28.54
Sapporo,2024-02-27,sunny,-1.6,3.5,-6.0,0.0
Sapporo,2024-02-28,cloudy,-1.9,-1.2,-5.1,0.0
Sapporo,2024-02-29,snowy,-2.8,-1.8,-2.9,28.41
Sapporo,2024-03-01,snowy,-0.2,1.1,-1.1,28.24
Sapporo,2024-03-02,sunny,-1.3,3.5,-4.0,0.0
Sapporo,2024-03-03,snowy,-1.9,-0.5,-2.0,19.6
Sapporo,2024-03-04,rainy,0.3,1.0,0.1,16.12
Sapporo,2024-03-05,snowy,-1.8,-1.1,-3.8,25.09
Sapporo,2024-03-06,snowy,-1.2,-0.9,-3.8,16.88
Sapporo,2024-03-07,snowy,-2.9,-2.8,-4.0,23.04
Sapporo,2024-03-08,sunny,-0.5,5.2,-5.0,0.0
Sapporo,2024-03-09,sunny,-0.8,5.6,-3.9,0.0
Sapporo,2024-03-10,cloudy,-0.2,1.3,-1.9,0.0
Sapporo,2024-03-11,sunny,0.0,4.7,-4.1,0.0
Sapporo,2024-03-12,sunny,-0.8,4.0,-4.0,0.0
Sapporo,2024-03-13,sunny,0.2,6.2,-3.1,0.0
Sapporo,2024-03-14,cloudy,-0.9,0.9,-5.3,0.0
Sapporo,2024-03-15,sunny,2.1,6.6,-0.1,0.0
Sapporo,2024-03-16,sunny,0.1,5.7,-2.2,0.0
Sapporo,2024-03-17,sunny,-0.3,5.4,-1.3,0.0
Sapporo,2024-03-18,sunny,1.0,5.7,-2.1,0.0
Sapporo,2024-03-19,cloudy,1.8,5.2,0.6,0.0
Sapporo,2024-03-20,sunny,2.2,7.1,-2.5,0.0
Sapporo,2024-03-21,sunny,1.2,7.1,-1.9,0.0
Sapporo,2024-03-22,sunny,0.5,6.3,-2.9,0.0
Sapporo,2024-03-23,cloudy,3.8,5.4,1.0,0.0
Sapporo,2024-03-24,sunny,2.5,8.2,-1.5,0.0
Sapporo,2024-03-25,sunny,4.5,10.4,2.0,0.0
Sapporo,2024-03-26,sunny,2.4,8.3,-1.5,0.0
Sapporo,2024-03-27,sunny,4.1,9.4,-0.7,0.0
Sapporo,2024-03-28,cloudy,4.1,4.8,1.1,0.0
Sapporo,2024-03-29,sunny,3.4,9.6,-1.0,0.0
Sapporo,2024-03-30,sunny,4.1,9.2,-0.7,0.0
Sapporo,2024-03-31,sunny,2.6,7.2,1.4,0.0
Sapporo,2024-04-01,sunny,3.8,9.1,0.2,0.0
Sapporo,2024-04-02,rainy,3.6,4.5,2.8,30.15
Sapporo,2024-04-03,sunny,5.2,9.7,1.3,0.0
Sapporo,2024-04-04,sunny,4.6,8.7,3.1,0.0
Sapporo,2024-04-05,sunny,5.5,9.6,2.3,0.0
Sapporo,2024-04-06,rainy,2.2,2.5,-0.2,21.95
Sapporo,2024-04-07,sunny,3.2,9.6,0.6,0.0
Sapporo,2024-04-08,rainy,4.3,7.5,3.0,13.35
Sapporo,2024-04-09,cloudy,5.5,8.1,4.6,0.0
Sapporo,2024-04-10,sunny,6.8,11.4,5.4,0.0
Sapporo,2024-04-11,sunny,6.1,9.5,2.7,0.0
Sapporo,2024-04-12,sunny,5.6,10.6,2.6,0.0
Sapporo,2024-04-13,rainy,6.9,8.2,3.9,25.73
Sapporo,2024-04-14,rainy,7.9,8.0,5.9,11.67
Sapporo,2024-04-15,sunny,6.1,11.5,1.5,0.0
Sapporo,2024-04-16,sunny,7.2,12.5,2.2,0.0
Sapporo,2024-04-17,sunny,8.5,13.9,6.5,0.0
Sapporo,2024-04-18,cloudy,8.5,11.6,6.8,0.0
Sapporo,2024-04-19,sunny,7.6,11.5,3.0,0.0
Sapporo,2024-04-20,sunny,7.6,12.8,3.6,0.0
Sapporo,2024-04-21,sunny,8.0,12.9,6.5,0.0
Sapporo,2024-04-22,sunny,9.7,16.4,7.2,0.0
Sapporo,2024-04-23,cloudy,9.2,11.2,8.3,0.0
Sapporo,2024-04-24,rainy,7.3,9.6,6.6,31.52
Sapporo,2024-04-25,rainy,8.5,8.8,7.6,19.47
Sapporo,2024-04-26,rainy,7.2,8.3,7.0,19.76
Sapporo,2024-04-27,sunny,10.1,15.0,6.0,0.0
Sapporo,2024-04-28,sunny,10.1,15.6,6.8,0.0
Sapporo,2024-04-29,sunny,10.6,15.9,6.5,0.0
Sapporo,2024-04-30,sunny,10.9,17.6,8.6,0.0
Sapporo,2024-05-01,rainy,10.5,10.5,9.5,4.79
Sapporo,2024-05-02,sunny,11.0,17.0,6.4,0.0
Sapporo,2024-05-03,rainy,8.3,9.8,6.7,5.91
Sapporo,2024-05-04,rainy,10.4,11.6,10.0,14.46
Sapporo,2024-05-05,rainy,8.9,9.7,7.8,13.35
Sapporo,2024-05-06,sunny,10.6,17.9,6.9,0.0
Sapporo,2024-05-07,rainy,11.1,12.0,10.7,8.8
Sapporo,2024-05-08,sunny,11.3,16.7,7.0,0.0
Sapporo,2024-05-09,sunny,12.3,16.4,8.6,0.0
Sapporo,2024-05-10,sunny,13.3,18.6,11.3,0.0
Sapporo,2024-05-11,rainy,13.3,14.3,12.7,17.91
Sapporo,2024-05-12,cloudy,13.5,15.5,11.7,0.0
Sapporo,2024-05-13,sunny,13.4,19.0,9.7,0.0
Sapporo,2024-05-14,rainy,13.7,14.5,11.0,25.8
Sapporo,2024-05-15,rainy,10.8,14.8,9.8,29.91
Sapporo,2024-05-16,sunny,13.7,18.0,10.9,0.0
Sapporo,2024-05-17,cloudy,13.5,14.1,11.7,0.0
Sapporo,2024-05-18,sunny,13.0,17.6,11.3,0.0
Sapporo,2024-05-19,rainy,14.6,16.4,12.7,13.44
Sapporo,2024-05-20,sunny,14.2,18.5,12.0,0.0
Sapporo,2024-05-21,sunny,15.7,21.7,14.8,0.0
Sapporo,2024-05-22,rainy,12.4,14.6,11.4,31.21
Sapporo,2024-05-23,rainy,15.6,16.2,14.3,29.06
Sapporo,2024-05-24,sunny,15.5,22.1,12.8,0.0
Sapporo,2024-05-25,sunny,17.2,24.0,11.5,0.0
Sapporo,2024-05-26,sunny,15.9,19.0,13.2,0.0
Sapporo,2024-05-27,sunny,17.2,21.8,15.4,0.0
Sapporo,2024-05-28,sunny,17.3,21.2,14.3,0.0
Sapporo,2024-05-29,sunny,17.5,23.8,13.8,0.0
Sapporo,2024-05-30,sunny,18.7,22.8,15.6,0.0
Sapporo,2024-05-31,sunny,18.8,23.5,15.2,0.0
Sapporo,2024-06-01,sunny,18.7,23.5,15.6,0.0
Sapporo,2024-06-02,sunny,18.4,24.9,15.1,0.0
Sapporo,2024-06-03,sunny,16.6,21.1,13.9,0.0
Sapporo,2024-06-04,sunny,18.6,24.1,15.1,0.0
Sapporo,2024-06-05,sunny,18.8,23.1,15.7,0.0
Sapporo,2024-06-06,sunny,18.5,23.0,15.5,0.0
Sapporo,2024-06-07,sunny,20.1,26.5,17.2,0.0
Sapporo,2024-06-08,sunny,19.6,23.1,16.1,0.0
Sapporo,2024-06-09,sunny,21.3,25.8,20.1,0.0
Sapporo,2024-06-10,sunny,19.3,22.7,16.0,0.0
Sapporo,2024-06-11,rainy,20.0,20.5,19.8,32.59
Sapporo,2024-06-12,sunny,19.5,25.6,17.1,0.0
Sapporo,2024-06-13,sunny,19.0,24.0,15.4,0.0
Sapporo,2024-06-14,sunny,21.3,26.9,17.0,0.0
Sapporo,2024-06-15,sunny,21.1,25.4,15.3,0.0
Sapporo,2024-06-16,sunny,20.3,26.8,18.3,0.0
Sapporo,2024-06-17,sunny,19.4,23.5,15.9,0.0
Sapporo,2024-06-18,sunny,20.7,27.4,17.7,0.0
Sapporo,2024-06-19,sunny,22.5,26.9,20.9,0.0
Sapporo,2024-06-20,sunny,23.7,29.0,19.3,0.0
Sapporo,2024-06-21,sunny,22.6,30.0,20.2,0.0
Sapporo,2024-06-22,sunny,22.2,27.3,19.0,0.0
Sapporo,2024-06-23,sunny,23.7,28.2,20.9,0.0
Sapporo,2024-06-24,sunny,23.1,28.6,19.6,0.0
Sapporo,2024-06-25,sunny,23.0,28.6,20.4,0.0
Sapporo,2024-06-26,sunny,22.7,27.5,17.5,0.0
Sapporo,2024-06-27,sunny,24.0,30.6,20.3,0.0
Sapporo,2024-06-28,sunny,22.9,27.3,20.6,0.0
Sapporo,2024-06-29,sunny,23.5,26.9,21.1,0.0
Sapporo,2024-06-30,sunny,22.1,27.9,18.1,0.0
Sapporo,2024-07-01,sunny,23.0,27.7,21.2,0.0
Sapporo,2024-07-02,sunny,22.9,28.3,20.1,0.0
Sapporo,2024-07-03,sunny,24.4,27.6,23.4,0.0
Sapporo,2024-07-04,sunny,23.7,28.8,22.2,0.0
Sapporo,2024-07-05,sunny,23.8,29.3,20.5,0.0
Sapporo,2024-07-06,cloudy,24.3,26.7,20.1,0.0
Sapporo,2024-07-07,sunny,24.1,28.0,23.0,0.0
Sapporo,2024-07-08,sunny,24.2,29.7,19.8,0.0
Sapporo,2024-07-09,sunny,25.0,30.0,21.9,0.0
Sapporo,2024-07-10,sunny,26.3,32.1,23.1,0.0
Sapporo,2024-07-11,sunny,24.8,29.2,21.0,0.0
Sapporo,2024-07-12,sunny,24.9,29.6,21.3,0.0
Sapporo,2024-07-13,rainy,24.6,24.8,23.0,18.4
Sapporo,2024-07-14,rainy,24.4,25.4,22.6,22.39
Sapporo,2024-07-15,sunny,24.3,27.4,21.4,0.0
Sapporo,2024-07-16,sunny,26.1,31.8,23.7,0.0
Sapporo,2024-07-17,sunny,25.6,28.8,22.6,0.0
Sapporo,2024-07-18,sunny,24.9,30.4,21.5,0.0
Sapporo,2024-07-19,sunny,26.2,32.0,24.7,0.0
Sapporo,2024-07-20,rainy,25.5,26.0,24.7,29.54
Sapporo,2024-07-21,sunny,25.6,31.0,21.5,0.0
Sapporo,2024-07-22,cloudy,26.0,28.7,23.4,0.0
Sapporo,2024-07-23,sunny,25.5,29.3,23.7,0.0
Sapporo,2024-07-24,sunny,26.1,31.3,24.2,0.0
Sapporo,2024-07-25,sunny,24.8,29.6,21.9,0.0
Sapporo,2024-07-26,sunny,25.7,31.0,24.7,0.0
Sapporo,2024-07-27,cloudy,26.8,27.4,24.9,0.0
Sapporo,2024-07-28,sunny,26.2,31.8,24.0,0.0
Sapporo,2024-07-29,sunny,25.8,31.6,21.7,0.0
Sapporo,2024-07-30,sunny,24.9,29.7,20.8,0.0
Sapporo,2024-07-31,sunny,25.7,30.6,23.1,0.0
Sapporo,2024-08-01,sunny,25.5,30.7,21.9,0.0
Sapporo,2024-08-02,sunny,24.9,28.3,19.8,0.0
Sapporo,2024-08-03,sunny,25.5,30.7,24.4,0.0
Sapporo,2024-08-04,sunny,26.3,30.7,22.2,0.0
Sapporo,2024-08-05,cloudy,23.7,26.1,22.0,0.0
Sapporo,2024-08-06,sunny,24.2,29.2,20.5,0.0
Sapporo,2024-08-07,sunny,26.3,31.5,24.0,0.0
Sapporo,2024-08-08,rainy,26.0,27.4,25.5,18.81
Sapporo,2024-08-09,sunny,25.3,29.8,22.9,0.0
Sapporo,2024-08-10,sunny,26.3,30.7,23.0,0.0
Sapporo,2024-08-11,sunny,27.1,31.1,23.8,0.0
Sapporo,2024-08-12,sunny,25.4,31.9,23.3,0.0
Sapporo,2024-08-13,cloudy,25.7,26.3,24.2,0.0
Sapporo,2024-08-14,sunny,25.6,29.5,22.3,0.0
Sapporo,2024-08-15,sunny,25.0,29.9,20.5,0.0
Sapporo,2024-08-16,sunny,25.2,32.0,23.5,0.0
Sapporo,2024-08-17,sunny,25.4,30.0,20.9,0.0
Sapporo,2024-08-18,sunny,26.7,30.6,23.7,0.0
Sapporo,2024-08-19,sunny,26.5,31.6,23.2,0.0
Sapporo,2024-08-20,sunny,23.9,29.4,18.4,0.0
Sapporo,2024-08-21,sunny,26.5,29.1,23.6,0.0
Sapporo,2024-08-22,sunny,27.6,30.3,22.2,0.0
Sapporo,2024-08-23,sunny,25.7,31.2,23.3,0.0
Sapporo,2024-08-24,rainy,21.7,22.0,20.0,36.24
Sapporo,2024-08-25,rainy,22.7,24.0,21.8,45.96
Sapporo,2024-08-26,rainy,23.1,23.8,21.3,27.6
Sapporo,2024-08-27,rainy,24.6,24.9,23.7,22.14
Sapporo,2024-08-28,rainy,26.1,28.9,25.1,23.41
Sapporo,2024-08-29,sunny,24.8,30.6,21.0,0.0
Sapporo,2024-08-30,sunny,23.9,29.7,20.7,0.0
Sapporo,2024-08-31,sunny,25.1,31.2,22.9,0.0
Sapporo,2024-09-01,sunny,25.5,30.5,23.2,0.0
Sapporo,2024-09-02,rainy,24.3,25.0,24.0,11.15
Sapporo,2024-09-03,sunny,23.4,28.7,19.4,0.0
Sapporo,2024-09-04,sunny,24.3,30.6,20.7,0.0
Sapporo,2024-09-05,sunny,24.0,28.3,20.2,0.0
Sapporo,2024-09-06,cloudy,26.2,29.3,24.3,0.0
Sapporo,2024-09-07,sunny,23.7,28.4,20.8,0.0
Sapporo,2024-09-08,sunny,21.9,25.8,18.7,0.0
Sapporo,2024-09-09,cloudy,24.1,26.6,21.0,0.0
Sapporo,2024-09-10,cloudy,23.5,25.9,21.5,0.0
Sapporo,2024-09-11,sunny,23.9,28.0,21.1,0.0
Sapporo,2024-09-12,sunny,22.7,29.0,19.4,0.0
Sapporo,2024-09-13,sunny,22.8,26.3,18.7,0.0
Sapporo,2024-09-14,sunny,24.2,28.9,21.8,0.0
Sapporo,2024-09-15,cloudy,22.4,23.6,20.7,0.0
Sapporo,2024-09-16,sunny,23.0,27.2,19.1,0.0
Sapporo,2024-09-17,rainy,21.8,22.8,20.0,10.84
Sapporo,2024-09-18,sunny,22.5,27.3,19.8,0.0
Sapporo,2024-09-19,sunny,23.8,27.9,19.1,0.0
Sapporo,2024-09-20,cloudy,24.4,28.5,21.6,0.0
Sapporo,2024-09-21,sunny,22.2,26.1,18.3,0.0
Sapporo,2024-09-22,sunny,20.6,24.5,17.4,0.0
Sapporo,2024-09-23,sunny,21.5,28.0,17.8,0.0
Sapporo,2024-09-24,sunny,18.6,24.7,15.3,0.0
Sapporo,2024-09-25,sunny,20.1,26.5,15.5,0.0
Sapporo,2024-09-26,sunny,19.7,23.4,16.1,0.0
Sapporo,2024-09-27,sunny,19.8,24.4,16.4,0.0
Sapporo,2024-09-28,sunny,20.8,24.6,17.9,0.0
Sapporo,2024-09-29,sunny,20.6,24.6,17.0,0.0
Sapporo,2024-09-30,sunny,20.7,25.4,18.2,0.0
Sapporo,2024-10-01,sunny,20.4,26.7,19.0,0.0
Sapporo,2024-10-02,sunny,21.7,25.5,19.1,0.0
Sapporo,2024-10-03,sunny,20.2,25.9,15.8,0.0
Sapporo,2024-10-04,rainy,20.4,21.5,19.1,19.55
Sapporo,2024-10-05,sunny,19.0,22.6,17.1,0.0
Sapporo,2024-10-06,sunny,20.0,24.2,18.3,0.0
Sapporo,2024-10-07,sunny,19.6,25.6,17.6,0.0
Sapporo,2024-10-08,sunny,19.5,23.4,15.5,0.0
Sapporo,2024-10-09,sunny,17.4,21.6,14.9,0.0
Sapporo,2024-10-10,sunny,18.4,20.9,15.5,0.0
Sapporo,2024-10-11,sunny,17.7,22.5,13.3,0.0
Sapporo,2024-10-12,sunny,18.7,23.8,15.9,0.0
Sapporo,2024-10-13,rainy,14.8,15.0,11.7,11.24
Sapporo,2024-10-14,rainy,16.8,17.3,15.5,16.05
Sapporo,2024-10-15,sunny,16.1,21.5,14.7,0.0
Sapporo,2024-10-16,sunny,17.9,22.9,15.3,0.0
Sapporo,2024-10-17,sunny,16.0,20.5,13.9,0.0
Sapporo,2024-10-18,sunny,16.1,21.1,14.8,0.0
Sapporo,2024-10-19,sunny,15.6,19.2,12.7,0.0
Sapporo,2024-10-20,sunny,16.0,21.2,11.7,0.0
Sapporo,2024-10-21,sunny,16.3,21.2,11.8,0.0
Sapporo,2024-10-22,rainy,16.8,17.8,16.0,26.52
Sapporo,2024-10-23,cloudy,16.3,16.7,14.0,0.0
Sapporo,2024-10-24,sunny,14.8,20.5,9.7,0.0
Sapporo,2024-10-25,sunny,14.7,21.7,13.2,0.0
Sapporo,2024-10-26,sunny,14.1,18.9,11.4,0.0
Sapporo,2024-10-27,sunny,14.9,20.3,11.1,0.0
Sapporo,2024-10-28,sunny,13.8,19.8,10.9,0.0
Sapporo,2024-10-29,sunny,12.5,16.2,9.5,0.0
Sapporo,2024-10-30,sunny,12.6,17.9,9.2,0.0
Sapporo,2024-10-31,sunny,14.6,21.4,12.1,0.0
Sapporo,2024-11-01,sunny,14.7,20.5,13.7,0.0
Sapporo,2024-11-02,rainy,9.6,10.3,8.8,38.8
Sapporo,2024-11-03,rainy,11.2,12.9,10.4,14.08
Sapporo,2024-11-04,cloudy,13.6,14.5,13.5,0.0
Sapporo,2024-11-05,sunny,12.0,17.7,8.9,0.0
Sapporo,2024-11-06,sunny,11.1,17.2,8.3,0.0
Sapporo,2024-11-07,sunny,10.7,15.7,9.3,0.0
Sapporo,2024-11-08,sunny,9.4,14.0,5.8,0.0
Sapporo,2024-11-09,cloudy,10.5,12.0,9.7,0.0
Sapporo,2024-11-10,sunny,10.6,16.2,9.2,0.0
Sapporo,2024-11-11,cloudy,10.0,10.4,9.0,0.0
Sapporo,2024-11-12,sunny,8.3,14.2,7.4,0.0
Sapporo,2024-11-13,sunny,9.3,16.5,5.2,0.0
Sapporo,2024-11-14,sunny,9.8,14.8,7.8,0.0
Sapporo,2024-11-15,rainy,8.6,9.4,8.2,19.56
Sapporo,2024-11-16,rainy,10.8,12.2,10.7,45.81
Sapporo,2024-11-17,rainy,8.4,10.3,7.5,19.57
Sapporo,2024-11-18,rainy,5.7,7.0,5.3,32.75
Sapporo,2024-11-19,rainy,6.8,7.2,5.8,9.53
Sapporo,2024-11-20,rainy,6.5,6.9,5.9,29.54
Sapporo,2024-11-21,rainy,6.4,6.5,5.1,46.92
Sapporo,2024-11-22,sunny,8.7,12.9,6.8,0.0
Sapporo,2024-11-23,sunny,8.6,14.0,5.7,0.0
Sapporo,2024-11-24,sunny,7.9,11.5,5.2,0.0
Sapporo,2024-11-25,sunny,5.8,11.2,2.7,0.0
Sapporo,2024-11-26,rainy,6.6,6.6,3.8,25.47
Sapporo,2024-11-27,sunny,6.6,14.2,3.1,0.0
Sapporo,2024-11-28,sunny,6.5,12.6,3.1,0.0
Sapporo,2024-11-29,cloudy,6.8,9.2,5.1,0.0
Sapporo,2024-11-30,sunny,4.6,8.6,3.4,0.0
Sapporo,2024-12-01,cloudy,6.6,7.7,4.8,0.0
Sapporo,2024-12-02,cloudy,6.1,8.7,3.2,0.0
Sapporo,2024-12-03,sunny,7.2,11.4,4.3,0.0
Sapporo,2024-12-04,rainy,1.8,3.9,1.3,21.84
Sapporo,2024-12-05,sunny,3.0,8.4,-1.1,0.0
Sapporo,2024-12-06,sunny,3.5,9.1,-1.2,0.0
Sapporo,2024-12-07,sunny,4.4,6.7,1.7,0.0
Sapporo,2024-12-08,sunny,4.1,9.5,-1.1,0.0
Sapporo,2024-12-09,sunny,3.7,8.3,1.6,0.0
Sapporo,2024-12-10,sunny,3.3,10.1,0.2,0.0
Sapporo,2024-12-11,sunny,5.2,9.6,2.5,0.0
Sapporo,2024-12-12,sunny,2.3,7.9,-0.7,0.0
Sapporo,2024-12-13,rainy,1.7,2.8,1.4,28.3
Sapporo,2024-12-14,rainy,0.7,2.2,-0.3,6.2
Sapporo,2024-12-15,sunny,0.9,5.4,-1.9,0.0
Sapporo,2024-12-16,sunny,3.9,8.5,-0.3,0.0
Sapporo,2024-12-17,sunny,3.6,9.6,0.9,0.0
Sapporo,2024-12-18,sunny,5.7,10.8,2.1,0.0
Sapporo,2024-12-19,sunny,2.3,8.3,-1.2,0.0
Sapporo,2024-12-20,sunny,3.1,8.3,1.3,0.0
Sapporo,2024-12-21,sunny,2.2,7.5,-2.4,0.0
Sapporo,2024-12-22,rainy,2.0,3.5,-1.1,12.24
Sapporo,2024-12-23,rainy,1.2,1.9,0.2,21.54
Sapporo,2024-12-24,rainy,1.7,2.2,0.2,12.11
Sapporo,2024-12-25,sunny,2.0,7.3,-0.6,0.0
Sapporo,2024-12-26,sunny,0.7,3.9,-1.6,0.0
Sapporo,2024-12-27,rainy,-0.0,1.4,-1.7,11.82
Sapporo,2024-12-28,sunny,1.5,6.2,-0.1,0.0
Sapporo,2024-12-29,cloudy,0.3,2.0,-0.8,0.0
Sapporo,2024-12-30,snowy,-1.6,-0.2,-3.2,14.62
Sapporo,2024-12-31,sunny,-0.5,5.2,-2.5,0.0
